part,inst,n,gamma,p_opt_a1,ties,power1,power2,power_diff,power_diff_se,reach1,reach2
B,0,20,0.1,0.49125,0,0.7440805848860415,0.7459132547188174,-0.0018326698327759386,0.0038934985614403695,16,16
B,0,20,0.5,0.49675,0,0.7380485060657502,0.742960896158113,-0.004912390092362811,0.002475854642430477,16,16
B,0,20,0.9,0.533,0,0.7678831327163327,0.7697677300797151,-0.0018845973633823333,0.0006602256774124672,16,16
B,0,20,0.99,0.543,0,0.7828481245114893,0.7830321589088753,-0.0001840343973859102,7.028210016401761e-05,16,16
B,0,20,0.999,0.54375,0,0.7845181743350041,0.7845365842711318,-1.8409936127639635e-05,7.072758579504948e-06,16,16
B,1,20,0.1,0.5055,0,0.6690276005410788,0.663700989483298,0.005326611057780621,0.004990719561742232,15,15
B,1,20,0.5,0.53175,0,0.6901757897065818,0.6650246987750498,0.025151090931532068,0.003779165437265335,15,15
B,1,20,0.9,0.57725,0,0.7375632375669938,0.7118780294171557,0.025685208149838042,0.0015260429202335218,15,15
B,1,20,0.99,0.58475,0,0.7588250105219849,0.7547876296390262,0.004037380882958716,0.00019539316780759622,15,15
B,1,20,0.999,0.58575,0,0.7613258270682804,0.7609051162250564,0.0004207108432239199,1.9990612588547248e-05,15,15
B,2,20,0.1,0.48625,0,0.7355186258519862,0.7375821091058379,-0.002063483253851623,0.0026591633088884382,14,14
B,2,20,0.5,0.479,0,0.7014372859965676,0.6893610123269021,0.012076273669665672,0.0019176909503518479,14,14
B,2,20,0.9,0.4795,0,0.6983032289944376,0.6836630237019983,0.014640205292439255,0.0007503332769869292,14,14
B,2,20,0.99,0.47825,0,0.7008235318323214,0.6987986908716184,0.002024840960703047,9.051699717951093e-05,14,14
B,2,20,0.999,0.477,0,0.7011335671509078,0.7009252357340474,0.000208331416860341,9.211105955437607e-06,14,14
B,3,20,0.1,0.49025,0,0.5217471926772457,0.5217492672044489,-2.074527203338117e-06,0.005844109993743343,19,19
B,3,20,0.5,0.491,0,0.6129328482204042,0.6234118660447694,-0.010479017824365272,0.003433415307788775,19,19
B,3,20,0.9,0.466,0,0.7300796331290681,0.7370483640306973,-0.006968730901629144,0.0008529845544092678,19,19
B,3,20,0.99,0.45975,0,0.7666636160147177,0.7674937005219166,-0.0008300845071988603,9.229994279399656e-05,19,19
B,3,20,0.999,0.45825,0,0.7706214059557647,0.7707056789720715,-8.42730163069209e-05,9.317599245729966e-06,19,19
B,4,20,0.1,0.46725,0,0.5249731711701361,0.7417406035368506,-0.21676743236671442,0.004916161375503723,14,14
B,4,20,0.5,0.3905,0,0.6115018554706184,0.7123220903365809,-0.10082023486596237,0.002609786930152628,14,14
B,4,20,0.9,0.34375,0,0.6978605945264938,0.7172604308323285,-0.01939983630583469,0.0005259849763288211,14,14
B,4,20,0.99,0.33525,0,0.7208207837502377,0.7228021859282301,-0.0019814021779922548,5.35802314726273e-05,14,14
B,4,20,0.999,0.33625,0,0.7232241679509409,0.7234228193247487,-0.0001986513738079322,5.369520469340485e-06,14,14
B,5,20,0.1,0.52525,0,0.7385470061442384,0.5000200838925865,0.23852692225165198,0.00498584126117497,18,18
B,5,20,0.5,0.63725,0,0.6935623149448559,0.5412654925038591,0.15229682244099677,0.003159196506854048,18,18
B,5,20,0.9,0.7135,0,0.6738743532269182,0.6363455334726368,0.037528819754281406,0.0008260799374224621,18,18
B,5,20,0.99,0.7235,0,0.6734738195006064,0.6694394691853868,0.00403435031521967,8.867131677630593e-05,18,18
B,5,20,0.999,0.724,0,0.6734989257033951,0.6730924805871252,0.00040644511626997836,8.931387955038735e-06,18,18
B,6,20,0.1,0.498,0,0.5198872189282276,0.504320621345719,0.01556659758250872,0.0057587057104833165,16,16
B,6,20,0.5,0.5095,0,0.5813472277709208,0.5576539047178937,0.023693323053027297,0.0035207779728473353,16,16
B,6,20,0.9,0.4015,0,0.685783310744435,0.6937611084850409,-0.007977797740606096,0.0009657405554292139,16,16
B,6,20,0.99,0.342,0,0.7397383605240161,0.7413849132266078,-0.0016465527025917824,0.0001090895196406355,16,16
B,6,20,0.999,0.3355,0,0.7464258669827903,0.7466002696608213,-0.00017440267803086945,1.1051860970043841e-05,16,16
B,7,20,0.1,0.50375,0,0.4972946553448915,0.5227859979189862,-0.025491342574094567,0.005586870163381855,12,12
B,7,20,0.5,0.44725,0,0.5446396973717357,0.5948171107957014,-0.05017741342396582,0.0027099755144193217,12,12
B,7,20,0.9,0.32325,0,0.6783346482314125,0.6987649109295951,-0.020430262698182503,0.0005005026241991471,12,12
B,7,20,0.99,0.26375,0,0.739022255900919,0.7414925586479204,-0.0024703027470015103,5.056074619462428e-05,12,12
B,7,20,0.999,0.255,0,0.7461436585507037,0.7463955918586145,-0.00025193330791083873,5.069325684849589e-06,12,12
B,8,20,0.1,0.492,0,0.49709636157886644,0.6594481315085396,-0.16235176992967315,0.005455421795941939,18,18
B,8,20,0.5,0.3925,0,0.5405475534511585,0.6803550406022771,-0.13980748715111857,0.0037411769220133725,18,18
B,8,20,0.9,0.2695,0,0.6946772042335821,0.7499277093932073,-0.05525050515962535,0.001161913097976557,18,18
B,8,20,0.99,0.24425,0,0.7738923136605167,0.7805592936284741,-0.0066669799679573575,0.0001318135349604332,18,18
B,8,20,0.999,0.241,0,0.7834880566827689,0.7841673115839342,-0.0006792549011653321,1.3354438067734383e-05,18,18
B,9,20,0.1,0.49125,0,0.520833941203978,0.5237245536402748,-0.00289061243629677,0.005878229523372121,19,19
B,9,20,0.5,0.47425,0,0.595345140353838,0.6104514411422758,-0.015106300788437752,0.0036922289354194477,19,19
B,9,20,0.9,0.37875,0,0.7090786429316764,0.7204982125609568,-0.011419569629280328,0.0012481642962222995,19,19
B,9,20,0.99,0.35375,0,0.7600884131686969,0.7614339441151917,-0.0013455309464948655,0.00015067569071460735,19,19
B,9,20,0.999,0.35125,0,0.7660833437155162,0.7662198620305832,-0.0001365183150671153,1.5370862031658454e-05,19,19
B,10,20,0.1,0.515,0,0.6654391690981777,0.5212531925816138,0.1441859765165638,0.005252691799458111,15,15
B,10,20,0.5,0.5775,0,0.6797731601027098,0.5839341219562942,0.09583903814641558,0.003067133352480188,15,15
B,10,20,0.9,0.66525,0,0.7255908523478022,0.6915285254333834,0.034062326914418836,0.0008642116656299995,15,15
B,10,20,0.99,0.68475,0,0.7429351750453457,0.7387836932736934,0.004151481771652272,0.00010038224432059718,15,15
B,10,20,0.999,0.6885,0,0.7448404584100526,0.744416662015659,0.00042379639439362436,1.0198164390733402e-05,15,15
B,11,20,0.1,0.49475,0,0.6708808542666149,0.6706922645933037,0.00018858967331143516,0.004840598968945307,18,16
B,11,20,0.5,0.505,0,0.6889986579224963,0.6849309408811572,0.004067717041339014,0.003539019643849986,18,16
B,11,20,0.9,0.5185,0,0.7399696280306576,0.7325718267995385,0.007397801231119049,0.0015618829101731188,18,16
B,11,20,0.99,0.52675,0,0.7708709141460391,0.7539762090666878,0.016894705079351358,0.0009321146119348017,18,16
B,11,20,0.999,0.52725,0,0.7746107390888921,0.756455971347282,0.018154767741610137,0.0009034885612074794,18,16
B,12,20,0.1,0.4955,0,0.667469816411211,0.7346374923078954,-0.06716767589668447,0.004149880733136693,17,17
B,12,20,0.5,0.4925,0,0.6876305640247937,0.7104125983735354,-0.022782034348741768,0.002139045463675472,17,17
B,12,20,0.9,0.511,0,0.7573669246873186,0.7589868505027186,-0.001619925815399969,0.0004079940729161466,17,17
B,12,20,0.99,0.51425,0,0.7954581020205346,0.7955577228068237,-9.96207862890262e-05,4.134657544791438e-05,17,17
B,12,20,0.999,0.5155,0,0.800026097148592,0.8000357408884559,-9.643739863925915e-06,4.148902880765968e-06,17,17
B,13,20,0.1,0.49075,0,0.6700363502121242,0.7541086124394183,-0.08407226222729423,0.004442930199109117,17,17
B,13,20,0.5,0.4435,0,0.6989575152033681,0.7674607104275502,-0.06850319522418188,0.002958976207470602,17,17
B,13,20,0.9,0.3675,0,0.7708153882659566,0.7947446733648121,-0.02392928509885558,0.0008691663092151384,17,17
B,13,20,0.99,0.352,0,0.8019672096219254,0.8046902588946644,-0.0027230492727390336,9.586836932274758e-05,17,17
B,13,20,0.999,0.35,0,0.8055131388177769,0.8057891751873921,-0.00027603636961532376,9.679515949480241e-06,17,17
B,14,20,0.1,0.48,0,0.49686500253678084,0.6703892919968711,-0.17352428946009027,0.005445204517991911,11,11
B,14,20,0.5,0.40475,0,0.5306698457823247,0.6853598374941101,-0.1546899917117854,0.0035947118978996275,11,11
B,14,20,0.9,0.335,0,0.6419237569778143,0.6995586759568557,-0.05763491897904146,0.0011880586218005094,11,11
B,14,20,0.99,0.325,0,0.6979136271513723,0.7047392179047492,-0.006825590753376927,0.00014006841760920639,11,11
B,14,20,0.999,0.32425,0,0.7046331050573904,0.7053284057142812,-0.0006953006568907748,1.424677780521645e-05,11,11
B,15,20,0.1,0.5175,0,0.6615054771869129,0.5223074106291462,0.13919806655776668,0.005245254303976482,18,18
B,15,20,0.5,0.56275,0,0.6611240022639734,0.6024898145217226,0.05863418774225073,0.0027368603628740336,18,18
B,15,20,0.9,0.57825,0,0.7553024356228971,0.7453510651630634,0.009951370459833579,0.0005815683405742994,18,18
B,15,20,0.99,0.589,0,0.801202728894062,0.8001637498330235,0.0010389790610384167,6.109916768408139e-05,18,18
B,15,20,0.999,0.589,0,0.8065114430696458,0.8064064751359304,0.00010496793371530395,6.142754234087013e-06,18,18
B,16,20,0.1,0.492,0,0.6586364006304177,0.6574200316639749,0.0012163689664427676,0.0048816579115943705,19,19
B,16,20,0.5,0.4865,0,0.6393052444774693,0.6591230603744836,-0.019817815897014462,0.003187365885444669,19,19
B,16,20,0.9,0.4805,0,0.7129062270549161,0.7250933885817091,-0.012187161526793104,0.000904999098274228,19,19
B,16,20,0.99,0.47025,0,0.7521136486712844,0.7536483504878453,-0.0015347018165608745,0.0001005178345627138,19,19
B,16,20,0.999,0.469,0,0.7566770276515133,0.7568337412806612,-0.00015671362914774855,1.015988018171799e-05,19,19
B,17,20,0.1,0.5315,0,0.7333426929358741,0.5019157791377378,0.2314269137981363,0.005011153772893958,17,17
B,17,20,0.5,0.63075,0,0.6896094995582508,0.5380835707922288,0.151525928766022,0.0030510852968772696,17,17
B,17,20,0.9,0.733,0,0.7199825556818955,0.6746886999268096,0.04529385575508587,0.0008238315212753095,17,17
B,17,20,0.99,0.7735,0,0.7643213437966292,0.7587505651487159,0.005570778647913391,9.582926161468771e-05,17,17
B,17,20,0.999,0.776,0,0.7700695331747561,0.7694990484899031,0.0005704846848529579,9.746231003906065e-06,17,17
B,18,20,0.1,0.478,0,0.5222040345480243,0.6730811572868002,-0.15087712273877582,0.005489701579759566,13,13
B,18,20,0.5,0.437,0,0.6233051548862154,0.7037025509239812,-0.08039739603776565,0.003606551528800445,13,13
B,18,20,0.9,0.394,0,0.7462059472309268,0.7660435591695461,-0.019837611938619354,0.0009582637780062382,13,13
B,18,20,0.99,0.38825,0,0.7831460494535337,0.7853274185227128,-0.002181369069179129,0.00010396007792044863,13,13
B,18,20,0.999,0.388,0,0.7871469411206042,0.7873675578986324,-0.00022061677802816127,1.0482854942670016e-05,13,13
B,19,20,0.1,0.49775,0,0.6649505299815405,0.6694016241792592,-0.00445109419771867,0.003809787773089,16,16
B,19,20,0.5,0.49475,0,0.6785429794512061,0.6835476657204501,-0.005004686269244092,0.002532064780876445,16,16
B,19,20,0.9,0.533,0,0.7206745831951348,0.7186610599027119,0.002013523292422938,0.0006764874666596763,16,16
B,19,20,0.99,0.5505,0,0.7367141194122865,0.7362746774763177,0.0004394419359687118,7.491663029700854e-05,16,16
B,19,20,0.999,0.552,0,0.738497667753913,0.7384504871190468,4.718063486625578e-05,7.575791820525981e-06,16,16
B,20,20,0.1,0.5085,0,0.7386010665136484,0.5211262027124195,0.21747486380122893,0.005050476871343559,18,18
B,20,20,0.5,0.59175,0,0.721914197442396,0.5671890520156134,0.15472514542678242,0.0035525898065832517,18,18
B,20,20,0.9,0.683,0,0.7426382591801363,0.6712326528393854,0.07140560634075087,0.001548418916604441,18,18
B,20,20,0.99,0.69925,0,0.767201876604191,0.7572885425406313,0.009913334063559804,0.0002021126722717376,18,18
B,20,20,0.999,0.701,0,0.7705272092266887,0.7695025855949196,0.0010246236317691124,2.077951589868651e-05,18,18
B,21,20,0.1,0.5025,0,0.6714026147595766,0.6735501818767992,-0.002147567117222383,0.004715225488531692,16,16
B,21,20,0.5,0.48575,0,0.6918420807996992,0.7030616070106285,-0.011219526210928981,0.0027739182735678942,16,16
B,21,20,0.9,0.38425,0,0.770828411784328,0.781612209523639,-0.010783797739310878,0.00061658375104806,16,16
B,21,20,0.99,0.303,0,0.8232578342487522,0.8250117467748831,-0.001753912526130942,6.404869527693483e-05,16,16
B,21,20,0.999,0.29025,0,0.8303262062488771,0.8305107877312534,-0.00018458148237644238,6.427408726371967e-06,16,16
B,22,20,0.1,0.498,0,0.735215488132112,0.6670590045767917,0.0681564835553203,0.003682168795415341,11,11
B,22,20,0.5,0.522,0,0.6947769772185493,0.674513014238354,0.020263962980195355,0.0021616021325487657,11,11
B,22,20,0.9,0.5435,0,0.6935442042512237,0.6926929951027628,0.0008512091484609123,0.00047269261996415947,11,11
B,22,20,0.99,0.549,0,0.6987341315735827,0.698685173238278,4.895833530483301e-05,4.820358523071408e-05,11,11
B,22,20,0.999,0.54975,0,0.6993322078147926,0.6993277791860983,4.428628694270381e-06,4.824486877289921e-06,11,11
B,23,20,0.1,0.5135,0,0.5162712221547915,0.5221181969047309,-0.005846974749939263,0.005536061472407002,8,7
B,23,20,0.5,0.50325,0,0.5757787256963067,0.5913934299204293,-0.015614704224122545,0.002751685370689106,8,7
B,23,20,0.9,0.4415,0,0.6765383318967353,0.6880062769422833,-0.011467945045548095,0.00055534294204379,8,7
B,23,20,0.99,0.41575,0,0.7149869080804896,0.7163977707964425,-0.0014108627159530316,5.678901367184905e-05,8,7
B,23,20,0.999,0.4115,0,0.7192429346554042,0.7193866895269736,-0.00014375487156934074,5.695934383599675e-06,8,7
B,24,20,0.1,0.49125,0,0.7352047618062867,0.7390257944721229,-0.003821032665836298,0.004010144388006671,10,18
B,24,20,0.5,0.50425,0,0.7096224737787725,0.7153268614048948,-0.005704387626122264,0.0027533706615137845,10,18
B,24,20,0.9,0.51175,0,0.7218983415539358,0.7441443910860183,-0.022246049532082302,0.0013676771801194852,10,18
B,24,20,0.99,0.50775,0,0.7298134420747722,0.7596120784861616,-0.02979863641138937,0.001169695107649406,10,18
B,24,20,0.999,0.507,0,0.7307370492548514,0.7613310123380965,-0.030593963083245235,0.001160286084082765,10,18
B,25,20,0.1,0.4905,0,0.6704994023349279,0.7292323481569112,-0.058732945821983205,0.004342354399510438,17,17
B,25,20,0.5,0.47875,0,0.6746324129772734,0.7016274850118661,-0.026995072034592702,0.0029681943832422916,17,17
B,25,20,0.9,0.3855,0,0.7179971397408694,0.7417226753087932,-0.023725535567923818,0.0010150837687040587,17,17
B,25,20,0.99,0.334,0,0.7680027854934715,0.7722206405298632,-0.004217855036391742,0.00012889621466276945,17,17
B,25,20,0.999,0.33125,0,0.7754699647320754,0.7759147076180273,-0.0004447428859518276,1.3251417243897242e-05,17,17
B,26,20,0.1,0.503,0,0.6771461967408019,0.6713810061053296,0.005765190635472174,0.004863309748276374,15,15
B,26,20,0.5,0.50875,0,0.70680775725404,0.6876574689404993,0.019150288313540764,0.0031438557654536008,15,15
B,26,20,0.9,0.5185,0,0.7595402059389439,0.7423862081885853,0.01715399775035885,0.0009867543105270566,15,15
B,26,20,0.99,0.52025,0,0.776563725427912,0.7743079883852426,0.0022557370426692343,0.0001136977091906869,15,15
B,26,20,0.999,0.51975,0,0.7784112386483645,0.7781791417447248,0.00023209690363971107,1.1528585334497237e-05,15,15
B,27,20,0.1,0.53325,0,0.740141574289547,0.5062210598405074,0.2339205144490395,0.004901321113083424,16,16
B,27,20,0.5,0.64725,0,0.7115713597018639,0.5438326006183162,0.1677387590835478,0.0028184875075743967,16,16
B,27,20,0.9,0.83875,0,0.7227654267855289,0.6674666220552047,0.055298804730324246,0.0007184113521358393,16,16
B,27,20,0.99,0.8805,0,0.7341130240624164,0.7276410461084415,0.006471977953974947,8.001828284775369e-05,16,16
B,27,20,0.999,0.8845,0,0.7354639379312586,0.7348060947032188,0.0006578432280398054,8.101270827566205e-06,16,16
B,28,20,0.1,0.52025,0,0.525945336412786,0.5193126105583128,0.006632725854473042,0.005722947788174935,17,17
B,28,20,0.5,0.52925,0,0.61265128619659,0.59870045915227,0.013950827044319897,0.002865032069762146,17,17
B,28,20,0.9,0.585,0,0.7332206049311594,0.7234667707367427,0.009753834194416772,0.0005717067603564093,17,17
B,28,20,0.99,0.60225,0,0.7764560791598991,0.775241991918454,0.0012140872414450837,6.012785899840914e-05,17,17
B,28,20,0.999,0.606,0,0.7812640721958032,0.7811397766358968,0.0001242955599063576,6.057119178430716e-06,17,17
B,29,20,0.1,0.48525,0,0.6726495217229388,0.7417247162126887,-0.06907519448975007,0.004319402676225143,16,16
B,29,20,0.5,0.4725,0,0.7060701209939714,0.7335598815074509,-0.027489760513479476,0.002271410596023635,16,16
B,29,20,0.9,0.51475,0,0.7701441297176315,0.7697187549629193,0.0004253747547121551,0.000488936156134213,16,16
B,29,20,0.99,0.53475,0,0.7899193377855572,0.7896685011413883,0.00025083664416882554,5.105369623021792e-05,16,16
B,29,20,0.999,0.53575,0,0.7919977367944628,0.7919706165216676,2.712027279520039e-05,5.1274427102456535e-06,16,16
B,30,20,0.1,0.49925,0,0.6712912634362836,0.6607109925347359,0.010580270901547817,0.004802947352387879,15,15
B,30,20,0.5,0.50675,0,0.681569035229095,0.6657563188350384,0.015812716394056528,0.002908415150825897,15,15
B,30,20,0.9,0.5185,0,0.706099090301215,0.7028296506959895,0.003269439605225613,0.0006581818642106652,15,15
B,30,20,0.99,0.519,0,0.7144999957328703,0.7142198911032677,0.00028010462960272297,6.834623342550833e-05,15,15
B,30,20,0.999,0.52,0,0.7154317537283401,0.715404285122428,2.7468605912072342e-05,6.8589490937630325e-06,15,15
B,31,20,0.1,0.5115,0,0.6557802214874473,0.6530422284396157,0.00273799304783166,0.0036215517869704725,16,16
B,31,20,0.5,0.5165,0,0.6632513229741204,0.6538938726246709,0.009357450349449452,0.002011682942451835,16,16
B,31,20,0.9,0.505,0,0.7179624840158312,0.7150998519600935,0.0028626320557378067,0.0005909166870251198,16,16
B,31,20,0.99,0.497,0,0.7393111312169378,0.7390227059983845,0.00028842521855345537,6.830694233656541e-05,16,16
B,31,20,0.999,0.497,0,0.7417021331812261,0.741673037890944,2.9095290282100964e-05,6.943968697110057e-06,16,16
B,32,20,0.1,0.48375,0,0.67314053784623,0.6636799329235928,0.009460604922637107,0.004701328665379808,16,16
B,32,20,0.5,0.4295,0,0.6856681232752531,0.6526400293692975,0.033028093905955645,0.0029059698547337473,16,16
B,32,20,0.9,0.32725,0,0.7434452820187538,0.7334242700069054,0.010021012011848449,0.0009071184378728495,16,16
B,32,20,0.99,0.24525,0,0.7992531171440652,0.7989135941277958,0.0003395230162692909,0.00010336691293791596,16,16
B,32,20,0.999,0.233,0,0.8082194999613352,0.8081990608168373,2.0439144497892596e-05,1.0480963720308459e-05,16,16
B,33,20,0.1,0.49725,0,0.6766055827884052,0.740904805864682,-0.06429922307627678,0.0035810873129912455,15,15
B,33,20,0.5,0.492,0,0.7132573719588181,0.7260121424843612,-0.012754770525543137,0.002006486934596351,15,15
B,33,20,0.9,0.55625,0,0.7940346541408008,0.7852124523729074,0.008822201767893337,0.0005606399614391451,15,15
B,33,20,0.99,0.592,0,0.833281166615163,0.8316731269670398,0.001608039648123231,6.723195409833093e-05,15,15
B,33,20,0.999,0.59725,0,0.8379569535898647,0.8377872971687621,0.00016965642110256307,6.8599981006759135e-06,15,15
B,34,20,0.1,0.52325,0,0.6806558286202357,0.517739782805651,0.1629160458145847,0.005395953548098081,16,16
B,34,20,0.5,0.5935,0,0.7059832795445007,0.5851906644688786,0.12079261507562197,0.0033620227398822662,16,16
B,34,20,0.9,0.694,0,0.7550579387793787,0.7070384946673247,0.048019444112054006,0.0010706358986095268,16,16
B,34,20,0.99,0.724,0,0.7743486825258799,0.7683687682439353,0.0059799142819445235,0.00012768232534676044,16,16
B,34,20,0.999,0.72625,0,0.7764923525043926,0.7758805142387134,0.0006118382656792238,1.3005279466117428e-05,16,16
B,35,20,0.1,0.50625,0,0.7504108622498591,0.7483386965509383,0.002072165698920794,0.0039988624478206345,17,17
B,35,20,0.5,0.50825,0,0.755461288569686,0.7514286944486597,0.004032594121026257,0.0024338146790674688,17,17
B,35,20,0.9,0.49925,0,0.7928720919060781,0.793229355186265,-0.0003572632801869169,0.000568419103551576,17,17
B,35,20,0.99,0.4865,0,0.8093741431234257,0.8095001752474092,-0.0001260321239835806,5.967451293088703e-05,17,17
B,35,20,0.999,0.48525,0,0.8112539760864822,0.8112675749156284,-1.3598829146117944e-05,5.9979150285670645e-06,17,17
B,36,20,0.1,0.5245,0,0.7503750910046547,0.5189629703338028,0.231412120670852,0.005049157430804765,12,15
B,36,20,0.5,0.62225,0,0.7441880867733668,0.6082396140449946,0.13594847272837204,0.003517550197366397,12,15
B,36,20,0.9,0.671,0,0.796779611358836,0.7625651045700028,0.034214506788833345,0.001312631097031185,12,15
B,36,20,0.99,0.67825,0,0.8348570677333301,0.8305351684335276,0.004321899299802623,0.00017165781062411137,12,15
B,36,20,0.999,0.68,0,0.8399632253826087,0.839516239528682,0.00044698585392664413,1.7662085012869335e-05,12,15
B,37,20,0.1,0.49875,0,0.6563133928736977,0.6723711657617942,-0.016057772888096424,0.004626491794898215,16,16
B,37,20,0.5,0.45425,0,0.6422423835389088,0.6831941441698249,-0.040951760630916115,0.0024760394790665314,16,16
B,37,20,0.9,0.3105,0,0.7005436254919137,0.7281934051228041,-0.027649779630890166,0.0006885385830210471,16,16
B,37,20,0.99,0.26825,0,0.7457597848663294,0.7495560482187236,-0.003796263352394208,8.23117661480915e-05,16,16
B,37,20,0.999,0.26525,0,0.7515342513782696,0.7519253868455801,-0.0003911354673105312,8.393763263823097e-06,16,16
B,38,20,0.1,0.477,0,0.5219101503625313,0.7318130774929192,-0.2099029271303878,0.00497320270429304,18,18
B,38,20,0.5,0.39575,0,0.6097215402676718,0.7232763739849681,-0.11355483371729636,0.002754865513329987,18,18
B,38,20,0.9,0.29925,0,0.7319782950324293,0.7629638982903796,-0.030985603257950318,0.0006169451527382775,18,18
B,38,20,0.99,0.269,0,0.7780608765236054,0.7816035976125738,-0.003542721088968466,6.721019602041792e-05,18,18
B,38,20,0.999,0.26575,0,0.783314080473048,0.7836730859000854,-0.0003590054270373453,6.789585991474578e-06,18,18
B,39,20,0.1,0.516,0,0.6689385031407608,0.5049303330626185,0.1640081700781422,0.0053142256069961665,18,18
B,39,20,0.5,0.5955,0,0.6694743589876645,0.5540049396339279,0.11546941935373653,0.00318363428017611,18,18
B,39,20,0.9,0.67575,0,0.7408973540270636,0.7077261415254129,0.0331712125016507,0.0007493544588774757,18,18
B,39,20,0.99,0.6965,0,0.7738474215729065,0.7701172040398963,0.003730217533010437,7.901734658937396e-05,18,18
B,39,20,0.999,0.699,0,0.7775283922338477,0.7771509151804983,0.00037747705334946604,7.948022427862384e-06,18,18
B,40,20,0.1,0.5095,0,0.7349226435532451,0.6741291480488965,0.06079349550434851,0.0036871742315563037,18,18
B,40,20,0.5,0.5005,0,0.7050689676777472,0.7084388807094056,-0.0033699130316583847,0.002466969225176126,18,18
B,40,20,0.9,0.4245,0,0.7695189265609444,0.7802504278417923,-0.010731501280847919,0.0006628965127683891,18,18
B,40,20,0.99,0.409,0,0.8132657533922755,0.8145366906447544,-0.0012709372524790708,6.960073442657396e-05,18,18
B,40,20,0.999,0.40875,0,0.8185084841597515,0.8186375953161082,-0.00012911115635680926,6.99433868464309e-06,18,18
B,41,20,0.1,0.49325,0,0.6622368301581868,0.6736417522806866,-0.011404922122499783,0.004744835162921753,16,16
B,41,20,0.5,0.4395,0,0.6582259223667022,0.6970684194008886,-0.03884249703418642,0.002749626060373067,16,16
B,41,20,0.9,0.258,0,0.7390888428339345,0.7653061389409049,-0.02621729610697041,0.0006790757303413159,16,16
B,41,20,0.99,0.198,0,0.7886455277103364,0.7920702063184633,-0.003424678608126926,7.345717509411176e-05,16,16
B,41,20,0.999,0.1915,0,0.7946454047584234,0.7949966374190468,-0.0003512326606233148,7.406621412148119e-06,16,16
B,42,20,0.1,0.4665,0,0.5146140543204253,0.7484029532414613,-0.233788898921036,0.005067917682686596,17,17
B,42,20,0.5,0.374,0,0.5848822103778407,0.7486945696876064,-0.16381235930976581,0.003233956988568624,17,17
B,42,20,0.9,0.27425,0,0.7270105815593239,0.7798872181408008,-0.05287663658147687,0.0009005339361940174,17,17
B,42,20,0.99,0.252,0,0.7867361554735912,0.792712604092692,-0.0059764486191008015,9.95988921233739e-05,17,17
B,42,20,0.999,0.24875,0,0.7935159932419287,0.7941215453034536,-0.0006055520615249234,1.0068858452517374e-05,17,17
B,43,20,0.1,0.48275,0,0.5197037307225258,0.7399702068173415,-0.22026647609481562,0.0048572122463743355,18,18
B,43,20,0.5,0.4065,0,0.6114170446604237,0.7270659334289858,-0.1156488887685623,0.002735405653724561,18,18
B,43,20,0.9,0.3295,0,0.7440159556223516,0.7752669776427317,-0.03125102202038006,0.0007218963682947847,18,18
B,43,20,0.99,0.3135,0,0.7975048119212002,0.8010767577731619,-0.0035719458519619797,8.309434407751434e-05,18,18
B,43,20,0.999,0.314,0,0.8037675834289643,0.8041292382219364,-0.0003616547929720034,8.4370118815e-06,18,18
B,44,20,0.1,0.4735,0,0.514729933329566,0.7425097085501672,-0.2277797752206013,0.004838673248511204,19,19
B,44,20,0.5,0.38725,0,0.5972201302669463,0.7296237816397178,-0.1324036513727715,0.002739125574527604,19,19
B,44,20,0.9,0.31075,0,0.6994847415732581,0.729156520628361,-0.029671779055102838,0.0006122076863019421,19,19
B,44,20,0.99,0.3005,0,0.7285151534583936,0.731616868721557,-0.0031017152631633415,6.391197283554258e-05,19,19
B,44,20,0.999,0.3,0,0.7316027905206135,0.731914506103265,-0.0003117155826515631,6.420640506872187e-06,19,19
B,45,20,0.1,0.5075,0,0.7464745285186672,0.6635863063645662,0.08288822215410115,0.004339968123382361,16,16
B,45,20,0.5,0.5435,0,0.739336480184681,0.6789438243387677,0.06039265584591344,0.002701955887336536,16,16
B,45,20,0.9,0.50275,0,0.7823571485037574,0.7743775190225094,0.007979629481248056,0.0008354245403965782,16,16
B,45,20,0.99,0.46875,0,0.8216802779969706,0.8213129576867494,0.00036732031022125783,9.67302574833224e-05,16,16
B,45,20,0.999,0.46575,0,0.8270579420911084,0.827027142318693,3.079977241541583e-05,9.798518404108413e-06,16,16
B,46,20,0.1,0.495,0,0.5311704303338768,0.5159302277672045,0.015240202566672332,0.005826058255619898,13,13
B,46,20,0.5,0.50775,0,0.6193647889252699,0.5932403392230832,0.026124449702186622,0.0036590252851316355,13,13
B,46,20,0.9,0.5525,0,0.7308008144429649,0.7140186806354202,0.01678213380754478,0.0009772066536686303,13,13
B,46,20,0.99,0.557,0,0.7636814637429309,0.7616307200483354,0.002050743694595524,0.00010710493323948571,13,13
B,46,20,0.999,0.5575,0,0.767171386406703,0.7669620866141689,0.00020929979253406185,1.0812979041296531e-05,13,13
B,47,20,0.1,0.50425,0,0.6762705654166246,0.7384103082167284,-0.06213974280010378,0.0035567635894033175,10,10
B,47,20,0.5,0.49125,0,0.7015134619306177,0.7169984695087848,-0.015485007578167015,0.0018167142621490337,10,10
B,47,20,0.9,0.4805,0,0.7305338445627257,0.7316692987721289,-0.001135454209403139,0.00036142077950551606,10,10
B,47,20,0.99,0.47825,0,0.738911270085097,0.7389904932236957,-7.922313859861339e-05,3.6532394781332064e-05,10,10
B,47,20,0.999,0.478,0,0.7397915683855294,0.7397991262972712,-7.557911741789283e-06,3.658878830339509e-06,10,10
B,48,20,0.1,0.4795,0,0.49621812039815916,0.7393809585839513,-0.24316283818579215,0.005295880723818068,1,16
B,48,20,0.5,0.39525,0,0.49621812039815927,0.73210151450601,-0.23588339410785086,0.004807599651494671,1,16
B,48,20,0.9,0.2485,0,0.49621812039815916,0.7984743914148447,-0.30225627101668556,0.004361191982544147,1,16
B,48,20,0.99,0.15725,0,0.49621812039815927,0.8575746097011276,-0.36135648930296843,0.004432648734118655,1,16
B,48,20,0.999,0.1435,0,0.4962181203981591,0.8672335928061925,-0.37101547240803345,0.004458947946822272,1,16
B,49,20,0.1,0.49175,0,0.5156451297320934,0.7418896881406343,-0.22624455840854085,0.00491864037288466,16,16
B,49,20,0.5,0.40425,0,0.6030600099154373,0.723887558805291,-0.1208275488898538,0.002883299145547867,16,16
B,49,20,0.9,0.31125,0,0.7270397961182299,0.756518670424283,-0.029478874306053116,0.0006682470277910477,16,16
B,49,20,0.99,0.28925,0,0.7660466699075178,0.7692656329657249,-0.003218963058207169,7.075214277130136e-05,16,16
B,49,20,0.999,0.28725,0,0.7702864598466171,0.7706120297154195,-0.00032556986880238014,7.129170027934956e-06,16,16
B,50,20,0.1,0.5055,0,0.6592900364883628,0.5028349431334027,0.1564550933549602,0.0052015670886041004,17,17
B,50,20,0.5,0.484,0,0.6555801204611673,0.5651681105666105,0.09041200989455682,0.0033520158257368984,17,17
B,50,20,0.9,0.29725,0,0.7593670072242933,0.753376571506075,0.005990435718218425,0.0009683680533523987,17,17
B,50,20,0.99,0.2045,0,0.8316616617640307,0.8321513731194871,-0.0004897113554564404,0.00010473829370260782,17,17
B,50,20,0.999,0.19425,0,0.8410966605811554,0.8411594206422378,-6.276006108233596e-05,1.0527990627971895e-05,17,17
B,51,20,0.1,0.48025,0,0.5111922192719376,0.740306850156183,-0.2291146308842454,0.005045062789945324,17,17
B,51,20,0.5,0.40225,0,0.5887804514797192,0.7132331457120402,-0.12445269423232105,0.0035258627614823605,17,17
B,51,20,0.9,0.3635,0,0.6963821285484921,0.7311029305240472,-0.03472080197555506,0.0012427412006526183,17,17
B,51,20,0.99,0.3645,0,0.7422282332789392,0.7463518778557057,-0.0041236445767665626,0.00014805523060125916,17,17
B,51,20,0.999,0.366,0,0.74775470276024,0.7481750994392148,-0.0004203966789747203,1.5067277750747054e-05,17,17
B,52,20,0.1,0.5145,0,0.7533873683596265,0.7440370231436152,0.009350345216011309,0.003894770573653634,20,20
B,52,20,0.5,0.5165,0,0.7400817395514879,0.726154816079229,0.013926923472258764,0.0025074613109970895,20,20
B,52,20,0.9,0.524,0,0.772934631321819,0.7600718413017826,0.012862790020036617,0.0008389405726741425,20,20
B,52,20,0.99,0.53225,0,0.7934809596537616,0.7915816935311097,0.0018992661226517958,0.00010191458541602117,20,20
B,52,20,0.999,0.53325,0,0.7958696674511082,0.7956720995233019,0.00019756792780631932,1.0393945245348572e-05,20,20
B,53,20,0.1,0.4995,0,0.7472063809300116,0.7493132608047758,-0.0021068798747641525,0.0034841711404693023,16,16
B,53,20,0.5,0.48975,0,0.7314185621960887,0.7491078502440586,-0.01768928804796989,0.002278410793456543,16,16
B,53,20,0.9,0.4335,0,0.7534229460165602,0.7631965800749242,-0.009773634058364001,0.0006113313066008667,16,16
B,53,20,0.99,0.4175,0,0.7683636987840686,0.7694945318195412,-0.0011308330354724409,6.510943184826467e-05,16,16
B,53,20,0.999,0.41575,0,0.7700889548514417,0.770203605698825,-0.00011465084738318803,6.549770443921487e-06,16,16
B,54,20,0.1,0.49025,0,0.5284528515636308,0.5059647705567706,0.022488081006860127,0.005608695384769075,9,9
B,54,20,0.5,0.52925,0,0.598929176429413,0.5511976356593773,0.04773154077003572,0.0026920266266717316,9,9
B,54,20,0.9,0.58825,0,0.6608642622100087,0.6451244454779421,0.015739816732066682,0.0004964533916512743,9,9
B,54,20,0.99,0.605,0,0.6754275004919161,0.6737078864358904,0.001719614056025748,4.926804607725583e-05,9,9
B,54,20,0.999,0.6075,0,0.6769071353934908,0.6767336943529867,0.00017344104050413827,4.9242471292008455e-06,9,9
B,55,20,0.1,0.47225,0,0.5144912733551804,0.7392951691754367,-0.22480389582025626,0.0049789743066379465,17,17
B,55,20,0.5,0.387,0,0.5687846645628326,0.7094216306036276,-0.1406369660407951,0.003401543199900116,17,17
B,55,20,0.9,0.23475,0,0.6824833520610616,0.7437432704536464,-0.06125991839258484,0.0011909988943796651,17,17
B,55,20,0.99,0.19625,0,0.7574851129780439,0.7655767258356946,-0.008091612857650716,0.00014101316766174167,17,17
B,55,20,0.999,0.19475,0,0.7672214813566617,0.7680545990172379,-0.0008331176605761957,1.434929232960588e-05,17,17
B,56,20,0.1,0.49775,0,0.6728015578498773,0.6542461756120134,0.018555382237863863,0.004958141413486556,18,18
B,56,20,0.5,0.532,0,0.6877339137289649,0.6474497047161394,0.04028420901282527,0.0036123166675980085,18,18
B,56,20,0.9,0.588,0,0.7368358430042251,0.7180529282907833,0.01878291471344197,0.0011625957665588782,18,18
B,56,20,0.99,0.58975,0,0.7590231263169707,0.7569463349914751,0.002076791325495506,0.00013030351684238184,18,18
B,56,20,0.999,0.59025,0,0.761639041206122,0.7614289716632161,0.00021006954290584656,1.3160198436334057e-05,18,18
B,57,20,0.1,0.4995,0,0.7380918302303148,0.7417051382879405,-0.0036133080576256356,0.003927916047154949,18,18
B,57,20,0.5,0.48575,0,0.7039007605785133,0.7198058588543131,-0.015905098275799934,0.002246791911757233,18,18
B,57,20,0.9,0.464,0,0.7078236349385728,0.7092658599040206,-0.0014422249654477291,0.0006147326873936184,18,18
B,57,20,0.99,0.457,0,0.7147057152722411,0.7146020483403792,0.00010366693186172688,7.151684397270299e-05,18,18
B,57,20,0.999,0.45625,0,0.7155099328457103,0.7154972034221524,1.2729423557971783e-05,7.247743737490089e-06,18,18
B,58,20,0.1,0.51425,0,0.5130560524991606,0.5130696190378788,-1.3566538718115195e-05,0.005714638906495368,17,17
B,58,20,0.5,0.57475,0,0.5936713841880764,0.5653873893650863,0.02828399482299011,0.0034813574746309205,17,17
B,58,20,0.9,0.78175,0,0.7078004990642665,0.6853294879970027,0.022471011067263715,0.0010035418300417185,17,17
B,58,20,0.99,0.82475,0,0.7471908044381117,0.7443223313909716,0.002868473047140151,0.00011384220684815744,17,17
B,58,20,0.999,0.82725,0,0.751572231232891,0.7512790251479337,0.00029320608495736445,1.155577781194529e-05,17,17
B,59,20,0.1,0.494,0,0.5167931180149069,0.5059721807364649,0.010820937278442064,0.0058318940944693,19,18
B,59,20,0.5,0.523,0,0.592279685018216,0.5573557689075217,0.03492391611069433,0.003343279187574009,19,18
B,59,20,0.9,0.526,0,0.7161375462401868,0.7098502853995515,0.006287260840635265,0.0007607722418327951,19,18
B,59,20,0.99,0.5125,0,0.7769461938312658,0.7765523132214149,0.0003938806098509201,8.148702291776576e-05,19,18
B,59,20,0.999,0.5105,0,0.7844070741037347,0.7843712198191811,3.5854284553488675e-05,8.221604758866369e-06,19,18
B,60,20,0.1,0.49475,0,0.6741133127768887,0.6728793246778919,0.0012339880989967525,0.0037447176319239527,19,19
B,60,20,0.5,0.521,0,0.7083387616351969,0.696865538354511,0.01147322328068602,0.002072452287624531,19,19
B,60,20,0.9,0.5925,0,0.7674601740551068,0.7593197560820683,0.008140417973038576,0.0004464356626809221,19,19
B,60,20,0.99,0.6145,0,0.7889071716360782,0.7878904195104899,0.0010167521255883352,4.614899281435707e-05,19,19
B,60,20,0.999,0.616,0,0.791266257904254,0.7911627186409057,0.00010353926334828034,4.632469608600775e-06,19,19
B,61,20,0.1,0.47925,0,0.5009508659106079,0.6777421126575464,-0.17679124674693844,0.005388182993109188,17,17
B,61,20,0.5,0.35925,0,0.5137219670221541,0.6983131130418608,-0.18459114601970666,0.0033998751766768833,17,17
B,61,20,0.9,0.20625,0,0.6417786075009687,0.7135687874713909,-0.07179017997042207,0.000924631135879487,17,17
B,61,20,0.99,0.178,0,0.7114569716321468,0.7198159113322529,-0.008358939700105985,0.00010409875311056784,17,17
B,61,20,0.999,0.17575,0,0.7196867430361436,0.7205354502689818,-0.0008487072328380789,1.0544965781976444e-05,17,17
B,62,20,0.1,0.49325,0,0.5220243236686495,0.6619034652435126,-0.13987914157486325,0.005196607153556432,17,17
B,62,20,0.5,0.42925,0,0.5954009736295293,0.6825059731042541,-0.08710499947472486,0.0030441176165303544,17,17
B,62,20,0.9,0.3435,0,0.7192069043239144,0.7463929789603032,-0.027186074636389,0.0007814121591620242,17,17
B,62,20,0.99,0.3275,0,0.7650756597556094,0.7681632750286128,-0.003087615273003244,8.671880356297098e-05,17,17
B,62,20,0.999,0.32575,0,0.7702120067343542,0.7705249041056571,-0.0003128973713028774,8.77035488921982e-06,17,17
B,63,20,0.1,0.52425,0,0.7293782809734373,0.5298208213325877,0.19955745964084975,0.0050373010547174815,9,9
B,63,20,0.5,0.55,0,0.6867475315648944,0.6141571220265359,0.07259040953835841,0.002834349810592462,9,9
B,63,20,0.9,0.535,0,0.7002616271320887,0.6903493919258713,0.009912235206217443,0.0005710712117625164,9,9
B,63,20,0.99,0.53225,0,0.7082156784997808,0.7072774374467609,0.0009382410530200602,5.6937502299104614e-05,9,9
B,63,20,0.999,0.53125,0,0.7090690511411535,0.7089756123583778,9.343878277560842e-05,5.6909815507856455e-06,9,9
B,64,20,0.1,0.4945,0,0.6673357459544821,0.6753153696608974,-0.007979623706415417,0.003709120818430442,20,20
B,64,20,0.5,0.4965,0,0.6957358148840872,0.7035678595209145,-0.007832044636827316,0.002169846502862062,20,20
B,64,20,0.9,0.537,0,0.7416819339298201,0.7430189441550203,-0.0013370102252003688,0.0005245649024332004,20,20
B,64,20,0.99,0.551,0,0.7565728919529574,0.756690402366006,-0.0001175104130488526,5.544570537080844e-05,20,20
B,64,20,0.999,0.553,0,0.7581917900465672,0.7582030472491316,-1.125720256438388e-05,5.5786900187365795e-06,20,20
B,65,20,0.1,0.491,0,0.5243713153328075,0.6722013538445587,-0.14783003851175147,0.005349224386117691,14,14
B,65,20,0.5,0.43475,0,0.6109540007715555,0.6879165407492797,-0.07696253997772427,0.0030577068684448385,14,14
B,65,20,0.9,0.37475,0,0.7014748251895782,0.7172522012405214,-0.01577737605094322,0.0006536665805668014,14,14
B,65,20,0.99,0.36375,0,0.7257705762324005,0.7274113625662995,-0.0016407863338989165,6.702484096958705e-05,14,14
B,65,20,0.999,0.36475,0,0.7283499589418581,0.7285145684630351,-0.00016460952117697551,6.725021991610678e-06,14,14
B,66,20,0.1,0.47625,0,0.5244682287141792,0.7498348927146768,-0.22536666400049757,0.005012851309652023,17,18
B,66,20,0.5,0.3985,0,0.622600705173949,0.7609365927659508,-0.1383358875920018,0.0033332268768465935,17,18
B,66,20,0.9,0.3465,0,0.7753324081153903,0.8287580515754577,-0.05342564346006742,0.0013635886529703176,17,18
B,66,20,0.99,0.348,0,0.8340696087330631,0.8573431816811347,-0.02327357294807145,0.0009505508508998827,17,18
B,66,20,0.999,0.34825,0,0.840759214371895,0.860671286789629,-0.019912072417733895,0.0009414949642496598,17,18
B,67,20,0.1,0.523,0,0.673397897935172,0.5216084031960104,0.15178949473916156,0.0050832302103831755,16,16
B,67,20,0.5,0.606,0,0.710374745177281,0.6075588244789146,0.10281592069836654,0.002533569128349021,16,16
B,67,20,0.9,0.73875,0,0.7647834275480301,0.738779375171282,0.026004052376748143,0.0004726348433516064,16,16
B,67,20,0.99,0.77475,0,0.7809748933050903,0.778212573409845,0.002762319895245443,4.7176978610086206e-05,16,16
B,67,20,0.999,0.78,0,0.7827047210300679,0.7824267592128186,0.0002779618172494633,4.719173916946093e-06,16,16
B,68,20,0.1,0.46475,0,0.5235409014416673,0.7363286185189128,-0.2127877170772457,0.003704541953801823,16,16
B,68,20,0.5,0.39825,0,0.6165812342968452,0.724488795427776,-0.10790756113093078,0.0021037839772087403,16,16
B,68,20,0.9,0.34675,0,0.7488982831493207,0.7730012671034749,-0.024102983954154132,0.0005804276416943713,16,16
B,68,20,0.99,0.33825,0,0.7937897034104299,0.7963759344863456,-0.002586231075915787,6.587036002565201e-05,16,16
B,68,20,0.999,0.33575,0,0.7987402519497208,0.7990022072440979,-0.00026195529437705054,6.67835654945671e-06,16,16
B,69,20,0.1,0.5025,0,0.5193998176099669,0.5020997033490809,0.01730011426088603,0.005791672271897417,8,8
B,69,20,0.5,0.5455,0,0.5688828187109429,0.5100726335417372,0.05881018516920591,0.0032564208134625156,8,8
B,69,20,0.9,0.654,0,0.5948898782455294,0.5694486371978706,0.025441241047658592,0.000699482154793241,8,8
B,69,20,0.99,0.68325,0,0.5983631975109674,0.5954675861649317,0.0028956113460358837,7.279819593754779e-05,8,8
B,69,20,0.999,0.686,0,0.5986819673168641,0.5983887873609622,0.00029317995590178445,7.313059929691642e-06,8,8
B,70,20,0.1,0.5015,0,0.7377241851979143,0.6711765926144674,0.066547592583447,0.004393944521346954,19,19
B,70,20,0.5,0.51125,0,0.730282078988862,0.6994514085236423,0.030830670465219704,0.0028810362518402895,19,19
B,70,20,0.9,0.48125,0,0.7829500798294818,0.7852145088793402,-0.0022644290498583276,0.0008492140443388415,19,19
B,70,20,0.99,0.465,0,0.8177959277872717,0.8185380312328286,-0.0007421034455570967,9.95148658998391e-05,19,19
B,70,20,0.999,0.463,0,0.8221898908881567,0.822271662956474,-8.177206831742576e-05,1.0135204132190364e-05,19,19
B,71,20,0.1,0.4905,0,0.6419362293652464,0.7320059775106501,-0.09006974814540385,0.00438514823706256,17,17
B,71,20,0.5,0.416,0,0.5862584511757912,0.7137609958937697,-0.1275025447179785,0.0030484287394264716,17,17
B,71,20,0.9,0.26625,0,0.6884900323202126,0.7558825289403606,-0.06739249662014807,0.0010592423825343832,17,17
B,71,20,0.99,0.22925,0,0.7705199400197088,0.7788593652235418,-0.008339425203832995,0.0001259181100382767,17,17
B,71,20,0.999,0.2275,0,0.7806872394612138,0.7815384293121668,-0.0008511898509530222,1.2819559360101068e-05,17,17
B,72,20,0.1,0.49025,0,0.516238653876997,0.6674185749783783,-0.1511799211013813,0.005360629095249909,14,14
B,72,20,0.5,0.4495,0,0.5910464976377104,0.673254753835688,-0.08220825619797766,0.003326066340889892,14,14
B,72,20,0.9,0.5085,0,0.6953195544548546,0.7128786835098428,-0.017559129054988198,0.001099512266179148,14,14
B,72,20,0.99,0.54,0,0.7365301740641644,0.7382895282478446,-0.0017593541836802675,0.00012939386984970648,14,14
B,72,20,0.999,0.541,0,0.741283521193622,0.7414596162890261,-0.00017609509540413864,1.313833046429578e-05,14,14
B,73,20,0.1,0.4995,0,0.4970279465505356,0.4984670528572683,-0.0014391063067327164,0.00551556737885173,17,17
B,73,20,0.5,0.4805,0,0.5200822500754592,0.5432964543011306,-0.023214204225671532,0.0026113123516861973,17,17
B,73,20,0.9,0.3815,0,0.6181049111372874,0.6315756739470095,-0.013470762809722186,0.0004681274316419944,17,17
B,73,20,0.99,0.34575,0,0.6545053698696396,0.6560976660718603,-0.0015922962022207514,4.640140823780536e-05,17,17
B,73,20,0.999,0.33875,0,0.658438902799977,0.6586006353895167,-0.00016173258953975197,4.63848793792778e-06,17,17
B,74,20,0.1,0.48825,0,0.4949133638501229,0.6686231809187227,-0.17370981706859992,0.005076954689624067,16,16
B,74,20,0.5,0.38325,0,0.5318155664657291,0.683505674415008,-0.1516901079492789,0.0028931244921208566,16,16
B,74,20,0.9,0.20275,0,0.6464921042770209,0.718276177379212,-0.07178407310219091,0.0011590900659576436,16,16
B,74,20,0.99,0.17475,0,0.7206048288447876,0.7300833870585343,-0.00947855821374676,0.00015194936967522605,16,16
B,74,20,0.999,0.1725,0,0.7303635541953432,0.7313387591018632,-0.0009752049065199622,1.5633475201757353e-05,16,16
B,75,20,0.1,0.5,0,0.7469721215609456,0.6569259728707528,0.0900461486901929,0.004453418065954895,8,11
B,75,20,0.5,0.57275,0,0.7539404774569355,0.6735168152653507,0.08042366219158474,0.00304882132218261,8,11
B,75,20,0.9,0.697,0,0.7923347810098549,0.7756188620887403,0.0167159189211144,0.0011620770328907466,8,11
B,75,20,0.99,0.73325,0,0.8111624456038264,0.8199441678240446,-0.00878172222021821,0.0007646673276797113,8,11
B,75,20,0.999,0.7385,0,0.8134092886654198,0.8251953332828589,-0.011786044617439038,0.0007413270084143472,8,11
B,76,20,0.1,0.49,0,0.6732864603609733,0.7476816775752251,-0.07439521721425188,0.003794502224888656,18,18
B,76,20,0.5,0.479,0,0.7078614745104049,0.7490650125732323,-0.041203538062827505,0.002802266577307705,18,18
B,76,20,0.9,0.49275,0,0.7719335897468286,0.7816352143677577,-0.009701624620929111,0.000961282175064356,18,18
B,76,20,0.99,0.49775,0,0.7988711967654533,0.7998928956505633,-0.0010216988851100455,0.00011044148020785847,18,18
B,76,20,0.999,0.4995,0,0.8019626516886954,0.802065333998376,-0.00010268230968069613,1.1199142876979e-05,18,18
B,77,20,0.1,0.4835,0,0.6722250112670354,0.7488894967438133,-0.07666448547677802,0.004273038441513918,17,17
B,77,20,0.5,0.463,0,0.6939771139436712,0.7352877917086619,-0.041310677764990644,0.0024971840255973645,17,17
B,77,20,0.9,0.52525,0,0.7577311630604392,0.7582239208908488,-0.000492757830409785,0.0006710073559198021,17,17
B,77,20,0.99,0.55625,0,0.7790304158955954,0.7786826956235333,0.00034772027206210937,7.496439514825957e-05,17,17
B,77,20,0.999,0.5585,0,0.7812787531561042,0.7812408992923666,3.785386373752189e-05,7.566095552741615e-06,17,17
B,78,20,0.1,0.5055,0,0.7470414978573358,0.6750914095456005,0.07195008831173534,0.004388576916928583,15,15
B,78,20,0.5,0.53325,0,0.7368253269795111,0.7019952337192147,0.03483009326029645,0.002818650533698223,15,15
B,78,20,0.9,0.5135,0,0.7736841302430524,0.7723055853730382,0.0013785448700143203,0.0007356162265377132,15,15
B,78,20,0.99,0.4855,0,0.8000992548620022,0.8003491594000379,-0.0002499045380356193,8.06349920941079e-05,15,15
B,78,20,0.999,0.484,0,0.8034295729807682,0.8034595430138755,-2.9970033107220517e-05,8.14304303543862e-06,15,15
B,79,20,0.1,0.506,0,0.6699406991849535,0.5084278723393428,0.16151282684561055,0.005332023579827221,16,16
B,79,20,0.5,0.58875,0,0.6619713034662225,0.5379633018872616,0.1240080015789608,0.0031018970204086003,16,16
B,79,20,0.9,0.84125,0,0.710106137321385,0.6422212448109306,0.06788489251045439,0.0008761302798133539,16,16
B,79,20,0.99,0.9135,0,0.7786997232942369,0.7678946195473302,0.010805103746906488,0.00011576929834225964,16,16
B,79,20,0.999,0.91775,0,0.7880319039945838,0.7868966653658797,0.001135238628704161,1.1994656233325136e-05,16,16
B,80,20,0.1,0.5055,0,0.5187699419799014,0.5260503081484417,-0.007280366168540269,0.0058688556790571535,17,17
B,80,20,0.5,0.52325,0,0.602445167587141,0.5958169280819149,0.006628239505226237,0.0035603890858266094,17,17
B,80,20,0.9,0.5735,0,0.6829162660710879,0.676650199449279,0.006266066621809006,0.0008582509276881404,17,17
B,80,20,0.99,0.5885,0,0.703488583819996,0.7027062748358999,0.0007823089840962157,8.994262498438124e-05,17,17
B,80,20,0.999,0.59,0,0.7056184331190228,0.7055383248839762,8.010823504674583e-05,9.037835350833582e-06,17,17
B,81,20,0.1,0.4965,0,0.6685581866416914,0.6745730219807484,-0.006014835339056962,0.0036036768890266133,16,16
B,81,20,0.5,0.4855,0,0.6818780507536071,0.6932376535023163,-0.011359602748709265,0.0018850853440626216,16,16
B,81,20,0.9,0.46175,0,0.7569116139269931,0.7613643727404548,-0.00445275881346147,0.0003635106839399198,16,16
B,81,20,0.99,0.45425,0,0.7953057276355905,0.7958700657163167,-0.0005643380807262182,3.751847503628238e-05,16,16
B,81,20,0.999,0.453,0,0.799739555968207,0.7997972976101656,-5.7741641958636126e-05,3.7748327473196213e-06,16,16
B,82,20,0.1,0.5015,0,0.740809978675893,0.6709986354251609,0.06981134325073217,0.003661982946760089,16,16
B,82,20,0.5,0.53775,0,0.729512314280358,0.6793245173503146,0.05018779693004339,0.0020843522198184046,16,16
B,82,20,0.9,0.601,0,0.7226905847601357,0.7082428693165891,0.014447715443546673,0.0004388792379071475,16,16
B,82,20,0.99,0.61775,0,0.7213071957055677,0.7197595003703311,0.0015476953352365826,4.449971023981509e-05,16,16
B,82,20,0.999,0.6205,0,0.7211754750506568,0.7210196483077416,0.0001558267429152818,4.4555665219479385e-06,16,16
B,83,20,0.1,0.478,0,0.517433460508067,0.7462008566805358,-0.2287673961724688,0.005041149848520885,13,5
B,83,20,0.5,0.378,0,0.5748660599784752,0.7259554482007075,-0.15108938822223233,0.0038041175040142605,13,5
B,83,20,0.9,0.3245,0,0.6922373168517959,0.7126340114686435,-0.020396694616847597,0.0023435599623227656,13,5
B,83,20,0.99,0.334,0,0.7565564279972814,0.7104304079637077,0.04612602003357376,0.0017227742217467911,13,5
B,83,20,0.999,0.33425,0,0.7642706087897619,0.7102236034628643,0.05404700532689781,0.0016663402691913616,13,5
B,84,20,0.1,0.51975,0,0.6760141593715189,0.4991751019044699,0.17683905746704898,0.005786685281749977,17,1
B,84,20,0.5,0.5895,0,0.6848024038777057,0.49917510190447,0.18562730197323574,0.005019935438601849,17,1
B,84,20,0.9,0.69575,0,0.7456016173796637,0.49917510190446995,0.2464265154751937,0.00424458513191704,17,1
B,84,20,0.99,0.76475,0,0.8039034721043569,0.49917510190447006,0.30472837019988674,0.004260183202078588,17,1
B,84,20,0.999,0.77275,0,0.8117014382414584,0.4991751019044699,0.3125263363369885,0.004280618576879541,17,1
B,85,20,0.1,0.502,0,0.5060101691316178,0.5073318389726302,-0.0013216698410123996,0.005865032274910198,5,7
B,85,20,0.5,0.51375,0,0.529144017309479,0.51192748894638,0.01721652836309912,0.0033430409153368365,5,7
B,85,20,0.9,0.5705,0,0.5556125654294207,0.5460948010364,0.009517764393020713,0.0007152427345366654,5,7
B,85,20,0.99,0.58375,0,0.5608496584831802,0.5597463199208041,0.001103338562376143,7.297153574719268e-05,5,7
B,85,20,0.999,0.5845,0,0.5613553604677727,0.5612434951397174,0.00011186532805533641,7.3123637320367805e-06,5,7
B,86,20,0.1,0.50275,0,0.7371455576962189,0.738371868087943,-0.001226310391723967,0.0039159444956326245,17,17
B,86,20,0.5,0.49975,0,0.7106255401724033,0.7200259633095815,-0.00940042313717816,0.00240633150498961,17,17
B,86,20,0.9,0.48925,0,0.7267986399122917,0.7312504030750124,-0.00445176316272081,0.0005667163650301363,17,17
B,86,20,0.99,0.47925,0,0.7373544419631366,0.7378824979135141,-0.0005280559503774929,5.866393049826368e-05,17,17
B,86,20,0.999,0.47775,0,0.7385510695055325,0.7386046501072288,-5.3580601696170765e-05,5.887472143904809e-06,17,17
B,87,20,0.1,0.525,0,0.7441932156261135,0.5101409569154618,0.2340522587106518,0.004984213734216058,18,18
B,87,20,0.5,0.6385,0,0.7265684781106818,0.5624454422655,0.16412303584518165,0.003035357729296733,18,18
B,87,20,0.9,0.75775,0,0.7640497058697524,0.7169561198984459,0.047093585971306626,0.0007681670505142189,18,18
B,87,20,0.99,0.78525,0,0.7875238234783021,0.7820794376400378,0.005444385838264235,8.649880093683028e-05,18,18
B,87,20,0.999,0.787,0,0.7902596644859586,0.7897064859463335,0.0005531785396251408,8.77663189903972e-06,18,18
B,88,20,0.1,0.49675,0,0.6799032948903722,0.7417909144769183,-0.06188761958654618,0.003518693662766355,15,15
B,88,20,0.5,0.47775,0,0.703509215616948,0.7317787637148857,-0.02826954809793772,0.0019744740961970607,15,15
B,88,20,0.9,0.42225,0,0.7602492015260676,0.7705753690444304,-0.010326167518362678,0.000525185661043913,15,15
B,88,20,0.99,0.39375,0,0.7911796862682697,0.7927349571568834,-0.001555270888613563,6.319452156746973e-05,15,15
B,88,20,0.999,0.3915,0,0.7950903789932474,0.7952519620750328,-0.00016158308178537155,6.433296399322891e-06,15,15
B,89,20,0.1,0.51275,0,0.72993107353806,0.6660223832713927,0.06390869026666728,0.004556632000641912,18,18
B,89,20,0.5,0.52475,0,0.6986851314919442,0.6887655657639093,0.009919565728034914,0.0033045969649417666,18,18
B,89,20,0.9,0.57975,0,0.7568416279654491,0.7599884558490535,-0.003146827883604362,0.0013043799869566358,18,18
B,89,20,0.99,0.60375,0,0.7962965835783185,0.7970043656112158,-0.0007077820328973553,0.0001663963347934575,18,18
B,89,20,0.999,0.606,0,0.8014146042980923,0.8014919814453094,-7.737714721712093e-05,1.7056022542266784e-05,18,18
B,90,20,0.1,0.50075,0,0.5128864404845391,0.5189296402107201,-0.0060431997261809955,0.005756269999698091,16,16
B,90,20,0.5,0.508,0,0.5985692495502674,0.5926866201138701,0.005882629436397366,0.003420109853333612,16,16
B,90,20,0.9,0.53025,0,0.7180245251028384,0.7090076156481632,0.00901690945467533,0.0008479915550436464,16,16
B,90,20,0.99,0.53925,0,0.7513287477877866,0.7500809285542094,0.0012478192335772388,9.159147276987117e-05,16,16
B,90,20,0.999,0.54175,0,0.7548240558747237,0.7546952204434183,0.00012883543130534744,9.236039995696792e-06,16,16
B,91,20,0.1,0.481,0,0.4956126576450205,0.7308710658755274,-0.23525840823050692,0.0049271527764736586,19,19
B,91,20,0.5,0.35625,0,0.5074408121371313,0.6863307788604894,-0.1788899667233581,0.0029023714134836904,19,19
B,91,20,0.9,0.1675,0,0.6164901044597868,0.6983449929434226,-0.08185488848363567,0.001128972446980992,19,19
B,91,20,0.99,0.125,0,0.702395370111328,0.71353418072091,-0.011138810609582018,0.00015476141898591566,19,19
B,91,20,0.999,0.12175,0,0.7141587362771691,0.7153082337960729,-0.0011494975189037028,1.5999317359522485e-05,19,19
B,92,20,0.1,0.5055,0,0.665290684401213,0.6684732706768027,-0.003182586275589769,0.0048286477631995514,12,15
B,92,20,0.5,0.506,0,0.6696442869117231,0.669140744221814,0.0005035426899090032,0.0030953946879863836,12,15
B,92,20,0.9,0.528,0,0.6690171932773782,0.6659353263903688,0.0030818668870093574,0.0008671553652493036,12,15
B,92,20,0.99,0.5165,0,0.6705244218585047,0.6702209308406973,0.00030349101780739605,9.35149925503556e-05,12,15
B,92,20,0.999,0.5155,0,0.6707495090787702,0.6707199477819938,2.956129677628986e-05,9.418751036838594e-06,12,15
B,93,20,0.1,0.52025,0,0.6689504913250969,0.5144886334250101,0.1544618579000868,0.0053067121000287395,13,13
B,93,20,0.5,0.56825,0,0.6942075382607609,0.6040734574611918,0.09013408079956918,0.0034136722104440125,13,13
B,93,20,0.9,0.5805,0,0.7480194915727308,0.7305853189529308,0.017434172619800136,0.0008700032422625584,13,13
B,93,20,0.99,0.57975,0,0.768391062343255,0.7667083617228021,0.0016827006204530415,9.238482725845114e-05,13,13
B,93,20,0.999,0.58025,0,0.7706691265142965,0.77050138537596,0.00016774113833642452,9.291512676515468e-06,13,13
B,94,20,0.1,0.47325,0,0.49673785905512424,0.7506127504669796,-0.2538748914118554,0.004906499848231385,9,17
B,94,20,0.5,0.32225,0,0.5239554559419206,0.7488906717544871,-0.2249352158125666,0.0029951938793894247,9,17
B,94,20,0.9,0.145,0,0.6310880782983889,0.752021585136748,-0.12093350683835911,0.0017033572523608455,9,17
B,94,20,0.99,0.12275,0,0.6745845287740639,0.7573505969557444,-0.08276606818168021,0.0017469452426004896,9,17
B,94,20,0.999,0.12075,0,0.6794849123410004,0.7580447455379073,-0.07855983319690699,0.0017644184795862557,9,17
B,95,20,0.1,0.5065,0,0.7472705835482957,0.743761383456845,0.0035092000914506557,0.0034762405526945774,10,10
B,95,20,0.5,0.49825,0,0.7411135701382394,0.7293053866154904,0.01180818352274903,0.00238367909272785,10,10
B,95,20,0.9,0.4795,0,0.7522565300529528,0.7430237158823714,0.009232814170581461,0.0007048831815622537,10,10
B,95,20,0.99,0.475,0,0.757459586084555,0.7562736526052799,0.0011859334792751945,7.810822453620006e-05,10,10
B,95,20,0.999,0.475,0,0.7580373351466158,0.7579158870346722,0.00012144811194373181,7.891336012410476e-06,10,10
B,96,20,0.1,0.524,0,0.6641046624128134,0.5056699125717915,0.15843474984102188,0.005523596133387197,10,15
B,96,20,0.5,0.57925,0,0.6725655986427135,0.5594920585519915,0.11307354009072193,0.00398707526291259,10,15
B,96,20,0.9,0.55425,0,0.7500330827929717,0.721756548404885,0.028276534388086597,0.002263154134973895,10,15
B,96,20,0.99,0.49625,0,0.8055296471897082,0.8022249856746267,0.003304661515081519,0.0018483870664841198,10,15
B,96,20,0.999,0.49125,0,0.8132812657732725,0.8119988198802832,0.0012824458929893959,0.001834987773345793,10,15
B,97,20,0.1,0.495,0,0.7333204580745529,0.6520339298745432,0.08128652820000976,0.004332189463591118,13,13
B,97,20,0.5,0.53975,0,0.69243976515051,0.6418593995968638,0.05058036555364616,0.0024259473431295486,13,13
B,97,20,0.9,0.525,0,0.6946899483572411,0.6895930001357068,0.005096948221534344,0.0005584078704176456,13,13
B,97,20,0.99,0.50725,0,0.706169301610312,0.705831516266808,0.00033778534350412153,5.817091767296496e-05,13,13
B,97,20,0.999,0.50575,0,0.7075635796477284,0.7075315949565645,3.198469116390171e-05,5.839169402462045e-06,13,13
B,98,20,0.1,0.48725,0,0.6610317567197859,0.6655603752440218,-0.00452861852423599,0.004799070770911367,17,17
B,98,20,0.5,0.46425,0,0.6655983462987612,0.6902886363243341,-0.024690290025572905,0.0026862392004849294,17,17
B,98,20,0.9,0.3985,0,0.727620521164987,0.7391547342065857,-0.011534213041598768,0.0005860982071514684,17,17
B,98,20,0.99,0.3785,0,0.7544853661354216,0.7558202156950872,-0.0013348495596654916,6.058917174917591e-05,17,17
B,98,20,0.999,0.37725,0,0.7574633717725489,0.7575986037484672,-0.0001352319759184218,6.079365318905706e-06,17,17
B,99,20,0.1,0.4945,0,0.5257634852480078,0.7482034430016201,-0.22243995775361247,0.003802017357535238,17,17
B,99,20,0.5,0.40325,0,0.5963681765297902,0.750515108904071,-0.1541469323742807,0.002619684620483549,17,17
B,99,20,0.9,0.2995,0,0.7140756446997348,0.772724410563504,-0.058648765863769096,0.0009260906179773232,17,17
B,99,20,0.99,0.2655,0,0.7821037842760792,0.7893762502477528,-0.00727246597167372,0.00011020783636888856,17,17
B,99,20,0.999,0.26125,0,0.7906364480233053,0.7913795971956905,-0.0007431491723851369,1.1229003581395682e-05,17,17
B,100,20,0.1,0.459,0,0.5142433452112296,0.748830503785248,-0.2345871585740183,0.004964374460108535,16,16
B,100,20,0.5,0.331,0,0.5933146847833763,0.7489598923517308,-0.1556452075683544,0.0030651432003861263,16,16
B,100,20,0.9,0.12675,0,0.7546114271852473,0.8050141257540387,-0.05040269856879131,0.000740643673336385,16,16
B,100,20,0.99,0.07025,0,0.8440946285510869,0.8504670814660676,-0.006372452914980709,7.851463254897739e-05,16,16
B,100,20,0.999,0.06525,0,0.8556847457236914,0.8563390570995163,-0.0006543113758249425,7.890600878313246e-06,16,16
B,101,20,0.1,0.51825,0,0.6639654963229593,0.502887204533325,0.16107829178963437,0.003498990877962966,16,16
B,101,20,0.5,0.60125,0,0.6609466809973856,0.5476209113624327,0.11332576963495285,0.00229200608381216,16,16
B,101,20,0.9,0.69925,0,0.6838074549612592,0.6530555791835421,0.030751875777717104,0.0005956512559329367,16,16
B,101,20,0.99,0.7255,0,0.699177198831379,0.695718468579347,0.0034587302520320976,6.525908224849269e-05,16,16
B,101,20,0.999,0.7275,0,0.70111852512562,0.7007680567831757,0.00035046834244427703,6.5900222857659734e-06,16,16
B,102,20,0.1,0.50675,0,0.7357535299765572,0.5182193101475905,0.21753421982896673,0.005029540239558512,17,17
B,102,20,0.5,0.631,0,0.7148791569812531,0.5866297973486271,0.12824935963262604,0.003278035205009078,17,17
B,102,20,0.9,0.82175,0,0.7555138424679892,0.7193576355503073,0.0361562069176819,0.0009395276681847779,17,17
B,102,20,0.99,0.865,0,0.7823449456896927,0.7782473610677446,0.00409758462194813,0.00010654309825546888,17,17
B,102,20,0.999,0.8675,0,0.7855712963307718,0.7851563574552867,0.0004149388754851555,1.079438909083119e-05,17,17
B,103,20,0.1,0.499,0,0.5305126626849317,0.5144012386702742,0.01611142401465759,0.0059903537715249875,17,17
B,103,20,0.5,0.52175,0,0.6182520815217365,0.58606338223457,0.03218869928716637,0.003970958332533706,17,17
B,103,20,0.9,0.49525,0,0.7338208557988839,0.7270266892026548,0.006794166596229237,0.0012056417323683948,17,17
B,103,20,0.99,0.4645,0,0.786561557620393,0.7864030149662729,0.00015854265412016086,0.00014163440673529396,17,17
B,103,20,0.999,0.46225,0,0.7932185939595481,0.7932100658602433,8.528099304693434e-06,1.442398617238089e-05,17,17
B,104,20,0.1,0.4845,0,0.6714597153532127,0.7311591980657418,-0.05969948271252919,0.004416118704697404,18,18
B,104,20,0.5,0.473,0,0.6958471683647736,0.7044456907731246,-0.008598522408351184,0.002743338650487438,18,18
B,104,20,0.9,0.48075,0,0.7343062604587762,0.7304930900770068,0.0038131703817692727,0.0006633862278730745,18,18
B,104,20,0.99,0.484,0,0.7459562378070557,0.7454540799424912,0.0005021578645643483,6.918156139765891e-05,18,18
B,104,20,0.999,0.486,0,0.7471881979953252,0.7471368406276855,5.1357367639547904e-05,6.945100439793692e-06,18,18
B,105,20,0.1,0.50225,0,0.5250891049253332,0.5307702958681182,-0.005681190942784913,0.005849216601124965,6,14
B,105,20,0.5,0.47925,0,0.5915491521858787,0.6173963596498668,-0.02584720746398807,0.0035795938402482966,6,14
B,105,20,0.9,0.425,0,0.6817259794344994,0.7210855976650128,-0.03935961823051329,0.0016686801649737442,6,14
B,105,20,0.99,0.40175,0,0.7076207994368205,0.7518878936884591,-0.04426709425163856,0.0014832344925914832,6,14
B,105,20,0.999,0.40175,0,0.7103419533138183,0.7551667831400679,-0.04482482982624964,0.001477276257019205,6,14
B,106,20,0.1,0.48525,0,0.51587388633512,0.6617878949965353,-0.14591400866141527,0.005159693126510547,18,18
B,106,20,0.5,0.419,0,0.5864615010817297,0.6732617834573857,-0.08680028237565592,0.002550940757647619,18,18
B,106,20,0.9,0.2675,0,0.7318275203389203,0.7576237760759031,-0.025796255736982916,0.00048435707984038293,18,18
B,106,20,0.99,0.20175,0,0.7973212707429649,0.8003279379352568,-0.003006667192291853,4.8939779434771215e-05,18,18
B,106,20,0.999,0.1915,0,0.8052788751202661,0.8055847987002601,-0.000305923579994144,4.904385871264411e-06,18,18
B,107,20,0.1,0.5195,0,0.7308577023206131,0.6643143423872764,0.06654335993333677,0.003514294476781591,18,17
B,107,20,0.5,0.52575,0,0.6901439249973133,0.669125498518747,0.021018426478566252,0.001955977806330677,18,17
B,107,20,0.9,0.512,0,0.6847085995464203,0.6827562678346537,0.001952331711766594,0.00041040889327255474,18,17
B,107,20,0.99,0.50725,0,0.6874048346431837,0.6872272401187948,0.0001775945243888563,4.104979115108199e-05,18,17
B,107,20,0.999,0.50725,0,0.6877296320436777,0.687711913035482,1.771900819550261e-05,4.1060685595635365e-06,18,17
B,108,20,0.1,0.488,0,0.6634594380127272,0.6572358080144179,0.006223629998309298,0.0046897828986373555,13,13
B,108,20,0.5,0.50975,0,0.669305853507912,0.6503782311390274,0.018927622368884817,0.002545476513440912,13,13
B,108,20,0.9,0.53025,0,0.6748522362655601,0.6712586478536406,0.0035935884119195193,0.00047287716772312236,13,13
B,108,20,0.99,0.536,0,0.6771372666089929,0.6768184837865759,0.00031878282241693857,4.62170330528548e-05,13,13
B,108,20,0.999,0.5365,0,0.6774033122340475,0.677371880464882,3.143176916562354e-05,4.610933366829867e-06,13,13
B,109,20,0.1,0.50025,0,0.6675264228623584,0.6590440444003952,0.008482378461963267,0.004771680509277249,7,5
B,109,20,0.5,0.51,0,0.6768504117930804,0.6484897940374865,0.0283606177555938,0.0029496998348450274,7,5
B,109,20,0.9,0.5075,0,0.6891301375687721,0.6404553649952749,0.048674772573497234,0.0018577894524903907,7,5
B,109,20,0.99,0.51,0,0.6936979197757105,0.6388299123004857,0.05486800747522483,0.0017839073135656823,7,5
B,109,20,0.999,0.50975,0,0.6941966439621402,0.6386733313612856,0.05552331260085463,0.0017806678454315413,7,5
B,110,20,0.1,0.501,0,0.7396639247948406,0.6667796663216632,0.07288425847317753,0.004419144266139404,16,16
B,110,20,0.5,0.536,0,0.7253206507176047,0.6862822647616299,0.03903838595597471,0.003055006934484639,16,16
B,110,20,0.9,0.621,0,0.7640777896123029,0.7504322993098484,0.01364549030245447,0.0009008214354558106,16,16
B,110,20,0.99,0.649,0,0.7827170326517955,0.7810182762165835,0.0016987564352120767,0.00010026193087045328,16,16
B,110,20,0.999,0.651,0,0.7847892227226776,0.7846162118014577,0.00017301092121968398,1.0124504079530531e-05,16,16
B,111,20,0.1,0.5045,0,0.6625504490036903,0.5053112173717268,0.15723923163196357,0.005739763996089722,8,1
B,111,20,0.5,0.56625,0,0.6479484856718186,0.5053112173717269,0.1426372683000916,0.005444962430285148,8,1
B,111,20,0.9,0.636,0,0.6889936370631972,0.5053112173717269,0.18368241969147034,0.004660784216085975,8,1
B,111,20,0.99,0.65725,0,0.7316139118165172,0.5053112173717269,0.22630269444479026,0.003991097247694024,8,1
B,111,20,0.999,0.65975,0,0.7376289458264587,0.5053112173717268,0.23231772845473178,0.003907256055508542,8,1
B,112,20,0.1,0.50225,0,0.7452383953766126,0.736831070218173,0.008407325158439668,0.0035745397118593777,16,16
B,112,20,0.5,0.53325,0,0.7415531842480557,0.7085991806678065,0.03295400358024935,0.002940331172668212,16,16
B,112,20,0.9,0.62875,0,0.792584573997133,0.75569371613641,0.036890857860723124,0.0013602648066096247,16,16
B,112,20,0.99,0.65375,0,0.817629813949418,0.8114432292364423,0.006186584712975755,0.0001839676857834418,16,16
B,112,20,0.999,0.65625,0,0.820523165162646,0.8198674766082086,0.0006556885544373292,1.904149994094465e-05,16,16
B,113,20,0.1,0.47125,0,0.5144113756099336,0.7380854063962003,-0.2236740307862668,0.004943537647366407,20,20
B,113,20,0.5,0.384,0,0.5908210993373875,0.7246811896753431,-0.13386009033795573,0.002847181397075914,20,20
B,113,20,0.9,0.28125,0,0.7296153983885497,0.7673118030909004,-0.037696404702350805,0.0007132016952451079,20,20
B,113,20,0.99,0.249,0,0.7905298172541284,0.7949753757950488,-0.004445558540920539,7.776151189332749e-05,20,20
B,113,20,0.999,0.246,0,0.7979444504026517,0.7983969110311283,-0.00045246062847661766,7.857003643532849e-06,20,20
B,114,20,0.1,0.479,0,0.5000209542102603,0.7395164813673603,-0.23949552715709996,0.005003767982185369,17,17
B,114,20,0.5,0.373,0,0.5407142263154789,0.706855094978836,-0.16614086866335714,0.003128209713297883,17,17
B,114,20,0.9,0.21775,0,0.6657121321494184,0.7225569383455893,-0.056844806196170806,0.0007886780803345896,17,17
B,114,20,0.99,0.16925,0,0.7372948500807504,0.7443017339214945,-0.007006883840744153,9.02074379638007e-05,17,17
B,114,20,0.999,0.16475,0,0.7463524516620271,0.7470697832777332,-0.0007173316157061003,9.174675756968839e-06,17,17
B,115,20,0.1,0.512,0,0.7460633168984043,0.6659490662226049,0.08011425067579944,0.004488276068630589,16,16
B,115,20,0.5,0.5705,0,0.7505656841198227,0.6569551082209618,0.09361057589886096,0.0033580787341199814,16,16
B,115,20,0.9,0.67175,0,0.7984767006552865,0.7403585452707175,0.058118155384568916,0.0013280605508008982,16,16
B,115,20,0.99,0.70125,0,0.8203035698424767,0.812002045580828,0.008301524261648563,0.00016825758487559357,16,16
B,115,20,0.999,0.7055,0,0.8227940429321882,0.8219302161796056,0.0008638267525826081,1.7263231301496616e-05,16,16
B,116,20,0.1,0.5145,0,0.6699505349490208,0.49996654414817726,0.16998399080084356,0.005778097764974344,18,1
B,116,20,0.5,0.60075,0,0.695217872530152,0.49996654414817737,0.19525132838197462,0.005239258305468257,18,1
B,116,20,0.9,0.75625,0,0.7910647966454779,0.4999665441481773,0.2910982524973006,0.004632504427034797,18,1
B,116,20,0.99,0.81825,0,0.8381987713922895,0.49996654414817737,0.338232227244112,0.004403559718568801,18,1
B,116,20,0.999,0.82425,0,0.8437663018011858,0.4999665441481773,0.34379975765300846,0.004381528171977314,18,1
B,117,20,0.1,0.49725,0,0.7449369908988833,0.7393552079971993,0.005581782901683924,0.0038225942413562253,17,17
B,117,20,0.5,0.523,0,0.7359347553043599,0.7121499405240763,0.023784814780283745,0.0020812244355410676,17,17
B,117,20,0.9,0.55675,0,0.7316260488101836,0.724477709259727,0.007148339550456549,0.0004227221279165238,17,17
B,117,20,0.99,0.56125,0,0.7340404027924431,0.7333301232055706,0.0007102795868724879,4.279093243899136e-05,17,17
B,117,20,0.999,0.56125,0,0.734395639914408,0.7343248688827465,7.077103166151552e-05,4.284365853783424e-06,17,17
B,118,20,0.1,0.5195,0,0.736113351541879,0.5200499482702456,0.21606340327163337,0.004885980518260525,12,12
B,118,20,0.5,0.60625,0,0.7268290010629094,0.6114359522625977,0.11539304880031152,0.0025395446025141487,12,12
B,118,20,0.9,0.722,0,0.7449813842069674,0.7200875361324993,0.0248938480744681,0.0004795165461127485,12,12
B,118,20,0.99,0.75225,0,0.7534749936411388,0.7509006727393502,0.0025743209017885286,4.76310857375924e-05,12,12
B,118,20,0.999,0.75475,0,0.7544351408040982,0.7541767485667565,0.00025839223734181203,4.761430168836363e-06,12,12
B,119,20,0.1,0.52,0,0.7450554158159738,0.6514873859611195,0.09356802985485428,0.0037574601000571633,18,18
B,119,20,0.5,0.60375,0,0.7351105184801711,0.629324951515554,0.105785566964617,0.002574437630242461,18,18
B,119,20,0.9,0.77,0,0.7364207501560068,0.6899906588501638,0.04643009130584305,0.0008504682169212447,18,18
B,119,20,0.99,0.81275,0,0.7433744370112302,0.7377009986020794,0.005673438409150806,9.467733959160627e-05,18,18
B,119,20,0.999,0.817,0,0.7443696370013317,0.7437910563860914,0.0005785806152402251,9.570798129698326e-06,18,18
B,120,20,0.1,0.504,0,0.6597431722803413,0.7437843035956149,-0.08404113131527365,0.0038056196161223668,14,14
B,120,20,0.5,0.45975,0,0.6687433515114153,0.7441314288118968,-0.07538807730048135,0.0025856354970388304,14,14
B,120,20,0.9,0.37675,0,0.7561396732905002,0.7834369116662193,-0.02729723837571903,0.0007443996650376359,14,14
B,120,20,0.99,0.35975,0,0.7960028009360406,0.7991490311086152,-0.0031462301725746662,8.153625289386205e-05,14,14
B,120,20,0.999,0.3575,0,0.8005245759076703,0.8008438685193756,-0.00031929261170517717,8.213085939723546e-06,14,14
B,121,20,0.1,0.483,0,0.5243539971891389,0.6663433557526496,-0.14198935856351053,0.005118291000030274,16,16
B,121,20,0.5,0.4435,0,0.6013524331646756,0.6728506136649026,-0.07149818050022709,0.002785750132918449,16,16
B,121,20,0.9,0.37475,0,0.7089834792539736,0.7311867119958259,-0.022203232741852236,0.0006762812269806926,16,16
B,121,20,0.99,0.357,0,0.7530377838629391,0.7556591761137443,-0.002621392250805294,7.35557099007547e-05,16,16
B,121,20,0.999,0.35375,0,0.758082961825328,0.7583497858748588,-0.00026682404953083997,7.426954766327602e-06,16,16
B,122,20,0.1,0.49075,0,0.6709370864906584,0.6739697746374786,-0.003032688146820104,0.004603429134481759,18,18
B,122,20,0.5,0.48625,0,0.6828964190001764,0.6938196338994614,-0.010923214899285093,0.002405907572413736,18,18
B,122,20,0.9,0.4705,0,0.7184668468585359,0.7241497012161983,-0.005682854357662556,0.0004928965907221926,18,18
B,122,20,0.99,0.46525,0,0.7349809082172596,0.7356496631134598,-0.0006687548962002328,5.048705680469526e-05,18,18
B,122,20,0.999,0.4655,0,0.7369131053253225,0.736981010791866,-6.790546654336053e-05,5.063929260536703e-06,18,18
B,123,20,0.1,0.50275,0,0.6711425574317385,0.6669329194472691,0.004209637984469227,0.004703621405505495,12,12
B,123,20,0.5,0.49475,0,0.6714203581679768,0.6780650616073651,-0.006644703439388319,0.0027690540017790114,12,12
B,123,20,0.9,0.47625,0,0.7021107185514134,0.7105556541401261,-0.008444935588712638,0.000680512026386557,12,12
B,123,20,0.99,0.46525,0,0.7230941291625497,0.7242069656667234,-0.0011128365041737382,7.214157758271916e-05,12,12
B,123,20,0.999,0.46375,0,0.7256276889431699,0.725741673233799,-0.00011398429062902001,7.250358412652606e-06,12,12
B,124,20,0.1,0.5225,0,0.7420158063447798,0.519956032372336,0.22205977397244372,0.005087172137312356,19,19
B,124,20,0.5,0.607,0,0.7264012649774154,0.5919748990214303,0.13442636595598523,0.0034222548826421473,19,19
B,124,20,0.9,0.63525,0,0.7698489220560045,0.7369221886038837,0.03292673345212084,0.00116455456664207,19,19
B,124,20,0.99,0.6185,0,0.8037182285964211,0.8001255065841674,0.003592722012253717,0.00013911911054047867,19,19
B,124,20,0.999,0.61725,0,0.8079433620415255,0.8075814833831205,0.0003618786584050549,1.4171428946332472e-05,19,19
B,125,20,0.1,0.537,0,0.7394970664218279,0.48943024365755583,0.2500668227642721,0.004122491177707865,16,1
B,125,20,0.5,0.6305,0,0.7450523386908959,0.48943024365755594,0.25562209503333994,0.003940234610487338,16,1
B,125,20,0.9,0.7815,0,0.800651980499702,0.48943024365755594,0.3112217368421461,0.004140970350472944,16,1
B,125,20,0.99,0.8425,0,0.8331231852035619,0.48943024365755594,0.34369294154600594,0.004315401916880209,16,1
B,125,20,0.999,0.848,0,0.8370988534429782,0.48943024365755583,0.3476686097854224,0.004336062286291528,16,1
B,126,20,0.1,0.51475,0,0.7325227874565815,0.6570537688892313,0.07546901856735011,0.00425409784522469,15,15
B,126,20,0.5,0.5355,0,0.6987180088921927,0.650627268703302,0.0480907401888908,0.002372075643786399,15,15
B,126,20,0.9,0.4675,0,0.7347684402004214,0.7313912147598508,0.003377225440570602,0.000544807429768336,15,15
B,126,20,0.99,0.41225,0,0.7833932019115423,0.7836468970464241,-0.0002536951348818428,5.832904737855308e-05,15,15
B,126,20,0.999,0.403,0,0.7900016930831517,0.7900346106553179,-3.2917572166176604e-05,5.876255490695123e-06,15,15
B,127,20,0.1,0.4935,0,0.6694547818740302,0.7433619138859195,-0.07390713201188924,0.0035468518219647794,19,19
B,127,20,0.5,0.461,0,0.6884921407025784,0.7324828178075863,-0.04399067710500785,0.0017544342746434935,19,19
B,127,20,0.9,0.407,0,0.7457975010907649,0.7570497851182658,-0.01125228402750079,0.0003510198822146062,19,19
B,127,20,0.99,0.39,0,0.7711575005532285,0.7723795690773502,-0.001222068524121775,3.58691183875377e-05,19,19
B,127,20,0.999,0.387,0,0.774031941417479,0.7741551883784851,-0.00012324696100602463,3.596105899252224e-06,19,19
B,128,20,0.1,0.49575,0,0.6679599202267734,0.6640380654486386,0.003921854778134602,0.004817695088074906,19,19
B,128,20,0.5,0.48425,0,0.67034689456254,0.6844479861558445,-0.014101091593304518,0.0033175520907624463,19,19
B,128,20,0.9,0.442,0,0.7385249348502532,0.7455161047825868,-0.0069911699323334745,0.000986673477574163,19,19
B,128,20,0.99,0.427,0,0.770620298560146,0.771346583148974,-0.0007262845888279144,0.00011088221898070958,19,19
B,128,20,0.999,0.42625,0,0.7742761630123518,0.7743483653360868,-7.220232373492344e-05,1.1225895503507421e-05,19,19
B,129,20,0.1,0.46625,0,0.5173608622974514,0.7426945153561394,-0.22533365305868805,0.003779877585626999,18,17
B,129,20,0.5,0.3735,0,0.6128449925993887,0.7378664745184842,-0.12502148191909543,0.0021417625545372535,18,17
B,129,20,0.9,0.284,0,0.7418103048645177,0.7709642954400299,-0.029153990575512274,0.0004946091303599523,18,17
B,129,20,0.99,0.2625,0,0.7893787898233218,0.7925206869178733,-0.003141897094551372,5.330244833142866e-05,18,17
B,129,20,0.999,0.26025,0,0.7947626033447384,0.7950791885204421,-0.0003165851757036441,5.378246594119205e-06,18,17
B,130,20,0.1,0.52575,0,0.7505667904108482,0.5224360183797488,0.2281307720310993,0.004968464182601934,17,17
B,130,20,0.5,0.65,0,0.741243274497623,0.59579361809954,0.14544965639808288,0.003027551157865587,17,17
B,130,20,0.9,0.811,0,0.7506798519451702,0.7158151491990654,0.03486470274610484,0.0007721822692806621,17,17
B,130,20,0.99,0.84625,0,0.7618095354605651,0.7580871596984184,0.0037223757621466357,8.388132140419104e-05,17,17
B,130,20,0.999,0.849,0,0.7631932012737009,0.7628187201489857,0.00037448112471524466,8.465797901897726e-06,17,17
B,131,20,0.1,0.51275,0,0.49842866288116294,0.5238543048568526,-0.025425641975689594,0.005887905835460313,17,17
B,131,20,0.5,0.43875,0,0.5092525011751764,0.5991586923042891,-0.08990619112911268,0.003567992912816878,17,17
B,131,20,0.9,0.20275,0,0.6197755751582784,0.699077037653972,-0.07930146249569364,0.001238433103564604,17,17
B,131,20,0.99,0.13725,0,0.7335696652641456,0.7463085205221204,-0.012738855257974808,0.00016899318526630234,17,17
B,131,20,0.999,0.1345,0,0.7505698803799004,0.751905832697349,-0.0013359523174486295,1.7542935111530194e-05,17,17
B,132,20,0.1,0.52825,0,0.7424879714432866,0.5037776106484245,0.23871036079486194,0.004954267020120612,19,19
B,132,20,0.5,0.6345,0,0.7303021205324955,0.546173167208093,0.18412895332440268,0.003222701490014275,19,19
B,132,20,0.9,0.81175,0,0.7678843714188115,0.6977029846542714,0.07018138676454011,0.0009391716462442706,19,19
B,132,20,0.99,0.848,0,0.7949766008187948,0.7861497634266043,0.008826837392190654,0.00011074186838420518,19,19
B,132,20,0.999,0.851,0,0.7982092391217976,0.7973061829890896,0.0009030561327080164,1.1292655958324018e-05,19,19
B,133,20,0.1,0.4925,0,0.5260976842950353,0.7312710201272798,-0.20517333583224445,0.004879508898736074,13,13
B,133,20,0.5,0.437,0,0.6108856219515587,0.6924067234887864,-0.0815211015372276,0.002695106190181656,13,13
B,133,20,0.9,0.4165,0,0.6949065417278762,0.7097072894333546,-0.014800747705478316,0.0005875084540570218,13,13
B,133,20,0.99,0.4095,0,0.7166627083873978,0.718195291844838,-0.0015325834574402221,6.117260884674882e-05,13,13
B,133,20,0.999,0.41,0,0.7189535596119309,0.7191078559914783,-0.00015429637954757813,6.1495188775187254e-06,13,13
B,134,20,0.1,0.51675,0,0.7390999922335254,0.7420437391854716,-0.0029437469519462515,0.0038407592826671727,8,8
B,134,20,0.5,0.544,0,0.7130400399242905,0.7216251487384174,-0.008585108814126833,0.0021930639853522615,8,8
B,134,20,0.9,0.571,0,0.7141104933847343,0.718109617234795,-0.003999123850060635,0.0004524280178055096,8,8
B,134,20,0.99,0.57525,0,0.7178561077599641,0.71830671291725,-0.0004506051572858627,4.5261503788568357e-05,8,8
B,134,20,0.999,0.57575,0,0.7182909722319941,0.7183366506419709,-4.567840997685399e-05,4.529173548704332e-06,8,8
B,135,20,0.1,0.4995,0,0.5248310691380134,0.5037591446307077,0.021071924507305696,0.005787330108554688,20,20
B,135,20,0.5,0.55375,0,0.6194065304086179,0.5501404174481093,0.06926611296050873,0.0034277129776046546,20,20
B,135,20,0.9,0.626,0,0.7250434564709535,0.7014045206016892,0.02363893586926427,0.0008041300285988261,20,20
B,135,20,0.99,0.629,0,0.7664884132795002,0.7640315700155416,0.0024568432639585857,8.479475486923552e-05,20,20
B,135,20,0.999,0.62975,0,0.7714036835170975,0.771157085958069,0.00024659755902861575,8.523719834994957e-06,20,20
B,136,20,0.1,0.527,0,0.7395599942741863,0.5229898377752095,0.21657015649897665,0.0048742386625012565,15,15
B,136,20,0.5,0.6055,0,0.7023885777502248,0.5831735568933591,0.11921502085686568,0.002730722852140984,15,15
B,136,20,0.9,0.708,0,0.6801365426172197,0.6467446059946662,0.0333919366225534,0.0006869196324517837,15,15
B,136,20,0.99,0.7305,0,0.676927731116592,0.6732314716795889,0.0036962594370030947,7.360922973639432e-05,15,15
B,136,20,0.999,0.73325,0,0.6766285287471339,0.6762552868809611,0.00037324186617259005,7.408018160008918e-06,15,15
B,137,20,0.1,0.48625,0,0.5157616845746206,0.7462977412565496,-0.23053605668192903,0.005037935510433134,13,16
B,137,20,0.5,0.397,0,0.6076097686128173,0.74855437741878,-0.14094460880596263,0.0033407497954341422,13,16
B,137,20,0.9,0.327,0,0.7560729203434238,0.8089423542585467,-0.05286943391512286,0.0014649820426684483,13,16
B,137,20,0.99,0.32575,0,0.8132989017415232,0.8433649502530465,-0.030066048511523277,0.0011388222003108311,13,16
B,137,20,0.999,0.326,0,0.8197271653446888,0.8475213149482244,-0.027794149603535465,0.001127938512612047,13,16
B,138,20,0.1,0.52975,0,0.6664959525255378,0.5139946992505326,0.15250125327500508,0.003487852264283971,14,14
B,138,20,0.5,0.59225,0,0.682196914889286,0.5820677018863027,0.10012921300298343,0.0024976616579212834,14,14
B,138,20,0.9,0.66125,0,0.7205759650784582,0.6859062124630438,0.034669752615414384,0.0009279088513843568,14,14
B,138,20,0.99,0.66925,0,0.7347068074519671,0.7306267829720057,0.004080024479961425,0.0001096658688889544,14,14
B,138,20,0.999,0.66925,0,0.736278281929241,0.7358643650554134,0.0004139168738277078,1.113891385945323e-05,14,14
B,139,20,0.1,0.52125,0,0.7454588313349089,0.504198227890248,0.24126060344466072,0.0039008729169407843,11,11
B,139,20,0.5,0.62125,0,0.7091035290137367,0.5414490096072566,0.16765451940648024,0.0026112645590363522,11,11
B,139,20,0.9,0.7105,0,0.7103100262507068,0.6611503085670672,0.04915971768363973,0.0008053273506751774,11,11
B,139,20,0.99,0.721,0,0.7154307459018313,0.7099415692245049,0.00548917667732653,9.134857977522956e-05,11,11
B,139,20,0.999,0.7225,0,0.7160121061244472,0.7154564160135606,0.000555690110886673,9.25689703307178e-06,11,11
B,140,20,0.1,0.49125,0,0.5160221039819357,0.5082810227551317,0.0077410812268040715,0.005888139419489074,18,18
B,140,20,0.5,0.50375,0,0.5963685410977555,0.5858412217449918,0.010527319352763662,0.00352754044640164,18,18
B,140,20,0.9,0.48825,0,0.7071008886919865,0.7078496422453411,-0.0007487535533546343,0.0008742027223190274,18,18
B,140,20,0.99,0.47825,0,0.7543973216053897,0.7545759745891443,-0.00017865298375455837,9.357265130363015e-05,18,18
B,140,20,0.999,0.478,0,0.75997207877416,0.759991402199557,-1.932342539694021e-05,9.425402530784963e-06,18,18
B,141,20,0.1,0.5045,0,0.724051966648714,0.6683673806395451,0.055684586009168896,0.0044536884905429525,18,18
B,141,20,0.5,0.50975,0,0.6795951468718107,0.6703893609445274,0.009205785927283305,0.0032099696686339304,18,18
B,141,20,0.9,0.54975,0,0.7335382447377019,0.7288562949973852,0.0046819497403167215,0.0010745561633426959,18,18
B,141,20,0.99,0.563,0,0.764676271488843,0.7638253332822269,0.0008509382066159951,0.00012500168300595016,18,18
B,141,20,0.999,0.5645,0,0.7682293067525553,0.7681389642979766,9.034245457876693e-05,1.269580983417149e-05,18,18
B,142,20,0.1,0.525,0,0.7334398221124324,0.5239679121049879,0.20947191000744447,0.004818113661820105,15,15
B,142,20,0.5,0.571,0,0.7083264685796417,0.6199051460792105,0.08842132250043103,0.002671222725648248,15,15
B,142,20,0.9,0.5265,0,0.7329200789551458,0.7229923204544128,0.009927758500733196,0.0006386025277272267,15,15
B,142,20,0.99,0.50375,0,0.7499151614991736,0.7490911949932503,0.0008239665059233425,6.674241099394011e-05,15,15
B,142,20,0.999,0.4995,0,0.75185722059344,0.7517768192333795,8.040136006042807e-05,6.7148776794703285e-06,15,15
B,143,20,0.1,0.52,0,0.6623374527326237,0.5006154341270671,0.1617220186055565,0.005357188445051021,8,8
B,143,20,0.5,0.6015,0,0.649539622607173,0.5181058504971048,0.13143377211006815,0.0033381914235520492,8,8
B,143,20,0.9,0.69425,0,0.6400604063057197,0.601057536792684,0.03900286951303569,0.0008411547488054247,8,8
B,143,20,0.99,0.7105,0,0.6391780621842095,0.6349130850749257,0.004264977109283843,8.941309960812197e-05,8,8
B,143,20,0.999,0.712,0,0.6391149064651623,0.6386847135502586,0.0004301929149036908,8.998885240892958e-06,8,8
B,144,20,0.1,0.48575,0,0.6626845436272506,0.7361618108861873,-0.07347726725893661,0.0035892739965350277,15,15
B,144,20,0.5,0.47025,0,0.678708278303807,0.7065511236975615,-0.027842845393754444,0.001932725756714653,15,15
B,144,20,0.9,0.47975,0,0.7273344938091427,0.7299343643650767,-0.002599870555933946,0.00039720295414556446,15,15
B,144,20,0.99,0.4835,0,0.7438456035317741,0.744050567270046,-0.00020496373827188873,4.058379681159541e-05,15,15
B,144,20,0.999,0.48325,0,0.7456143672444722,0.7456343456488376,-1.997840436535374e-05,4.068040049247841e-06,15,15
B,145,20,0.1,0.498,0,0.6711438919304052,0.7493824581800398,-0.07823856624963449,0.004583020842074174,13,10
B,145,20,0.5,0.45875,0,0.6999138503558795,0.741229219728205,-0.04131536937232535,0.0033547183543649007,13,10
B,145,20,0.9,0.353,0,0.778324548069128,0.7745594732940099,0.0037650747751180732,0.0017879271013223094,13,10
B,145,20,0.99,0.287,0,0.8325545211017134,0.8040210298169961,0.02853349128471713,0.0013904638402000252,13,10
B,145,20,0.999,0.2785,0,0.8405608682138269,0.8079205845652445,0.03264028364858237,0.0013536639994150342,13,10
B,146,20,0.1,0.51025,0,0.7358001616225571,0.6556934893573197,0.08010667226523742,0.0036295670724014466,15,15
B,146,20,0.5,0.53025,0,0.6944597237352582,0.655810055552263,0.0386496681829951,0.0022618160241090327,15,15
B,146,20,0.9,0.57375,0,0.7347890019522358,0.7277992839555631,0.006989717996672765,0.0005841878932111802,15,15
B,146,20,0.99,0.58925,0,0.7674070750855806,0.7666803674606798,0.0007267076249008619,6.320523767746758e-05,15,15
B,146,20,0.999,0.59125,0,0.7713312362340508,0.7712591855632368,7.205067081398218e-05,6.3777346672241245e-06,15,15
B,147,20,0.1,0.5,0,0.7394723399828071,0.6674020442124909,0.07207029577031619,0.0038664371698335157,16,16
B,147,20,0.5,0.531,0,0.7223012580685143,0.6662065704891003,0.056094687579414076,0.0028648304677396956,16,16
B,147,20,0.9,0.60075,0,0.7370040160561052,0.7066171851004712,0.03038683095563399,0.0010234241940647467,16,16
B,147,20,0.99,0.6195,0,0.7445490702395348,0.7403771899578806,0.004171880281654113,0.00012515838277387558,16,16
B,147,20,0.999,0.6215,0,0.7453767905039106,0.7449455595352275,0.00043123096868310536,1.2775632287842617e-05,16,16
B,148,20,0.1,0.48275,0,0.5183085494096408,0.7358310988540954,-0.2175225494444545,0.003772888503587791,18,18
B,148,20,0.5,0.40475,0,0.5968867834341921,0.7077463023586799,-0.1108595189244877,0.0021097874033977853,18,18
B,148,20,0.9,0.34625,0,0.6875508218953944,0.7116124332375325,-0.02406161134213822,0.0005066313175497176,18,18
B,148,20,0.99,0.33375,0,0.7159063854637657,0.7184316992318229,-0.00252531376805712,5.4070637932481555e-05,18,18
B,148,20,0.999,0.333,0,0.7189664678851713,0.7192202196399137,-0.00025375175474250724,5.444164795157141e-06,18,18
B,149,20,0.1,0.50475,0,0.7426362252364939,0.7455374390877563,-0.0029012138512624587,0.003995179981576614,19,19
B,149,20,0.5,0.5085,0,0.7298813107343504,0.7216806402412133,0.008200670493137142,0.0024847186634912805,19,19
B,149,20,0.9,0.5055,0,0.7436944781279253,0.740722363298528,0.0029721148293972975,0.0005821213010978484,19,19
B,149,20,0.99,0.5005,0,0.7519596610928156,0.7517109014317773,0.00024875966103838753,6.051535270414812e-05,19,19
B,149,20,0.999,0.49975,0,0.7529473551499364,0.7529233705944287,2.398455550765527e-05,6.0828172579730476e-06,19,19
B,150,20,0.1,0.507,0,0.6712281662054779,0.6636261082104031,0.007602057995074867,0.004626960372439111,15,15
B,150,20,0.5,0.5105,0,0.6723708295289479,0.6669565426939698,0.00541428683497818,0.0024427875751547737,15,15
B,150,20,0.9,0.4765,0,0.7133565788195975,0.7152820877542676,-0.0019255089346703292,0.0005048344056244606,15,15
B,150,20,0.99,0.4485,0,0.7405456299532986,0.7409222343147353,-0.0003766043614365985,5.3078320369811404e-05,15,15
B,150,20,0.999,0.44525,0,0.7439345511594484,0.7439741768003069,-3.962564085843295e-05,5.3512373270961265e-06,15,15
B,151,20,0.1,0.49675,0,0.7314904537409979,0.6362855530288433,0.09520490071215458,0.004343327260930693,11,11
B,151,20,0.5,0.568,0,0.6836969844366318,0.5986833090379807,0.08501367539865112,0.002511803786185067,11,11
B,151,20,0.9,0.652,0,0.6512789013229519,0.6286602476034786,0.02261865371947312,0.0004991974511855369,11,11
B,151,20,0.99,0.67025,0,0.6450894416976971,0.6427329287941143,0.0023565129035827827,4.955232091854538e-05,11,11
B,151,20,0.999,0.67225,0,0.6444890718852231,0.6442525568838974,0.00023651500132578897,4.951352063084035e-06,11,11
B,152,20,0.1,0.491,0,0.6708118250071752,0.7438089491038958,-0.07299712409672054,0.004372487662048233,12,12
B,152,20,0.5,0.43775,0,0.6836131680819956,0.7316180427986355,-0.04800487471664012,0.0030117257388607432,12,12
B,152,20,0.9,0.335,0,0.7517564377113338,0.7705138411039472,-0.01875740339261331,0.0009568997806740535,12,12
B,152,20,0.99,0.32025,0,0.7871564717327176,0.789254195967681,-0.002097724234963307,0.00010657234902549291,12,12
B,152,20,0.999,0.31925,0,0.7911864908046724,0.7913975563813871,-0.0002110655767146269,1.0760156556747614e-05,12,12
B,153,20,0.1,0.5,0,0.5063713447925497,0.5119324921550604,-0.005561147362510595,0.005435043495465636,19,19
B,153,20,0.5,0.47,0,0.5396126944641303,0.573471949398212,-0.033859254934081734,0.0025188997828739113,19,19
B,153,20,0.9,0.37825,0,0.6587504742410843,0.6757501447645327,-0.016999670523448408,0.0004641449002926186,19,19
B,153,20,0.99,0.33575,0,0.7242039225070891,0.7264104930422106,-0.0022065705351216242,4.688034269549028e-05,19,19
B,153,20,0.999,0.329,0,0.7324476331454453,0.7326745542601755,-0.00022692111473012781,4.699008777456446e-06,19,19
B,154,20,0.1,0.496,0,0.5053714254629962,0.5053714254629962,2.7530061563751928e-18,4.986072906395158e-18,6,6
B,154,20,0.5,0.496,0,0.5311468787985288,0.5311468787985288,6.38378239159465e-19,1.2883286081345234e-18,6,6
B,154,20,0.9,0.496,0,0.5649437318807567,0.5649437318807567,8.118505867571458e-19,8.939527362812562e-19,6,6
B,154,20,0.99,0.496,0,0.5715893857098854,0.5715893857098854,-5.134781488891349e-19,9.898987941517588e-19,6,6
B,154,20,0.999,0.496,0,0.5722278675784156,0.5722278675784157,-1.1102230246251566e-18,9.28725743250657e-19,6,6
B,155,20,0.1,0.50975,0,0.7423730603604825,0.66342809945977,0.07894496090071237,0.0038269064118077196,15,15
B,155,20,0.5,0.53625,0,0.726213193457711,0.6831549030551555,0.04305829040255553,0.0024191181756916683,15,15
B,155,20,0.9,0.586,0,0.7603451980260948,0.7444594726871576,0.01588572533893727,0.0006345816211172222,15,15
B,155,20,0.99,0.61925,0,0.7804842215792355,0.7783206560696919,0.0021635655095434726,7.182482013991908e-05,15,15
B,155,20,0.999,0.6215,0,0.7827912916593126,0.7825681894754862,0.00022310218382649684,7.274091959254716e-06,15,15
B,156,20,0.1,0.47625,0,0.5136785428251847,0.7311023530599422,-0.21742381023475754,0.004890481776487112,15,15
B,156,20,0.5,0.45625,0,0.5982257134299023,0.6915113031659363,-0.09328558973603417,0.002978863645608969,15,15
B,156,20,0.9,0.5795,0,0.7146699511864082,0.7268353114829526,-0.01216536029654437,0.000876260969304459,15,15
B,156,20,0.99,0.62925,0,0.7537898680317975,0.7548325396313117,-0.0010426715995141861,9.867061471932601e-05,15,15
B,156,20,0.999,0.63775,0,0.7581567324664823,0.7582571078200805,-0.0001003753535982198,9.970013377064858e-06,15,15
B,157,20,0.1,0.49075,0,0.5215056215626187,0.6722450382679614,-0.15073941670534294,0.005541865639357141,14,14
B,157,20,0.5,0.4245,0,0.6035098523973859,0.7134077807051856,-0.1098979283077997,0.0038246267710232346,14,14
B,157,20,0.9,0.363,0,0.7287050506219971,0.782256775089194,-0.053551724467196804,0.0014731003197187497,14,14
B,157,20,0.99,0.37,0,0.8061245881005745,0.8135421891247205,-0.00741760102414594,0.00019011579187992007,14,14
B,157,20,0.999,0.3725,0,0.8166328573982264,0.8173986462905802,-0.000765788892353891,1.9524078949823778e-05,14,14
B,158,20,0.1,0.48475,0,0.5024021044285336,0.6574650857373293,-0.15506298130879567,0.005364570206755951,13,13
B,158,20,0.5,0.46275,0,0.5447115786956863,0.6530157144418618,-0.10830413574617566,0.00390888014521623,13,13
B,158,20,0.9,0.591,0,0.688456589631433,0.7168061225512292,-0.028349532919796253,0.001676473592493262,13,13
B,158,20,0.99,0.671,0,0.7669986018278098,0.7700881582919614,-0.0030895564641516167,0.00021942833910175262,13,13
B,158,20,0.999,0.6815,0,0.7770490027747774,0.7773590936452149,-0.0003100908704374874,2.2586632178050004e-05,13,13
B,159,20,0.1,0.49325,0,0.6549790998464273,0.6715761663519392,-0.01659706650551178,0.004842885905269308,18,18
B,159,20,0.5,0.448,0,0.6258111864102629,0.6967352295139132,-0.07092404310365029,0.0034394951391928928,18,18
B,159,20,0.9,0.31625,0,0.6937889101315523,0.7450460285546148,-0.05125711842306238,0.0012763413913277047,18,18
B,159,20,0.99,0.28075,0,0.7550273686047109,0.7618477374549056,-0.006820368850194814,0.00015317130554450478,18,18
B,159,20,0.999,0.27875,0,0.7629908378688339,0.7636913464158729,-0.0007005085470388366,1.5580814438503742e-05,18,18
B,160,20,0.1,0.48025,0,0.5174705033720026,0.7448426329180797,-0.22737212954607705,0.005004786780100389,16,16
B,160,20,0.5,0.38925,0,0.5902902562636213,0.7234005140012777,-0.13311025773765625,0.002964353469560158,16,16
B,160,20,0.9,0.2765,0,0.688567381079355,0.7203950520653418,-0.03182767098598692,0.0006819072655781331,16,16
B,160,20,0.99,0.24775,0,0.7223793732317945,0.7258460327224211,-0.003466659490626481,7.131315982822197e-05,16,16
B,160,20,0.999,0.24525,0,0.7262434989791048,0.726593376489626,-0.00034987751052117136,7.166057454431743e-06,16,16
B,161,20,0.1,0.48425,0,0.5194928634328291,0.7506793458041057,-0.23118648237127673,0.004971209806979561,17,17
B,161,20,0.5,0.40775,0,0.608244576717731,0.7459205462718823,-0.13767596955415126,0.0032389135765369735,17,17
B,161,20,0.9,0.4125,0,0.7612977251686366,0.7870377532543378,-0.0257400280857011,0.0009591237529818414,17,17
B,161,20,0.99,0.42925,0,0.8113742716293878,0.8138369858199488,-0.0024627141905610656,0.00010790194904367151,17,17
B,161,20,0.999,0.43175,0,0.8168245682913282,0.817069694225097,-0.0002451259337687046,1.0922887229067268e-05,17,17
B,162,20,0.1,0.4805,0,0.5258709768623059,0.6643612014489084,-0.13849022458660268,0.0052215751996292385,17,17
B,162,20,0.5,0.43425,0,0.5967644067551542,0.6760714120552741,-0.07930700530011997,0.002722310249523045,17,17
B,162,20,0.9,0.363,0,0.7015398763843687,0.7234308018506482,-0.02189092546627949,0.0005199371499340174,17,17
B,162,20,0.99,0.332,0,0.7424519172635171,0.7450625160980351,-0.002610598834518048,5.378886056313411e-05,17,17
B,162,20,0.999,0.32725,0,0.7474696128495686,0.7477361369255147,-0.0002665240759460254,5.418362419339256e-06,17,17
B,163,20,0.1,0.483,0,0.525048018844961,0.7513470559811198,-0.22629903713615895,0.004943322694384058,17,17
B,163,20,0.5,0.36975,0,0.5755823576917751,0.7397218578979238,-0.16413950020614873,0.0030657851118669997,17,17
B,163,20,0.9,0.181,0,0.6887900434284172,0.7579399881972172,-0.06914994476880008,0.0009656000941043498,17,17
B,163,20,0.99,0.151,0,0.7593785254941487,0.7680549624794804,-0.008676436985331378,0.00011758149884954468,17,17
B,163,20,0.999,0.14825,0,0.7682709464161644,0.7691592020632693,-0.0008882556471047939,1.2012230703215698e-05,17,17
B,164,20,0.1,0.5225,0,0.7443009136695111,0.508038499920819,0.23626241374869228,0.004888601018401648,18,18
B,164,20,0.5,0.60625,0,0.7275462075065565,0.5901730637896614,0.13737314371689519,0.0029964067847861246,18,18
B,164,20,0.9,0.6865,0,0.7525047979403582,0.7174617466017337,0.03504305133862445,0.000730938213043561,18,18
B,164,20,0.99,0.7095,0,0.7706602698040109,0.7666881139921147,0.003972155811896053,7.929557517795972e-05,18,18
B,164,20,0.999,0.71175,0,0.7727694176442796,0.7723672685643039,0.0004021490799756533,8.002343663255138e-06,18,18
B,165,20,0.1,0.51825,0,0.6566378220202203,0.667209839038644,-0.010572017018423847,0.0048229458083433666,17,17
B,165,20,0.5,0.4955,0,0.6734563121862778,0.6909951109355968,-0.017538798749319216,0.0031098395571841652,17,17
B,165,20,0.9,0.477,0,0.776641481683731,0.7745025917594899,0.0021388899242411777,0.0009320743036946495,17,17
B,165,20,0.99,0.512,0,0.8237562546892732,0.82275753705933,0.0009987176299432095,0.00010954227035666829,17,17
B,165,20,0.999,0.5175,0,0.8292191508879301,0.8291087518748457,0.0001103990130844131,1.1149988413929733e-05,17,17
B,166,20,0.1,0.49225,0,0.5186638952813467,0.4968856467531457,0.02177824852820104,0.006017994115465716,17,17
B,166,20,0.5,0.5535,0,0.5999253645840719,0.5427961954370194,0.05712916914705248,0.004169927017629929,17,17
B,166,20,0.9,0.674,0,0.7123132118674734,0.6719707720105546,0.04034243985691897,0.0012658557345044718,17,17
B,166,20,0.99,0.719,0,0.7451751028744877,0.7397156277821008,0.005459475092387072,0.00014401006117693388,17,17
B,166,20,0.999,0.7255,0,0.7486815186825035,0.7481179543013406,0.0005635643811629207,1.4605141277194228e-05,17,17
B,167,20,0.1,0.51425,0,0.6577789056743437,0.5040356972190787,0.15374320845526507,0.005306493983025996,17,2
B,167,20,0.5,0.593,0,0.6477722441536564,0.5030575416309917,0.14471470252266466,0.0038037594323490063,17,2
B,167,20,0.9,0.72675,0,0.682842221307504,0.5024912410273624,0.18035098028014152,0.0029735381280086804,17,2
B,167,20,0.99,0.78825,0,0.725173883444742,0.5023951975832793,0.22277868586146257,0.0031830026478710427,17,2
B,167,20,0.999,0.79575,0,0.7312253762726627,0.5023860688917532,0.22883930738090957,0.00323572735700265,17,2
B,168,20,0.1,0.47975,0,0.5012223916549841,0.7465190617434776,-0.24529667008849343,0.004987013556886929,14,14
B,168,20,0.5,0.32925,0,0.5323768331085419,0.741619625138034,-0.20924279202949217,0.003091969498328572,14,14
B,168,20,0.9,0.1315,0,0.695724895445062,0.7672710337000468,-0.07154613825498476,0.0008254097009102391,14,14
B,168,20,0.99,0.09975,0,0.775101062410268,0.7834186410134253,-0.008317578603157252,9.149570875987917e-05,14,14
B,168,20,0.999,0.0965,0,0.7845396347375533,0.7853847878897193,-0.000845153152166116,9.257589703257288e-06,14,14
B,169,20,0.1,0.51275,0,0.5147016481762273,0.49785559153201475,0.016846056644212667,0.005958669582455148,16,16
B,169,20,0.5,0.536,0,0.5685648750595056,0.5286334148907759,0.03993146016872958,0.003895405435761933,16,16
B,169,20,0.9,0.71825,0,0.6810613388404904,0.6342079842134062,0.046853354627084204,0.0012954083160055722,16,16
B,169,20,0.99,0.792,0,0.7404533564562753,0.7317404133120805,0.008712943144194745,0.00016745669228896117,16,16
B,169,20,0.999,0.80025,0,0.7477274128080067,0.7467992308044383,0.0009281820035685144,1.7305734664688074e-05,16,16
B,170,20,0.1,0.494,0,0.6582161735247789,0.6653048867510294,-0.007088713226250334,0.005056968202669713,11,11
B,170,20,0.5,0.4855,0,0.6651952899194091,0.6810621050015043,-0.01586681508209519,0.0035121583388526213,11,11
B,170,20,0.9,0.533,0,0.7419095267045361,0.7439971185286478,-0.0020875918241115895,0.0011089576964298192,11,11
B,170,20,0.99,0.5665,0,0.7784529191303619,0.7784710791760509,-1.816004568896447e-05,0.00012998050664877423,11,11
B,170,20,0.999,0.56975,0,0.7827558180791447,0.7827560191563008,-2.0107715607346754e-07,1.3200217594518318e-05,11,11
B,171,20,0.1,0.5155,0,0.6684569691310365,0.5142591462951386,0.15419782283589784,0.005309034414350359,16,16
B,171,20,0.5,0.592,0,0.6682991022439824,0.5729170539123848,0.09538204833159775,0.0031313186142461836,16,16
B,171,20,0.9,0.68775,0,0.6806283808867343,0.6529444452077514,0.027683935678982852,0.0007770689093551888,16,16
B,171,20,0.99,0.71475,0,0.6860692909748084,0.6829166008055062,0.0031526901693022156,8.365691984201771e-05,16,16
B,171,20,0.999,0.71625,0,0.6866758860271367,0.6863564356514289,0.00031945037570779613,8.438212577181e-06,16,16
B,172,20,0.1,0.527,0,0.7245673662119573,0.5185436420845351,0.2060237241274221,0.0050034143599897146,15,15
B,172,20,0.5,0.60175,0,0.6752194208974761,0.5686966972326493,0.10652272366482662,0.003071578951102369,15,15
B,172,20,0.9,0.686,0,0.6809009087780546,0.6471907363905981,0.033710172387456466,0.0008180615857539813,15,15
B,172,20,0.99,0.70925,0,0.6880967178339192,0.6840872068748363,0.0040095109590829224,9.157996808356841e-05,15,15
B,172,20,0.999,0.71125,0,0.6889174066340494,0.6885090284381363,0.0004083781959131098,9.272354720467577e-06,15,15
B,173,20,0.1,0.504,0,0.7392567527879345,0.7441309949509045,-0.004874242162970041,0.003971542691014814,17,17
B,173,20,0.5,0.494,0,0.7364419237213752,0.7459128721374638,-0.009470948416088618,0.0022482107067043644,17,17
B,173,20,0.9,0.48325,0,0.7734914244155823,0.775896756512522,-0.0024053320969396135,0.0004925362539758126,17,17
B,173,20,0.99,0.48375,0,0.7913103338739504,0.7915081350872226,-0.0001978012132722889,5.043777649247419e-05,17,17
B,173,20,0.999,0.483,0,0.7933237771395351,0.7933424789200912,-1.8701780556154972e-05,5.064621832717496e-06,17,17
B,174,20,0.1,0.49275,0,0.6743177844255902,0.7390872403013389,-0.0647694558757486,0.0044053226410215975,17,16
B,174,20,0.5,0.4785,0,0.7002598696736017,0.7211974120226666,-0.02093754234906502,0.003012292156685534,17,16
B,174,20,0.9,0.4765,0,0.7498696283897587,0.7543190013912021,-0.004449373001443475,0.0007878739120714004,17,16
B,174,20,0.99,0.47425,0,0.7687214573357865,0.7692324590601813,-0.0005110017243948388,8.295297391829768e-05,17,16
B,174,20,0.999,0.4745,0,0.770783491231634,0.7708348073941579,-5.131616252381674e-05,8.33983989891343e-06,17,16
B,175,20,0.1,0.50975,0,0.6681569257774201,0.5271269144251194,0.14103001135230064,0.003236742957081064,20,20
B,175,20,0.5,0.553,0,0.675565418322159,0.6109071305788616,0.0646582877432974,0.0015832928403489357,20,20
B,175,20,0.9,0.58275,0,0.7150559165998093,0.7031001459520456,0.011955770647763628,0.000309229763162558,20,20
B,175,20,0.99,0.59275,0,0.7357602100369492,0.7344981474498172,0.0012620625871320446,3.223759719124955e-05,20,20
B,175,20,0.999,0.59325,0,0.738162130712145,0.7380350142883536,0.00012711642379126898,3.241598376089957e-06,20,20
B,176,20,0.1,0.48925,0,0.7389591868020429,0.6541365148933128,0.08482267190873019,0.004528828742012238,19,19
B,176,20,0.5,0.547,0,0.7236440271712231,0.6433387911175759,0.08030523605364738,0.0033363703509746295,19,19
B,176,20,0.9,0.65275,0,0.7275475684575697,0.6903314927008953,0.0372160757566743,0.0011271001543165778,19,19
B,176,20,0.99,0.66825,0,0.7328236029542711,0.728086913697349,0.0047366892569220805,0.0001322522714783612,19,19
B,176,20,0.999,0.671,0,0.733464770663819,0.7329806537631667,0.0004841169006523497,1.3435592826542013e-05,19,19
B,177,20,0.1,0.4715,0,0.503551613110148,0.7383719264509359,-0.2348203133407879,0.0038284118609055026,17,17
B,177,20,0.5,0.36325,0,0.5504069110460194,0.7144224953025345,-0.1640155842565152,0.0023877271196160936,17,17
B,177,20,0.9,0.211,0,0.6741957045523594,0.7419014843519427,-0.06770577979958332,0.001145348222675066,17,17
B,177,20,0.99,0.1835,0,0.7475253365979398,0.7574833689146023,-0.009958032316662584,0.00018277617400292516,17,17
B,177,20,0.999,0.18125,0,0.7581698528174973,0.7592128155340958,-0.0010429627165986148,1.922283502024278e-05,17,17
B,178,20,0.1,0.50325,0,0.7423955322383301,0.6660628131923996,0.07633271904593063,0.003620321607953131,14,14
B,178,20,0.5,0.535,0,0.7303065349776343,0.6825471388919168,0.04775939608571766,0.0021277517268413044,14,14
B,178,20,0.9,0.561,0,0.7293749335144014,0.7172004466378626,0.012174486876538718,0.0004795946584206732,14,14
B,178,20,0.99,0.5665,0,0.7298610535534394,0.7285712768914939,0.0012897766619455859,4.964493695658419e-05,14,14
B,178,20,0.999,0.5675,0,0.7299188122506609,0.7297890519725563,0.0001297602781045239,4.983012465820982e-06,14,14
B,179,20,0.1,0.47825,0,0.5114893189055276,0.7476047266274477,-0.23611540772192016,0.004955619980711007,19,19
B,179,20,0.5,0.33625,0,0.5881884556008206,0.7486241864886127,-0.16043573088779228,0.0030139789813551426,19,19
B,179,20,0.9,0.12,0,0.7534166380614515,0.8066773127395316,-0.05326067467807997,0.0007325144363046512,19,19
B,179,20,0.99,0.08,0,0.8297077164128169,0.8359506396471226,-0.006242923234305695,7.79402707180432e-05,19,19
B,179,20,0.999,0.0765,0,0.838650837092003,0.8392855828750473,-0.0006347457830442997,7.846331406183399e-06,19,19
B,180,20,0.1,0.499,0,0.6643306117666713,0.7481283514566811,-0.08379773969000986,0.0036970252245497647,19,19
B,180,20,0.5,0.458,0,0.6785049392929962,0.7408814561270672,-0.062376516834071014,0.00251947222557268,19,19
B,180,20,0.9,0.44875,0,0.7414683902291529,0.7568932720725645,-0.015424881843411637,0.0008048418626221482,19,19
B,180,20,0.99,0.5195,0,0.7907330031054776,0.7911734121083845,-0.0004404090029071218,0.00010274971884280267,19,19
B,180,20,0.999,0.53075,0,0.7978472920205816,0.7978705713173229,-2.327929674128065e-05,1.0610065187164657e-05,19,19
B,181,20,0.1,0.481,0,0.6715209746818602,0.7350155704700242,-0.06349459578816397,0.004489477038594111,16,16
B,181,20,0.5,0.48025,0,0.6777117802574957,0.6942219331043189,-0.016510152846823146,0.003233226528077059,16,16
B,181,20,0.9,0.525,0,0.6976190250923003,0.6871265068630699,0.010492518229230637,0.001078456529132409,16,16
B,181,20,0.99,0.52775,0,0.7078445840871129,0.7063358545570602,0.0015087295300526492,0.00012124105659872254,16,16
B,181,20,0.999,0.5285,0,0.7090225153181764,0.7088662698693863,0.0001562454487899408,1.2260968060124332e-05,16,16
B,182,20,0.1,0.488,0,0.5103957615745714,0.5083585375878573,0.0020372239867141903,0.0058387484920721195,12,14
B,182,20,0.5,0.53275,0,0.5583760897904937,0.5600716580679737,-0.0016955682774800027,0.003645991096211002,12,14
B,182,20,0.9,0.7035,0,0.6430545328701639,0.6551706112216398,-0.012116078351475828,0.0016959090429209678,12,14
B,182,20,0.99,0.757,0,0.6820626084148098,0.7124129355826081,-0.03035032716779826,0.001289908473623179,12,14
B,182,20,0.999,0.76125,0,0.6865495905379194,0.7197274855046887,-0.03317789496676921,0.0012553988596456435,12,14
B,183,20,0.1,0.5165,0,0.7373764519261037,0.5193857767398532,0.2179906751862504,0.005011092187513675,17,17
B,183,20,0.5,0.5965,0,0.718968882351984,0.5952211243195643,0.1237477580324196,0.003072505566877194,17,17
B,183,20,0.9,0.665,0,0.7746779238537959,0.7363297771212228,0.038348146732573085,0.0009857826531465353,17,17
B,183,20,0.99,0.669,0,0.8144450737308587,0.8092706932410003,0.005174380489858391,0.00013083295822300924,17,17
B,183,20,0.999,0.66825,0,0.8193371044241622,0.8188036109834552,0.0005334934407069006,1.34799519583515e-05,17,17
B,184,20,0.1,0.5075,0,0.7301678603646808,0.5199070348758085,0.21026082548887234,0.004750281249914824,15,15
B,184,20,0.5,0.587,0,0.6889199177682307,0.5927323193504154,0.0961875984178152,0.0023858857279845072,15,15
B,184,20,0.9,0.71375,0,0.750489414161864,0.7250949448389378,0.02539446932292633,0.00046455144584236786,15,15
B,184,20,0.99,0.7755,0,0.788173357633864,0.7852570712668513,0.0029162863670126543,4.759877336337721e-05,15,15
B,184,20,0.999,0.78325,0,0.7925682241751286,0.792272200671886,0.0002960235032425232,4.777157606459345e-06,15,15
B,185,20,0.1,0.50125,0,0.492530333427107,0.49608919190893086,-0.0035588584818239174,0.005322442201736433,3,2
B,185,20,0.5,0.4915,0,0.4935848100143139,0.4950347153217238,-0.0014499053074097672,0.002168402378485213,3,2
B,185,20,0.9,0.487,0,0.49419529645953914,0.49442422887649856,-0.00022893241695943478,0.0003423793229187178,3,2
B,185,20,0.99,0.48525,0,0.49429883373354055,0.4943206916024965,-2.1857868955922538e-05,3.2689483092741935e-05,3,2
B,185,20,0.999,0.485,0,0.4943086746950589,0.494310850640993,-2.1759459340888772e-06,3.254230683069342e-06,3,2
B,186,20,0.1,0.503,0,0.7492658432716581,0.7441814041137118,0.005084439157946402,0.0038535033635490107,14,12
B,186,20,0.5,0.519,0,0.7406354276742516,0.727574763074505,0.013060664599746597,0.0023365428273451365,14,12
B,186,20,0.9,0.5415,0,0.746782229338537,0.7407421188421908,0.006040110496346288,0.0005276552219652147,14,12
B,186,20,0.99,0.5505,0,0.7477848190472552,0.7470896993070721,0.0006951197401831745,5.4312322877959427e-05,14,12
B,186,20,0.999,0.552,0,0.7478427507063923,0.7477720713630283,7.067934336417671e-05,5.443673413489201e-06,14,12
B,187,20,0.1,0.49175,0,0.5262909983626459,0.6742601990639719,-0.1479692007013261,0.005231844907829895,19,19
B,187,20,0.5,0.44075,0,0.6164441511288115,0.6934501295444224,-0.077005978415611,0.002966326158492098,19,19
B,187,20,0.9,0.37725,0,0.7358993265807553,0.7567960144106617,-0.020896687829906377,0.0006878857457315737,19,19
B,187,20,0.99,0.35625,0,0.7786872789196715,0.7812474457786126,-0.0025601668589411326,7.676638459795368e-05,19,19
B,187,20,0.999,0.35475,0,0.7836706718762906,0.7839328746432388,-0.0002622027669483729,7.800128689440568e-06,19,19
B,188,20,0.1,0.50425,0,0.6743175657211056,0.4988454652564126,0.17547210046469292,0.005277472710066494,14,2
B,188,20,0.5,0.5865,0,0.674419921919026,0.5013782222322396,0.17304169968678637,0.003710767168493844,14,2
B,188,20,0.9,0.736,0,0.6939742712945098,0.5028445552182449,0.19112971607626503,0.003006734790676134,14,2
B,188,20,0.99,0.78775,0,0.7138015144440574,0.5030932423452681,0.21070827209878923,0.003062894692412639,14,2
B,188,20,0.999,0.793,0,0.7162323498865448,0.5031168794408906,0.21311547044565435,0.003075458017497648,14,2
B,189,20,0.1,0.475,0,0.4947553556219512,0.6706561566202837,-0.1759008009983325,0.0056719358757996675,2,17
B,189,20,0.5,0.3535,0,0.4947553556219512,0.6872272719665545,-0.19247191634460345,0.005001309589726633,2,17
B,189,20,0.9,0.299,0,0.49475535562195117,0.7207088529520578,-0.22595349733010667,0.004281886266684358,2,17
B,189,20,0.99,0.298,0,0.4947553556219513,0.7448648722802765,-0.25010951665832526,0.003885212843566988,2,17
B,189,20,0.999,0.29825,0,0.49475535562195117,0.7479647061471597,-0.25320935052520865,0.003839531177349269,2,17
B,190,20,0.1,0.48825,0,0.5217524128396193,0.6619096256668802,-0.14015721282726096,0.0053717300980369136,11,11
B,190,20,0.5,0.42575,0,0.5814357224064467,0.6688196277718864,-0.08738390536543977,0.003363695335473735,11,11
B,190,20,0.9,0.33125,0,0.6901175607113822,0.7172851301870498,-0.027167569475667494,0.0008925571960432037,11,11
B,190,20,0.99,0.30925,0,0.7364123528596683,0.739543858892288,-0.0031315060326195074,9.86013193105944e-05,11,11
B,190,20,0.999,0.3075,0,0.7417655381091294,0.7420835155354032,-0.00031797742627376444,9.950881667087968e-06,11,11
B,191,20,0.1,0.48675,0,0.7493864566730786,0.7481381846440663,0.0012482720290120832,0.003966271781182368,14,14
B,191,20,0.5,0.4615,0,0.7594224090704071,0.7389460129732534,0.02047639609715388,0.0025000747311143302,14,14
B,191,20,0.9,0.4195,0,0.7866230400849165,0.7799476313429478,0.006675408741968675,0.0006519918014664882,14,14
B,191,20,0.99,0.3915,0,0.8028904386033714,0.8023623488390054,0.0005280897643661086,7.117886721460991e-05,14,14
B,191,20,0.999,0.38775,0,0.8049474764005676,0.8048965163251183,5.0960075449386884e-05,7.180125064797162e-06,14,14
B,192,20,0.1,0.511,0,0.673708629910705,0.743918094702072,-0.07020946479136708,0.004413516818664059,20,20
B,192,20,0.5,0.49,0,0.7062951106495029,0.7407303659246055,-0.0344352552751027,0.0030291325329633145,20,20
B,192,20,0.9,0.46775,0,0.7804852339746561,0.7926465263594363,-0.012161292384780215,0.0009428696510939845,20,20
B,192,20,0.99,0.4715,0,0.8133646282258717,0.8149233844539626,-0.0015587562280907773,0.00010801676781583449,20,20
B,192,20,0.999,0.4695,0,0.8172418190573112,0.8174023771140461,-0.00016055805673490878,1.0958372653069777e-05,20,20
B,193,20,0.1,0.50275,0,0.6815020686114777,0.6733736330463164,0.008128435565161393,0.004602958649704854,16,16
B,193,20,0.5,0.50075,0,0.713193563623674,0.7190115690892814,-0.005818005465607606,0.0026532135231000556,16,16
B,193,20,0.9,0.46225,0,0.7919837387413892,0.7978493324903134,-0.005865593748924194,0.0006078948033028939,16,16
B,193,20,0.99,0.44475,0,0.8235959743193869,0.824306455064042,-0.0007104807446550702,6.344495001448597e-05,16,16
B,193,20,0.999,0.4435,0,0.8270824522317292,0.8271545702401776,-7.21180084483673e-05,6.378419660097533e-06,16,16
B,194,20,0.1,0.4725,0,0.5283400953417606,0.7405429855300849,-0.21220289018832428,0.0049518826496848835,14,14
B,194,20,0.5,0.41675,0,0.6182308320237355,0.7274649457336444,-0.10923411370990896,0.0029919638638613902,14,14
B,194,20,0.9,0.3625,0,0.7361553034176627,0.7601520167299582,-0.0239967133122955,0.0007179432410631803,14,14
B,194,20,0.99,0.352,0,0.7764411461016341,0.7789959083208892,-0.002554762219254955,7.543827604252783e-05,14,14
B,194,20,0.999,0.3505,0,0.7809117522202399,0.7811692294580006,-0.0002574772377606513,7.579350957159958e-06,14,14
B,195,20,0.1,0.524,0,0.6712458161513487,0.5295257952843896,0.14172002086695903,0.003224771234902595,14,14
B,195,20,0.5,0.5725,0,0.6791369861735504,0.5996139102223457,0.0795230759512048,0.001979366407348749,14,14
B,195,20,0.9,0.65875,0,0.7305221736487348,0.704748375157663,0.025773798491071698,0.0006036534250235751,14,14
B,195,20,0.99,0.68525,0,0.7527240137646236,0.7496195658185195,0.0031044479461041926,6.917116655489816e-05,14,14
B,195,20,0.999,0.6885,0,0.7553074931276909,0.7549907171921743,0.00031677593551674945,7.015780462562446e-06,14,14
B,196,20,0.1,0.52725,0,0.743147722189201,0.49819416341852385,0.2449535587706772,0.004837285953285792,9,4
B,196,20,0.5,0.65275,0,0.6993063428309745,0.499174364124912,0.20013197870606253,0.0029593906094833285,9,4
B,196,20,0.9,0.8245,0,0.6537266765450904,0.5005156760408813,0.15321100050420927,0.002479588948546801,9,4
B,196,20,0.99,0.8575,0,0.6444684040368666,0.50084497986641,0.1436234241704566,0.0026843613901852983,9,4
B,196,20,0.999,0.86025,0,0.6435902152720357,0.5008783272976681,0.14271188797436765,0.0027099842732194288,9,4
B,197,20,0.1,0.48775,0,0.6597858764750864,0.6648216438042339,-0.005035767329147541,0.0047441455590980465,18,18
B,197,20,0.5,0.507,0,0.6733299320869804,0.6650506861975807,0.008279245889399807,0.0025591260876793222,18,18
B,197,20,0.9,0.5895,0,0.7225427781406939,0.7117063871181738,0.010836391022520308,0.000579124493926501,18,18
B,197,20,0.99,0.6135,0,0.7389225986658208,0.7374938191599659,0.0014287795058548775,6.188319785530887e-05,18,18
B,197,20,0.999,0.61475,0,0.7406647553397111,0.7405180577440398,0.0001466975956712638,6.2328947702451105e-06,18,18
B,198,20,0.1,0.489,0,0.5301793825960572,0.6660661973922449,-0.1358868147961877,0.005253925686149342,19,19
B,198,20,0.5,0.46425,0,0.6085054650718869,0.6628439775279225,-0.05433851245603543,0.0029234645236206097,19,19
B,198,20,0.9,0.52375,0,0.7091614453227223,0.7117935547542774,-0.002632109431555187,0.0006243618286748198,19,19
B,198,20,0.99,0.55675,0,0.7494300553921078,0.7493415052554971,8.855013661064457e-05,6.555409864154251e-05,19,19
B,198,20,0.999,0.561,0,0.7540160052359467,0.7540029916904593,1.3013545487541426e-05,6.5944228046729965e-06,19,19
B,199,20,0.1,0.518,0,0.6404142698813394,0.5124613229569815,0.12795294692435794,0.005404425903864746,12,12
B,199,20,0.5,0.5485,0,0.5999154812803652,0.5610069827396243,0.03890849854074065,0.003695972356026028,12,12
B,199,20,0.9,0.59175,0,0.6375119843328471,0.6291686769533148,0.008343307379532199,0.0011262200146430698,12,12
B,199,20,0.99,0.60325,0,0.6581568026132734,0.6571454780819674,0.001011324531305982,0.00012560096655040868,12,12
B,199,20,0.999,0.60425,0,0.6604877607130295,0.6603846377191713,0.00010312299385821443,1.2697340047212104e-05,12,12
B,200,20,0.1,0.47525,0,0.5224837159217222,0.7333615363597581,-0.210877820438036,0.004936228584854305,17,17
B,200,20,0.5,0.42075,0,0.6077799575254685,0.7094290278327225,-0.10164907030725405,0.003056569090108238,17,17
B,200,20,0.9,0.427,0,0.7180876944578427,0.739606165009913,-0.02151847055207035,0.0008200308364701572,17,17
B,200,20,0.99,0.43375,0,0.7543753247587817,0.7566244580417315,-0.0022491332829499655,8.864376429841893e-05,17,17
B,200,20,0.999,0.4355,0,0.7583431698763877,0.7585690876469128,-0.00022591777052500983,8.933794574551211e-06,17,17
B,201,20,0.1,0.4805,0,0.5122614274803252,0.669232226488957,-0.15697079900863178,0.005334081911481406,18,18
B,201,20,0.5,0.37975,0,0.5861954269404208,0.6961748461015848,-0.10997941916116381,0.0032883781197881935,18,18
B,201,20,0.9,0.15875,0,0.7406712290890275,0.7834929205379333,-0.04282169144890572,0.0008746123050023931,18,18
B,201,20,0.99,0.10625,0,0.8175070842511744,0.8227889855663082,-0.005281901315133903,9.678467601130275e-05,18,18
B,201,20,0.999,0.09975,0,0.8268973527610383,0.8274382770445603,-0.000540924283522019,9.758902003924976e-06,18,18
B,202,20,0.1,0.4995,0,0.7373928377046096,0.7405735668885309,-0.003180729183921328,0.003857891611043848,18,18
B,202,20,0.5,0.49275,0,0.7146206754773364,0.7230730578493724,-0.008452382372035888,0.0021449317112818295,18,18
B,202,20,0.9,0.479,0,0.7353835461310091,0.7388600903890357,-0.003476544258026488,0.0004668226787929424,18,18
B,202,20,0.99,0.47475,0,0.7468563585128114,0.7472635673398618,-0.0004072088270503795,4.827232336708359e-05,18,18
B,202,20,0.999,0.47525,0,0.7481174475315621,0.7481586740795255,-4.1226547963330115e-05,4.845122489615334e-06,18,18
B,203,20,0.1,0.52625,0,0.7420792283418858,0.5209893324577153,0.22108989588417055,0.004898648312962965,17,17
B,203,20,0.5,0.60875,0,0.7314678137714046,0.6133013215372821,0.11816649223412243,0.0027355499641193667,17,17
B,203,20,0.9,0.69625,0,0.757801031051656,0.7303625969652421,0.027438434086413842,0.0006487830059798925,17,17
B,203,20,0.99,0.71025,0,0.7718497426237622,0.7689575527461935,0.002892189877568537,6.843044627203967e-05,17,17
B,203,20,0.999,0.71025,0,0.7734467655320993,0.773156555252423,0.00029021027967637234,6.886549157426866e-06,17,17
B,204,20,0.1,0.494,0,0.5112591714115508,0.6763659009878383,-0.16510672957628758,0.005508843180676223,17,17
B,204,20,0.5,0.4515,0,0.5888032860720535,0.6790497822268726,-0.0902464961548192,0.0036606536329041326,17,17
B,204,20,0.9,0.4925,0,0.7030748033063795,0.7174957617756852,-0.014420958469305733,0.0009441877361273432,17,17
B,204,20,0.99,0.5115,0,0.7378195286946698,0.7391519794095591,-0.0013324507148892504,0.00010155110111729348,17,17
B,204,20,0.999,0.51375,0,0.7415621177557884,0.7416936450332829,-0.00013152727749438065,1.0229582432033514e-05,17,17
B,205,20,0.1,0.4895,0,0.6571887975249013,0.7411448946960599,-0.08395609717115858,0.003676703203996532,16,16
B,205,20,0.5,0.46425,0,0.6683208956856113,0.7268952565654658,-0.05857436087985456,0.0022845610974610263,16,16
B,205,20,0.9,0.56825,0,0.7733923651959824,0.7721957092891155,0.001196655906866944,0.000587033816270212,16,16
B,205,20,0.99,0.65675,0,0.8281682345689553,0.8272010052210174,0.0009672293479379712,6.831071236073346e-05,16,16
B,205,20,0.999,0.66925,0,0.8346892158119902,0.834583928779659,0.00010528703233126642,6.938294963041203e-06,16,16
B,206,20,0.1,0.5165,0,0.6732657666776463,0.5213054009311031,0.15196036574654306,0.004993051023191181,18,18
B,206,20,0.5,0.59175,0,0.694038261995918,0.599229588922036,0.09480867307388202,0.0023504193368977335,18,18
B,206,20,0.9,0.7525,0,0.7792622252975167,0.7517780943525804,0.027484130944936264,0.0004464186732371367,18,18
B,206,20,0.99,0.8235,0,0.8239429515901235,0.8207477312327037,0.0031952203574196984,4.561316248814855e-05,18,18
B,206,20,0.999,0.8295,0,0.8293498529297598,0.8290249239926781,0.00032492893708159807,4.5764004217966545e-06,18,18
B,207,20,0.1,0.522,0,0.741754801806226,0.6631004299200718,0.0786543718861542,0.004432643521091773,16,16
B,207,20,0.5,0.5505,0,0.7369951407634412,0.6857325092246975,0.051262631538743636,0.0028547216421738325,16,16
B,207,20,0.9,0.53925,0,0.769056435221182,0.7592537079127328,0.009802727308449352,0.0007913218705029608,16,16
B,207,20,0.99,0.512,0,0.7891653777857536,0.7883817228812016,0.0007836549045520363,8.792234579885425e-05,16,16
B,207,20,0.999,0.5115,0,0.7916545044558261,0.7915774215893695,7.708286645669162e-05,8.886392448006976e-06,16,16
B,208,20,0.1,0.49775,0,0.7416443175807788,0.737113129133162,0.00453118844761696,0.003917369661309486,15,15
B,208,20,0.5,0.49575,0,0.715748559434572,0.7161936398710986,-0.0004450804365264068,0.0020556834986536266,15,15
B,208,20,0.9,0.494,0,0.7021903773152599,0.7024252680509558,-0.00023489073569605746,0.00037022238886107964,15,15
B,208,20,0.99,0.49475,0,0.7013402389420944,0.7013690903945315,-2.885145243708484e-05,3.6002480837993064e-05,15,15
B,208,20,0.999,0.49475,0,0.7013033131184445,0.701306303166791,-2.9900483464008893e-06,3.5908847217778233e-06,15,15
B,209,20,0.1,0.482,0,0.514173356274614,0.6664336362866867,-0.15226028001207267,0.005122552234519309,17,17
B,209,20,0.5,0.42,0,0.5870868124071358,0.6799849925427148,-0.09289818013557909,0.0029808329380308345,17,17
B,209,20,0.9,0.4185,0,0.726366454648579,0.7432100506944402,-0.016843596045861275,0.0007960010583932719,17,17
B,209,20,0.99,0.5165,0,0.8039841431258785,0.8046818859819551,-0.0006977428560765941,9.0149836674896e-05,17,17
B,209,20,0.999,0.5345,0,0.8140010571117282,0.8140519680949485,-5.0910983220160866e-05,9.119011607757067e-06,17,17
B,210,20,0.1,0.504,0,0.6709695922990282,0.7431691184970136,-0.0721995261979855,0.004395006787903113,20,20
B,210,20,0.5,0.49225,0,0.7111700099677717,0.7394679217246001,-0.028297911756828404,0.002778529959464076,20,20
B,210,20,0.9,0.53675,0,0.7914360044654427,0.7894149358744308,0.00202106859101196,0.000812250129485275,20,20
B,210,20,0.99,0.5555,0,0.8201796192511128,0.8195890320618751,0.000590587189237828,9.173817477230032e-05,20,20
B,210,20,0.999,0.5585,0,0.8233014845235478,0.823238089511963,6.339501158475395e-05,9.291676957022809e-06,20,20
B,211,20,0.1,0.49,0,0.7429376363101226,0.7389321661341433,0.004005470175979525,0.003938220740488223,17,17
B,211,20,0.5,0.485,0,0.7168457567182707,0.7163541410584364,0.0004916156598342864,0.0023411131503899823,17,17
B,211,20,0.9,0.419,0,0.7314735726499426,0.7387616491164596,-0.007288076466516836,0.0005909570273684981,17,17
B,211,20,0.99,0.39925,0,0.7487027587007256,0.749707948253584,-0.0010051895528586372,6.409575041443768e-05,17,17
B,211,20,0.999,0.3965,0,0.7507934144055858,0.7508969001965562,-0.00010348579097037395,6.458863477534437e-06,17,17
B,212,20,0.1,0.5105,0,0.7390781253572863,0.5287298892637203,0.2103482360935659,0.005031263208357257,17,17
B,212,20,0.5,0.56325,0,0.7181984759518409,0.607134236850002,0.11106423910183892,0.0032925496215555597,17,17
B,212,20,0.9,0.54875,0,0.7302255518178562,0.7057258156645646,0.024499736153291624,0.0009817101005931814,17,17
B,212,20,0.99,0.5415,0,0.7421481537927211,0.7396080810149367,0.0025400727777844506,0.00010980476787504486,17,17
B,212,20,0.999,0.54025,0,0.7436114666001218,0.743356656662552,0.0002548099375695963,1.1098406381464471e-05,17,17
B,213,20,0.1,0.49475,0,0.5249440473126138,0.6581156618555251,-0.1331716145429114,0.005048930590654225,15,15
B,213,20,0.5,0.46225,0,0.5907154637228609,0.6513260916525572,-0.06061062792969629,0.00256604521467288,15,15
B,213,20,0.9,0.463,0,0.6763769362892287,0.684190534625352,-0.007813598336123318,0.0005508085567399742,15,15
B,213,20,0.99,0.4805,0,0.7096852354896626,0.7101821295089031,-0.0004968940192405108,5.695402895225884e-05,15,15
B,213,20,0.999,0.48325,0,0.7135826875542928,0.7136286605218708,-4.5972967577925144e-05,5.709268256016862e-06,15,15
B,214,20,0.1,0.5205,0,0.6578342213636642,0.5137684432063861,0.14406577815727825,0.005182699844023661,15,15
B,214,20,0.5,0.57025,0,0.6730035383442667,0.5845898992528881,0.08841363909137874,0.00304065674191993,15,15
B,214,20,0.9,0.667,0,0.7276209147059137,0.6966318951237459,0.03098901958216782,0.0008304051776983212,15,15
B,214,20,0.99,0.705,0,0.7513348041838251,0.7474422266441884,0.003892577539636667,9.537613816760441e-05,15,15
B,214,20,0.999,0.70825,0,0.7539856552529763,0.7535873800428619,0.0003982752101145912,9.686793881187268e-06,15,15
B,215,20,0.1,0.49175,0,0.6747739462908948,0.7448714479812706,-0.07009750169037571,0.003463731896693827,15,15
B,215,20,0.5,0.468,0,0.7065568868005657,0.738081291464818,-0.03152440466425228,0.0016982718588077403,15,15
B,215,20,0.9,0.46125,0,0.7733255917617431,0.7790811473176812,-0.005755555555938114,0.00040336244410327216,15,15
B,215,20,0.99,0.4705,0,0.8036705661658987,0.8041244721019793,-0.0004539059360806491,4.5598283516213286e-05,15,15
B,215,20,0.999,0.4735,0,0.8071653007597595,0.8072090565162789,-4.3755756519343674e-05,4.612151761915074e-06,15,15
B,216,20,0.1,0.5255,0,0.6736196738590197,0.5219020810929521,0.15171759276606755,0.005309778425123619,15,15
B,216,20,0.5,0.576,0,0.6916992697479117,0.6066939627155513,0.08500530703236049,0.00293902318644904,15,15
B,216,20,0.9,0.63475,0,0.717632145265696,0.6972827749606975,0.020349370304998345,0.0006041528803893708,15,15
B,216,20,0.99,0.6445,0,0.7266932944627302,0.724528278740861,0.00216501572186924,6.130369357242134e-05,15,15
B,216,20,0.999,0.64575,0,0.7276708141065508,0.7274532346287537,0.00021757947779712876,6.1404256199125285e-06,15,15
B,217,20,0.1,0.51925,0,0.7363175578390815,0.667725740693007,0.06859181714607446,0.003653507841074124,18,18
B,217,20,0.5,0.54425,0,0.7245397382228687,0.6979728232050378,0.02656691501783093,0.0022435775864470793,18,18
B,217,20,0.9,0.56075,0,0.7433078919357681,0.739932320316505,0.0033755716192630228,0.0005180458612863786,18,18
B,217,20,0.99,0.5645,0,0.7514780972291754,0.7511626746345376,0.00031542259463765,5.333726751191722e-05,18,18
B,217,20,0.999,0.5655,0,0.7523609586416674,0.7523291861952908,3.177244637664246e-05,5.351171359980509e-06,18,18
B,218,20,0.1,0.51175,0,0.5214052496891457,0.49434942774869445,0.027055821940451242,0.005942009287754607,16,16
B,218,20,0.5,0.57725,0,0.5992001603549181,0.5084921660442078,0.09070799431071026,0.0039921988650674315,16,16
B,218,20,0.9,0.67,0,0.7088846076297252,0.6547713904600542,0.0541132171696709,0.001416069131889151,16,16
B,218,20,0.99,0.6875,0,0.7549181508610118,0.7478815696471481,0.00703658121386367,0.000176695661120936,16,16
B,218,20,0.999,0.692,0,0.7603476331272955,0.7596243027559199,0.0007233303713756205,1.8099130870258533e-05,16,16
B,219,20,0.1,0.49275,0,0.7354081837331606,0.6565743213561414,0.07883386237701921,0.00443792828437638,18,18
B,219,20,0.5,0.53225,0,0.691808874166534,0.6653802450851974,0.026428629081336658,0.002870346984791509,18,18
B,219,20,0.9,0.57125,0,0.7162232100898899,0.7206383233440736,-0.004415113254183737,0.0010165279561443678,18,18
B,219,20,0.99,0.569,0,0.7462969526572738,0.7476475341608523,-0.0013505815035786445,0.00013137797990161735,18,18
B,219,20,0.999,0.56825,0,0.7506417038574522,0.7507885258131166,-0.00014682195566430807,1.3469153101813751e-05,18,18
B,220,20,0.1,0.50675,0,0.6587937549124047,0.529586525585213,0.12920722932719164,0.005253631006057372,6,15
B,220,20,0.5,0.5315,0,0.6617290060433644,0.6232055306990365,0.0385234753443279,0.003290610294732385,6,15
B,220,20,0.9,0.514,0,0.7089451325000576,0.7436640788198181,-0.0347189463197605,0.0019842500591820958,6,15
B,220,20,0.99,0.49975,0,0.7247069174731594,0.7836220523173778,-0.058915134844218384,0.001821389233961863,6,15
B,220,20,0.999,0.50025,0,0.7263629258586765,0.7879906283950545,-0.06162770253637801,0.0018114290013140934,6,15
B,221,20,0.1,0.511,0,0.6520136920426598,0.5020954047823767,0.14991828726028306,0.00564424311996614,14,1
B,221,20,0.5,0.561,0,0.6316343728657906,0.5020954047823768,0.1295389680834138,0.004964920929047743,14,1
B,221,20,0.9,0.63625,0,0.6907511167055884,0.5020954047823768,0.1886557119232117,0.003954038640620199,14,1
B,221,20,0.99,0.6645,0,0.7228318977203136,0.5020954047823768,0.22073649293793696,0.0036917958468501177,14,1
B,221,20,0.999,0.66775,0,0.726552483959926,0.5020954047823767,0.22445707917754928,0.003669768519977879,14,1
B,222,20,0.1,0.52725,0,0.7242107965907671,0.5185677271031204,0.20564306948764677,0.004914799131020814,12,15
B,222,20,0.5,0.57425,0,0.6578245778225792,0.5827473356475853,0.07507724217499381,0.002775276253039042,12,15
B,222,20,0.9,0.5595,0,0.6223949926813465,0.615150038344673,0.007244954336673384,0.0006017083296435112,12,15
B,222,20,0.99,0.55425,0,0.6176943359470226,0.617133849404916,0.0005604865421066793,6.166653965088858e-05,12,15
B,222,20,0.999,0.5535,0,0.6172733576609255,0.6172189318670339,5.442579389166594e-05,6.182886756566204e-06,12,15
B,223,20,0.1,0.501,0,0.7431660620757519,0.7480690272987167,-0.004902965222965039,0.0033974972802449407,16,16
B,223,20,0.5,0.497,0,0.7435179238799761,0.7480709419043037,-0.004553018024327542,0.0018731778775800422,16,16
B,223,20,0.9,0.49925,0,0.7854229657206602,0.7862752650572636,-0.0008522993366034674,0.0004438600730643191,16,16
B,223,20,0.99,0.50025,0,0.8036409161547479,0.8036805336981022,-3.961754335441986e-05,4.9256137568025355e-05,16,16
B,223,20,0.999,0.501,0,0.805632885757668,0.8056362762331514,-3.3904754835229616e-06,4.9849740336020505e-06,16,16
B,224,20,0.1,0.471,0,0.49276447587095124,0.7357565014875251,-0.24299202561657382,0.0048982768228465635,12,12
B,224,20,0.5,0.3665,0,0.5385345225659044,0.698706970726059,-0.16017244816015466,0.0030677341170035114,12,12
B,224,20,0.9,0.2955,0,0.6610366735016344,0.7054049640943544,-0.0443682905927199,0.0008506555059264593,12,12
B,224,20,0.99,0.282,0,0.707621638065597,0.712571815219485,-0.004950177153887971,9.4976624083873e-05,12,12
B,224,20,0.999,0.27925,0,0.7128746799867497,0.7133752492605936,-0.0005005692738440305,9.608144068071785e-06,12,12
B,225,20,0.1,0.483,0,0.6662620620969156,0.7419700391119088,-0.07570797701499316,0.004396837481148293,17,17
B,225,20,0.5,0.451,0,0.6589928211070871,0.7147502228926159,-0.05575740178552883,0.002849148839457475,17,17
B,225,20,0.9,0.431,0,0.6770384513681231,0.7015708195828818,-0.024532368214758574,0.000916427365942674,17,17
B,225,20,0.99,0.427,0,0.7000176987112149,0.7031547723338727,-0.0031370736226577316,0.00010761888259971968,17,17
B,225,20,0.999,0.42675,0,0.7031255050958368,0.7034469675926983,-0.0003214624968614374,1.0941054978789615e-05,17,17
B,226,20,0.1,0.499,0,0.7361759404395739,0.7481783050008666,-0.012002364561292674,0.003951158403604188,18,18
B,226,20,0.5,0.45225,0,0.7188388893686326,0.7720792793628458,-0.053240389994213176,0.002827367715753019,18,18
B,226,20,0.9,0.3325,0,0.7956690518646882,0.8282956364889567,-0.032626584624268616,0.0009023279384392384,18,18
B,226,20,0.99,0.30275,0,0.8432446006470009,0.8475095167318568,-0.0042649160848557115,0.00010614539456822317,18,18
B,226,20,0.999,0.3,0,0.849124928655737,0.8495623032898781,-0.00043737463414125153,1.0760058801405121e-05,18,18
B,227,20,0.1,0.507,0,0.6629796463193808,0.6619499552045294,0.0010296911148514173,0.0038775209437949916,16,16
B,227,20,0.5,0.50325,0,0.6764268304607833,0.6654460794120262,0.01098075104875737,0.0023235249413285975,16,16
B,227,20,0.9,0.49025,0,0.7361077116040594,0.7329071241748284,0.003200587429231129,0.0005328935756851559,16,16
B,227,20,0.99,0.48625,0,0.7756717588317047,0.7753403946521819,0.00033136417952281914,5.5330513714585594e-05,16,16
B,227,20,0.999,0.4865,0,0.7807010961671742,0.7806670795105378,3.401665663642695e-05,5.5458027046302586e-06,16,16
B,228,20,0.1,0.50125,0,0.7368680972842908,0.7485148161251666,-0.011646718840875845,0.003915393268662154,14,14
B,228,20,0.5,0.49125,0,0.7232873147516172,0.7360038433004729,-0.012716528548855587,0.0022284476401539096,14,14
B,228,20,0.9,0.4965,0,0.7353068117063412,0.7374240925159183,-0.002117280809577117,0.0004688701596649094,14,14
B,228,20,0.99,0.49975,0,0.7404175254200546,0.7406014196642098,-0.00018389424415530157,4.763631904830688e-05,14,14
B,228,20,0.999,0.49875,0,0.7409707827497336,0.7409887849120572,-1.8002162323509595e-05,4.772844800147642e-06,14,14
B,229,20,0.1,0.49825,0,0.7391476649006491,0.740866775704595,-0.001719110803945878,0.003963878408169702,19,19
B,229,20,0.5,0.49475,0,0.7153321563641596,0.73268087251329,-0.01734871614913039,0.002654854198209548,19,19
B,229,20,0.9,0.48775,0,0.7538934713163805,0.7621020198200145,-0.008208548503633839,0.0007495874280461671,19,19
B,229,20,0.99,0.48775,0,0.7748488781374789,0.775768998453317,-0.0009201203158380338,8.098665528695819e-05,19,19
B,229,20,0.999,0.488,0,0.7772170798723331,0.7773099778882929,-9.289801595986546e-05,8.161501146563018e-06,19,19
B,230,20,0.1,0.49725,0,0.6750475512533226,0.7317511023288567,-0.05670355107553417,0.004246404846506147,16,16
B,230,20,0.5,0.50925,0,0.6864577670293974,0.6924583058196657,-0.006000538790268125,0.0025086732712765202,16,16
B,230,20,0.9,0.5855,0,0.705477541979793,0.7009548271219337,0.004522714857859131,0.0006351809573694516,16,16
B,230,20,0.99,0.6085,0,0.7137567408542193,0.7131213975908641,0.0006353432633550363,6.812606628113317e-05,16,16
B,230,20,0.999,0.6115,0,0.7146747583967487,0.7146091747759581,6.558362079057446e-05,6.853727882650983e-06,16,16
B,231,20,0.1,0.49625,0,0.6660459883715599,0.7369040321756595,-0.07085804380409964,0.004508727669209552,11,11
B,231,20,0.5,0.50775,0,0.6531957308307135,0.6996103854659653,-0.04641465463525181,0.0033603116117082903,11,11
B,231,20,0.9,0.564,0,0.6970730510502958,0.7138024392066088,-0.01672938815631298,0.0011337327160949133,11,11
B,231,20,0.99,0.588,0,0.727901943251886,0.7300060209844643,-0.002104077732578367,0.00013154170627848594,11,11
B,231,20,0.999,0.591,0,0.7317776794863555,0.7319936941700966,-0.0002160146837411781,1.3357414468134534e-05,11,11
B,232,20,0.1,0.51075,0,0.5189964416739176,0.5137051246270309,0.005291317046886864,0.00603017528256845,19,19
B,232,20,0.5,0.53175,0,0.615390252718976,0.582811863121922,0.03257838959705382,0.004086395333495168,19,19
B,232,20,0.9,0.614,0,0.7358438735386219,0.7082298664965658,0.027614007042055962,0.0012320521171756344,19,19
B,232,20,0.99,0.64025,0,0.7757295520759908,0.7719192682036039,0.0038102838723869095,0.00013898886912879163,19,19
B,232,20,0.999,0.642,0,0.7801504012804883,0.7797570307538628,0.00039337052662540375,1.40735954111959e-05,19,19
B,233,20,0.1,0.49375,0,0.5202094503884795,0.5244702953520047,-0.004260844963525202,0.005858282878377389,10,15
B,233,20,0.5,0.475,0,0.5685245153000175,0.5989496781473703,-0.030425162847352957,0.0033867048844040187,10,15
B,233,20,0.9,0.3975,0,0.648671154119706,0.6682314537828593,-0.019560299663153303,0.0008204678120629402,10,15
B,233,20,0.99,0.37875,0,0.683493549011802,0.6858919386246483,-0.0023983896128459982,8.81005495146317e-05,10,15
B,233,20,0.999,0.37625,0,0.6874395183069897,0.6876835591583006,-0.0002440408513108114,8.870526407735739e-06,10,15
B,234,20,0.1,0.526,0,0.6707967878701052,0.5034084655817416,0.16738832228836367,0.005301796669807647,17,17
B,234,20,0.5,0.5925,0,0.6666199159912581,0.5552598494602881,0.11136006653097014,0.003280087012413979,17,17
B,234,20,0.9,0.584,0,0.70330232524812,0.6862628548947337,0.017039470353386186,0.0008799745701612364,17,17
B,234,20,0.99,0.5675,0,0.7363304687229836,0.7348624047791135,0.001468063943869974,9.668814574015568e-05,17,17
B,234,20,0.999,0.5665,0,0.7403985500817585,0.7402541678695281,0.00014438221223034587,9.765140098351106e-06,17,17
B,235,20,0.1,0.496,0,0.5257526219117585,0.49557493981148565,0.030177682100272933,0.005558042353052363,17,17
B,235,20,0.5,0.54325,0,0.6129948621560877,0.552608363089327,0.06038649906676063,0.002617384717824646,17,17
B,235,20,0.9,0.711,0,0.7387562157915777,0.7141027806146765,0.024653435176901106,0.00047944767604661965,17,17
B,235,20,0.99,0.7825,0,0.7930976307175805,0.7900888730506304,0.003008757666950153,4.883181664684934e-05,17,17
B,235,20,0.999,0.7945,0,0.7994560144966076,0.7991487803461336,0.0003072341504740183,4.901535096235684e-06,17,17
B,236,20,0.1,0.49575,0,0.5029496219898247,0.5254148683295448,-0.022465246339720017,0.0058453176997723955,14,14
B,236,20,0.5,0.43525,0,0.5280649249541531,0.609489591849226,-0.08142466689507293,0.0035241825320270256,14,14
B,236,20,0.9,0.273,0,0.6665289202393135,0.7159627777661172,-0.04943385752680359,0.0010467017195775422,14,14
B,236,20,0.99,0.2305,0,0.7507073320797416,0.7580056584586793,-0.007298326378937653,0.00013823098268163833,14,14
B,236,20,0.999,0.22725,0,0.7619914511409911,0.7627517796349768,-0.0007603284939856964,1.4291274788151302e-05,14,14
B,237,20,0.1,0.48475,0,0.5239956154447813,0.6534340476886313,-0.1294384322438501,0.005144864653347377,15,15
B,237,20,0.5,0.45375,0,0.6067948246307315,0.6485095915635056,-0.041714766932774094,0.00271366894679906,15,15
B,237,20,0.9,0.38425,0,0.697700802636745,0.711695254493057,-0.013994451856312203,0.00066596949263914,15,15
B,237,20,0.99,0.34975,0,0.7356685870974625,0.7375408072685318,-0.0018722201710692948,7.467355813817658e-05,15,15
B,237,20,0.999,0.34625,0,0.7401888941679344,0.7403818493532083,-0.00019295518527390453,7.557575794295456e-06,15,15
B,238,20,0.1,0.46925,0,0.5079733503155339,0.7459061007071234,-0.23793275039158948,0.004909182434494185,19,19
B,238,20,0.5,0.3545,0,0.589078293357964,0.7457368182631323,-0.1566585249051682,0.003012045836126454,19,19
B,238,20,0.9,0.2935,0,0.7475191723864933,0.7899548577074225,-0.04243568532092927,0.0009290988072571449,19,19
B,238,20,0.99,0.319,0,0.8189799417521546,0.8235136534087881,-0.004533711656633596,0.00011166824431880449,19,19
B,238,20,0.999,0.32375,0,0.8274878025965272,0.8279431832831524,-0.0004553806866252276,1.1420859918217043e-05,19,19
B,239,20,0.1,0.46675,0,0.5173124895088564,0.6719654832157269,-0.15465299370687055,0.0033882240596927013,16,15
B,239,20,0.5,0.4,0,0.6007866857578263,0.6988285792615218,-0.09804189350369537,0.0019367936834116084,16,15
B,239,20,0.9,0.30925,0,0.7613806646243046,0.7871512068672906,-0.025770542242985747,0.00042535925917565234,16,15
B,239,20,0.99,0.2835,0,0.8214959008982926,0.8243472316394511,-0.0028513307411584645,4.450887131461654e-05,16,15
B,239,20,0.999,0.281,0,0.8282813235727107,0.8285696394776221,-0.0002883159049113751,4.474043594311084e-06,16,15
B,240,20,0.1,0.5045,0,0.7449567022896567,0.742149664302728,0.0028070379869287437,0.0038450425081796562,19,19
B,240,20,0.5,0.4855,0,0.7333188789116394,0.7397834361757446,-0.006464557264105282,0.002256298194132391,19,19
B,240,20,0.9,0.4355,0,0.7801739351239827,0.7865669189974381,-0.00639298387345546,0.0005411823024413388,19,19
B,240,20,0.99,0.41775,0,0.8048037206892302,0.8056121625922842,-0.0008084419030540752,5.753117130944528e-05,19,19
B,240,20,0.999,0.41775,0,0.8076117755834226,0.8076947630494651,-8.298746604267243e-05,5.7871420533688126e-06,19,19
B,241,20,0.1,0.486,0,0.6669935560226087,0.7446981859542429,-0.07770462993163414,0.004261826034691058,18,18
B,241,20,0.5,0.466,0,0.6851683204463103,0.7322548788202432,-0.04708655837393291,0.002518087397396552,18,18
B,241,20,0.9,0.47225,0,0.7464976078689156,0.7533895307208553,-0.00689192285193977,0.0006651053814440089,18,18
B,241,20,0.99,0.497,0,0.7784388039700739,0.7787867020016254,-0.0003478980315515785,7.527703125821892e-05,18,18
B,241,20,0.999,0.49825,0,0.7822048897357694,0.7822355746087598,-3.068487299050279e-05,7.621373140529241e-06,18,18
B,242,20,0.1,0.47725,0,0.5090168001389388,0.7319384003091045,-0.22292160017016557,0.004921374749338261,11,10
B,242,20,0.5,0.3795,0,0.54597697449844,0.6880181240723651,-0.14204114957392516,0.0029246613349268205,11,10
B,242,20,0.9,0.30825,0,0.6427476038770559,0.676237687944928,-0.033490084067872045,0.0006726239492374607,11,10
B,242,20,0.99,0.29475,0,0.6740500069864227,0.6775350070402779,-0.0034850000538552885,6.959876595062849e-05,11,10
B,242,20,0.999,0.295,0,0.6773806892794934,0.6777307121014986,-0.00035002282200527,6.982393183174165e-06,11,10
B,243,20,0.1,0.471,0,0.5266938912101057,0.7476521586197223,-0.22095826740961652,0.004693789082289521,14,14
B,243,20,0.5,0.36475,0,0.6236304956800182,0.7451180187509989,-0.12148752307098092,0.002320452592364827,14,14
B,243,20,0.9,0.23675,0,0.7470637439805369,0.7742771630218145,-0.02721341904127773,0.0004508128494705224,14,14
B,243,20,0.99,0.20425,0,0.7835538897576756,0.7863964242743287,-0.002842534516652927,4.5542301631691695e-05,14,14
B,243,20,0.999,0.19875,0,0.7874141321801384,0.7876996888964257,-0.0002855567162873744,4.56041665574498e-06,14,14
B,244,20,0.1,0.49525,0,0.7477134956894322,0.7383201686621682,0.009393327027264007,0.0038905278556014356,19,19
B,244,20,0.5,0.5135,0,0.7500159116454823,0.7282432052913689,0.02177270635411348,0.0020858373370085145,19,19
B,244,20,0.9,0.592,0,0.786172467074712,0.7737141120926783,0.012458354982033725,0.000452333667610789,19,19
B,244,20,0.99,0.6225,0,0.8024743128057017,0.8009391738527603,0.0015351389529414767,4.7418448251962416e-05,19,19
B,244,20,0.999,0.6265,0,0.8042269968991558,0.804070641874167,0.00015635502498876093,4.766056763042238e-06,19,19
B,245,20,0.1,0.51475,0,0.7387235903959704,0.6565846349677872,0.08213895542818306,0.004248690567250108,18,18
B,245,20,0.5,0.559,0,0.7169561990152565,0.6565733322866255,0.06038286672863104,0.002591880319428226,18,18
B,245,20,0.9,0.57125,0,0.7626956085326106,0.7458331332340224,0.016862475298588173,0.0007700599009389825,18,18
B,245,20,0.99,0.582,0,0.8007527304213133,0.7985812362942016,0.0021714941271117278,8.78972209117257e-05,18,18
B,245,20,0.999,0.58475,0,0.8057898361473794,0.8055643056671566,0.00022553048022283783,8.9208314772301e-06,18,18
B,246,20,0.1,0.479,0,0.5171282448067117,0.6552868068861846,-0.1381585620794729,0.005284130440938428,12,12
B,246,20,0.5,0.445,0,0.5864029141071917,0.6566602662932826,-0.07025735218609083,0.003342788977664085,12,12
B,246,20,0.9,0.41,0,0.7057774900705539,0.7317758224294155,-0.025998332358861637,0.0010702576993727568,12,12
B,246,20,0.99,0.4015,0,0.7589285144198504,0.7624256694140038,-0.0034971549941532416,0.00012908904678640001,12,12
B,246,20,0.999,0.401,0,0.7653973233553163,0.7657564770694066,-0.00035915371409034656,1.313858469966264e-05,12,12
B,247,20,0.1,0.496,0,0.6606515950020961,0.6653841444538577,-0.004732549451761614,0.0047826023224188455,20,20
B,247,20,0.5,0.493,0,0.6757221038989187,0.6785889946824146,-0.0028668907834959972,0.003035211013467527,20,20
B,247,20,0.9,0.5505,0,0.7697342922072117,0.7639393314196186,0.0057949607875931,0.00105720299357551,20,20
B,247,20,0.99,0.55675,0,0.8158508555658971,0.8148138889493574,0.0010369666165397796,0.00013072161517163703,20,20
B,247,20,0.999,0.55625,0,0.8212421823705732,0.8211340411323563,0.00010814123821701909,1.3352188257754883e-05,20,20
B,248,20,0.1,0.48725,0,0.516908227547667,0.6741313415392188,-0.157223113991552,0.005502552384226439,16,16
B,248,20,0.5,0.4335,0,0.5752401417679706,0.6950891252071554,-0.11984898343918479,0.003747672235702672,16,16
B,248,20,0.9,0.3515,0,0.7086408097764516,0.7489775755102468,-0.040336765733795146,0.0011622402833313388,16,16
B,248,20,0.99,0.33975,0,0.7664955974765878,0.7709250954297716,-0.004429497953183842,0.00013059127875545917,16,16
B,248,20,0.999,0.339,0,0.7730017042120554,0.773448883097746,-0.0004471788856905254,1.3199378620059713e-05,16,16
B,249,20,0.1,0.49025,0,0.5274293232059393,0.6554180530129504,-0.12798872980701126,0.005452606859596522,18,18
B,249,20,0.5,0.46825,0,0.6181446079365325,0.6584756070288076,-0.04033099909227514,0.0033853333157366017,18,18
B,249,20,0.9,0.48825,0,0.7254024518556321,0.7249151324771803,0.0004873193784516833,0.0008420950816271085,18,18
B,249,20,0.99,0.5035,0,0.7597132965220782,0.7593146171300814,0.00039867939199679243,9.068564088980358e-05,18,18
B,249,20,0.999,0.504,0,0.7634444813321142,0.7634015076968618,4.297363525237707e-05,9.137137481441791e-06,18,18
B,250,20,0.1,0.48375,0,0.5064197347203326,0.6568776716818455,-0.1504579369615129,0.005304837451230025,10,6
B,250,20,0.5,0.427,0,0.5330574889140501,0.6266781717580425,-0.09362068284399228,0.003325314897730234,10,6
B,250,20,0.9,0.365,0,0.5868051361405164,0.6092535189491728,-0.022448382808656433,0.0008847301747762596,10,6
B,250,20,0.99,0.35775,0,0.6058718285742817,0.6083201490755991,-0.002448320501317438,9.490050183293635e-05,10,6
B,250,20,0.999,0.3565,0,0.6080409474606997,0.6082882473952089,-0.00024729993450915477,9.556745228344168e-06,10,6
B,251,20,0.1,0.49,0,0.6484211096593339,0.6801097134142342,-0.03168860375490031,0.004762275357975228,15,15
B,251,20,0.5,0.44075,0,0.6375150178442949,0.6900957595070579,-0.052580741662762866,0.0029005693238388242,15,15
B,251,20,0.9,0.41,0,0.6983477854342535,0.7147770722144753,-0.016429286780221982,0.0007433240509073906,15,15
B,251,20,0.99,0.41175,0,0.7255097871634859,0.727348604893812,-0.0018388177303260904,8.07916257382769e-05,15,15
B,251,20,0.999,0.4115,0,0.7286085574200056,0.7287949174061792,-0.00018635998617350352,8.152448534605708e-06,15,15
B,252,20,0.1,0.49325,0,0.5015301254023045,0.6542224406072777,-0.15269231520497328,0.005289393374621491,15,15
B,252,20,0.5,0.40075,0,0.5091526078677161,0.6315891652924838,-0.1224365574247678,0.002964429741868209,15,15
B,252,20,0.9,0.19575,0,0.6048498248987971,0.6594936543336238,-0.05464382943482666,0.0008290886178786684,15,15
B,252,20,0.99,0.1415,0,0.6856140555869618,0.6932074439097289,-0.007593388322767083,0.00010717901310098904,15,15
B,252,20,0.999,0.138,0,0.6965442362524379,0.6973304117663078,-0.0007861755138698272,1.106237670794079e-05,15,15
B,253,20,0.1,0.4725,0,0.508747437587202,0.6750975280786597,-0.16635009049145774,0.005332779319874176,13,13
B,253,20,0.5,0.369,0,0.5422535150161403,0.6834979471215548,-0.14124443210541443,0.003257442772871465,13,13
B,253,20,0.9,0.191,0,0.6537703486164317,0.7008029395158155,-0.04703259089938389,0.0008437989492902609,13,13
B,253,20,0.99,0.156,0,0.7017784985935605,0.707109906989732,-0.005331408396171427,9.167172407586568e-05,13,13
B,253,20,0.999,0.153,0,0.707251217897399,0.7077910751886068,-0.0005398572912079036,9.24527471131368e-06,13,13
B,254,20,0.1,0.49825,0,0.7352367991407188,0.7416390553975417,-0.0064022562568230084,0.0039794549005246396,15,15
B,254,20,0.5,0.49375,0,0.7158654616871558,0.7183646322483697,-0.0024991705612137627,0.002820730465542918,15,15
B,254,20,0.9,0.5615,0,0.7564660165877702,0.7476263463632046,0.00883967022456575,0.0009751266029210165,15,15
B,254,20,0.99,0.57775,0,0.7782148932641317,0.776906964893453,0.0013079283706787603,0.00011528254085638249,15,15
B,254,20,0.999,0.58025,0,0.7807525672630029,0.7806173356233456,0.00013523163965754867,1.1728996369311416e-05,15,15
B,255,20,0.1,0.516,0,0.7482093959799536,0.5209106539838851,0.22729874199606856,0.004926866785089021,19,19
B,255,20,0.5,0.59775,0,0.7501721134627409,0.6164755858314859,0.133696527631255,0.002837255462931526,19,19
B,255,20,0.9,0.72925,0,0.7768348676591406,0.7343725780449623,0.04246228961417828,0.0007095596455646976,19,19
B,255,20,0.99,0.80025,0,0.8030157677301525,0.7971672099017494,0.005848557828403161,8.640002480152257e-05,19,19
B,255,20,0.999,0.8075,0,0.8066418694086788,0.806035627757778,0.0006062416509007514,8.88699609264029e-06,19,19
B,256,20,0.1,0.5295,0,0.7317238876130369,0.5062424822109061,0.22548140540213088,0.00502020180684004,18,18
B,256,20,0.5,0.64575,0,0.6991459834672052,0.5430930306165244,0.15605295285068094,0.003107825755737066,18,18
B,256,20,0.9,0.8135,0,0.6913124340217235,0.6471476764623085,0.0441647575594149,0.0007841791561979548,18,18
B,256,20,0.99,0.8395,0,0.6926395429971416,0.6878009361244624,0.004838606872679166,8.39763944962008e-05,18,18
B,256,20,0.999,0.8405,0,0.6928329284981073,0.692344389290873,0.0004885392072341607,8.4604119487265e-06,18,18
B,257,20,0.1,0.51725,0,0.6584792467392676,0.49812363510456203,0.1603556116347056,0.005171572833230568,20,20
B,257,20,0.5,0.60525,0,0.6457122811804547,0.5274657515931508,0.11824652958730388,0.0028211107725964533,20,20
B,257,20,0.9,0.79275,0,0.6875237607175598,0.6307898354141785,0.056733925303381276,0.000904235900244655,20,20
B,257,20,0.99,0.8465,0,0.7160976357257863,0.7078689018906964,0.008228733835089735,0.00011913100267677995,20,20
B,257,20,0.999,0.85025,0,0.7194563326528433,0.7186009635165935,0.0008553691362497377,1.2283880635745325e-05,20,20
B,258,20,0.1,0.5015,0,0.7456832914104246,0.6724074282018425,0.07327586320858188,0.0035291347986901225,16,16
B,258,20,0.5,0.5315,0,0.7451716617266568,0.6973652806937177,0.047806381032939146,0.0018768718274566173,16,16
B,258,20,0.9,0.563,0,0.7943649884634904,0.7823454035385909,0.01201958492489947,0.00043201454393543867,16,16
B,258,20,0.99,0.5745,0,0.818006632724312,0.8167134802130909,0.001293152511221057,4.6314273703845e-05,16,16
B,258,20,0.999,0.576,0,0.8206559406641293,0.8205256948082967,0.00013024585583232002,4.672226653957525e-06,16,16
B,259,20,0.1,0.5255,0,0.7420061643559513,0.6632920621428017,0.07871410221314958,0.003687035573649476,16,16
B,259,20,0.5,0.55875,0,0.7162621790832998,0.6511618262477037,0.06510035283559594,0.0024706693362634958,16,16
B,259,20,0.9,0.5965,0,0.7203466178089825,0.6955040134289735,0.024842604380009063,0.0008742231046366456,16,16
B,259,20,0.99,0.60325,0,0.7302989745410519,0.727305810565141,0.0029931639759107243,0.00010377852204806744,16,16
B,259,20,0.999,0.605,0,0.7315478158213148,0.7312424272073349,0.0003053886139799118,1.0546006455381384e-05,16,16
B,260,20,0.1,0.504,0,0.7353037748526317,0.6763005474051824,0.05900322744744914,0.00448826059252257,18,18
B,260,20,0.5,0.51475,0,0.7356204860117083,0.7156660065892493,0.019954479422459002,0.003277866435557272,18,18
B,260,20,0.9,0.53775,0,0.8111108819187605,0.7975052452461698,0.013605636672590737,0.001202373285532163,18,18
B,260,20,0.99,0.558,0,0.8475032831343998,0.8449861864358581,0.002517096698541518,0.00015108780894537702,18,18
B,260,20,0.999,0.56,0,0.8517863280141285,0.8515175542258008,0.00026877378832768876,1.5481526591499084e-05,18,18
B,261,20,0.1,0.52,0,0.7545554068589945,0.6688536920701132,0.08570171478888136,0.004394876180313611,7,17
B,261,20,0.5,0.56175,0,0.756987968647021,0.6844082558591092,0.07257971278791187,0.002977810440372291,7,17
B,261,20,0.9,0.62475,0,0.7821743234023432,0.7730071825390757,0.009167140863267424,0.001426131226680715,7,17
B,261,20,0.99,0.62975,0,0.7920237326707639,0.8164428463064242,-0.024419113635660263,0.0011889826748878664,7,17
B,261,20,0.999,0.62975,0,0.7930940210521902,0.8214311693974818,-0.028337148345291708,0.0011778555217862774,7,17
B,262,20,0.1,0.49,0,0.675765544772891,0.7377862359587481,-0.0620206911858574,0.004480259629412905,15,15
B,262,20,0.5,0.499,0,0.7020710526555853,0.7138264460312131,-0.011755393375627794,0.0028935443525968394,15,15
B,262,20,0.9,0.5415,0,0.742851333550911,0.7434061606076375,-0.000554827056726438,0.0007507549818043287,15,15
B,262,20,0.99,0.555,0,0.7584323730607795,0.7585137581973724,-8.138513659289252e-05,8.041090377503845e-05,15,15
B,262,20,0.999,0.55575,0,0.7601846434444495,0.760193084395491,-8.440951041599587e-06,8.097172726402324e-06,15,15
B,263,20,0.1,0.47325,0,0.5097859587338152,0.6592680626732763,-0.1494821039394611,0.00526461388255233,18,18
B,263,20,0.5,0.3995,0,0.5469376213183991,0.6678507497718928,-0.1209131284534937,0.0031878269736419205,18,18
B,263,20,0.9,0.33225,0,0.6687040958551451,0.7055935618913106,-0.03688946603616554,0.0008653025174034864,18,18
B,263,20,0.99,0.31975,0,0.7169062225476028,0.7210695089146332,-0.004163286367030343,9.651787048897138e-05,18,18
B,263,20,0.999,0.3175,0,0.722366772716601,0.7227881704350553,-0.00042139771845431937,9.766884703007611e-06,18,18
B,264,20,0.1,0.49575,0,0.7421141688598323,0.7369517531332944,0.005162415726537794,0.0033234010626093996,18,18
B,264,20,0.5,0.507,0,0.7116848115248458,0.7044451254354993,0.007239686089346335,0.0017767517567941467,18,18
B,264,20,0.9,0.547,0,0.740167169414349,0.734104329408976,0.006062840005372973,0.00038915505131430195,18,18
B,264,20,0.99,0.5805,0,0.7691787445969432,0.7681334350533277,0.0010453095436156285,4.49143291367737e-05,18,18
B,264,20,0.999,0.58475,0,0.7728350049185069,0.772724538222136,0.00011046669637080692,4.571724711639494e-06,18,18
B,265,20,0.1,0.529,0,0.7419232588666866,0.5078901176713148,0.23403314119537189,0.004931544910159612,17,17
B,265,20,0.5,0.60175,0,0.7100599814802279,0.556538942946345,0.15352103853388294,0.003220030045335158,17,17
B,265,20,0.9,0.55075,0,0.7312975427480656,0.7018141674353314,0.029483375312733998,0.0010368506352555974,17,17
B,265,20,0.99,0.503,0,0.7650440524620514,0.762412768672436,0.0026312837896155026,0.00012091361323287519,17,17
B,265,20,0.999,0.4985,0,0.7695800798957132,0.7693188202007973,0.0002612596949158485,1.2302161793058868e-05,17,17
B,266,20,0.1,0.48,0,0.5214642692181922,0.7502789930540886,-0.22881472383589632,0.003785940056743847,17,17
B,266,20,0.5,0.3835,0,0.5961089840828387,0.7344347920868891,-0.13832580800405042,0.002333307748467926,17,17
B,266,20,0.9,0.28825,0,0.6865746616772519,0.7246161604216883,-0.0380414987444363,0.0006572574383614788,17,17
B,266,20,0.99,0.2695,0,0.7198806514294867,0.7240826612339545,-0.004202009804467833,7.245756980041258e-05,17,17
B,266,20,0.999,0.2685,0,0.7236347038891865,0.7240596468931862,-0.00042494300399976525,7.320931961559122e-06,17,17
B,267,20,0.1,0.511,0,0.6751466397907068,0.5234352023734616,0.15171143741724535,0.005628473159099402,14,14
B,267,20,0.5,0.5655,0,0.7049341953275552,0.6064921903003434,0.09844200502721187,0.00406709160528987,14,14
B,267,20,0.9,0.5725,0,0.7713459097455664,0.7480996229272612,0.02324628681830517,0.0013538788430408153,14,14
B,267,20,0.99,0.57625,0,0.809219672641514,0.8065110107991436,0.0027086618423704254,0.00016119242954944403,14,14
B,267,20,0.999,0.57575,0,0.8138953163424135,0.8136171125747116,0.00027820376770202926,1.6436617430622427e-05,14,14
B,268,20,0.1,0.49625,0,0.6709484184151607,0.6756838483484953,-0.004735429933334584,0.004940024582397076,16,16
B,268,20,0.5,0.5045,0,0.7089020881556478,0.6868589258624279,0.022043162293219853,0.0035289444160411052,16,16
B,268,20,0.9,0.4605,0,0.7970514760718322,0.7917276608634616,0.005323815208370709,0.0010820669715334848,16,16
B,268,20,0.99,0.40125,0,0.8488689204762425,0.8489225804583499,-5.36599821074645e-05,0.00011987991487278141,16,16
B,268,20,0.999,0.39525,0,0.8555668200611525,0.8555792898817534,-1.2469820600821205e-05,1.2104607164129584e-05,16,16
B,269,20,0.1,0.50925,0,0.5055366042670703,0.5098038182849453,-0.004267214017874983,0.005820034933303121,15,15
B,269,20,0.5,0.47275,0,0.5481004086389181,0.5840523561930051,-0.03595194755408693,0.0034740429911409433,15,15
B,269,20,0.9,0.3965,0,0.6761704445682958,0.6962055994938339,-0.020035154925538215,0.0008692625761837003,15,15
B,269,20,0.99,0.36475,0,0.7289156770128155,0.7314068209999439,-0.0024911439871283772,9.504866256414958e-05,15,15
B,269,20,0.999,0.36225,0,0.7349219469886411,0.7351762482932293,-0.00025430130458817534,9.601570111465151e-06,15,15
B,270,20,0.1,0.51375,0,0.6740050845086526,0.6592274244469413,0.014777660061711266,0.00493112258723788,16,16
B,270,20,0.5,0.565,0,0.7203181166481747,0.6581552282673351,0.06216288838083957,0.0034828799791754845,16,16
B,270,20,0.9,0.561,0,0.7800381231910085,0.7476531678436696,0.032384955347338915,0.0014225672252837955,16,16
B,270,20,0.99,0.486,0,0.8221885408640256,0.8188083136477956,0.003380227216230093,0.0001963788962154476,16,16
B,270,20,0.999,0.4765,0,0.8287586428534836,0.8284272808173979,0.00033136203608563326,2.022911724883631e-05,16,16
B,271,20,0.1,0.51,0,0.6661411634839972,0.5084447552754452,0.15769640820855196,0.005641675291555289,13,1
B,271,20,0.5,0.58475,0,0.6750665288674299,0.5084447552754453,0.16662177359198466,0.005066968596456049,13,1
B,271,20,0.9,0.67175,0,0.6940484035927726,0.5084447552754452,0.18560364831732742,0.005001917047634472,13,1
B,271,20,0.99,0.69725,0,0.7008805484216037,0.5084447552754453,0.1924357931461584,0.0050621719428337476,13,1
B,271,20,0.999,0.7,0,0.7016117874558664,0.5084447552754453,0.1931670321804212,0.005069518248653906,13,1
B,272,20,0.1,0.48525,0,0.6584606793467286,0.7343076722153372,-0.07584699286860862,0.004432994317600046,11,15
B,272,20,0.5,0.445,0,0.6477570087396191,0.7069598102815834,-0.05920280154196442,0.0028440146271494124,11,15
B,272,20,0.9,0.39125,0,0.7075538393182047,0.7344540160340309,-0.026900176715826177,0.0010243354604364502,11,15
B,272,20,0.99,0.379,0,0.7340030819787625,0.7502855617274587,-0.016282479748696246,0.0007732091681750279,11,15
B,272,20,0.999,0.37675,0,0.736925028212232,0.7520567021484699,-0.015131673936237775,0.0007681084178132091,11,15
B,273,20,0.1,0.52425,0,0.7376874260339578,0.5275030742328153,0.21018435180114256,0.004892524761196441,16,16
B,273,20,0.5,0.5705,0,0.7048464425739275,0.6235207849193466,0.08132565765458087,0.0027335499848643446,16,16
B,273,20,0.9,0.57275,0,0.7573967497989484,0.7455556140423132,0.011841135756635179,0.0006446638660974314,16,16
B,273,20,0.99,0.57375,0,0.7867398458992094,0.7855490353522009,0.001190810547008462,6.956137914811966e-05,16,16
B,273,20,0.999,0.57225,0,0.7900589625707335,0.789939750590175,0.00011921198055860006,7.011348006569225e-06,16,16
B,274,20,0.1,0.46975,0,0.5187977697482142,0.7479203650898878,-0.2291225953416735,0.004959687145966704,15,15
B,274,20,0.5,0.37525,0,0.5769838655947942,0.7239712164804193,-0.14698735088562515,0.002949808253279299,15,15
B,274,20,0.9,0.30225,0,0.6684209732996342,0.7048667058602939,-0.03644573256065961,0.0006923211026031823,15,15
B,274,20,0.99,0.2885,0,0.6984836354597044,0.7023325163489726,-0.003848880889268392,7.295978795132771e-05,15,15
B,274,20,0.999,0.2865,0,0.7017306791869878,0.7021178025648321,-0.00038712337784440156,7.335416402678697e-06,15,15
B,275,20,0.1,0.49275,0,0.7353925367484859,0.7427307679261239,-0.007338231177637962,0.0034324949273299515,16,16
B,275,20,0.5,0.478,0,0.7143151618296302,0.728883386084541,-0.014568224254910885,0.002078970270090964,16,16
B,275,20,0.9,0.46075,0,0.7459615498714891,0.7493137736474784,-0.003352223775989291,0.0004901897374479393,16,16
B,275,20,0.99,0.45975,0,0.7607480406545919,0.7610655093689097,-0.00031746871431768107,5.1700784063311784e-05,16,16
B,275,20,0.999,0.4595,0,0.7623642383580148,0.7623958688137483,-3.163045573344034e-05,5.196797886260623e-06,16,16
B,276,20,0.1,0.529,0,0.7473611513992428,0.49566043457760484,0.25170071682163786,0.004871110628022041,18,18
B,276,20,0.5,0.643,0,0.7392909655394849,0.5450678871042136,0.19422307843527137,0.0033044508994848534,18,18
B,276,20,0.9,0.766,0,0.7614108548417043,0.6946514818398379,0.0667593730018664,0.0010571466581424107,18,18
B,276,20,0.99,0.77325,0,0.7743785491809522,0.7666368428114813,0.00774170636947089,0.00012263706158149553,18,18
B,276,20,0.999,0.77275,0,0.7759288105043336,0.775143749891153,0.0007850606131805751,1.2465817661126496e-05,18,18
B,277,20,0.1,0.49925,0,0.7459676934465069,0.7316536137807682,0.014314079665738628,0.0040296243872362395,17,17
B,277,20,0.5,0.51975,0,0.7394644828289482,0.711707156085104,0.027757326743844048,0.002986082020116801,17,17
B,277,20,0.9,0.51625,0,0.7922679848379751,0.791767563060638,0.0005004217773371199,0.0009170848034008617,17,17
B,277,20,0.99,0.49325,0,0.8306535862490169,0.8310145743060188,-0.000360988057001935,0.00010295890795057761,17,17
B,277,20,0.999,0.49125,0,0.835410217003489,0.8354507321260847,-4.051512259555935e-05,1.0401221617554448e-05,17,17
B,278,20,0.1,0.53075,0,0.7409104972347973,0.5237401323601442,0.21717036487465305,0.004865000661025891,18,18
B,278,20,0.5,0.59275,0,0.7068174647900287,0.6029136112784468,0.1039038535115819,0.0027641654491608507,18,18
B,278,20,0.9,0.57875,0,0.7369428218964229,0.7235979181371687,0.013344903759254113,0.0005825452743721188,18,18
B,278,20,0.99,0.5645,0,0.7787938674048045,0.7777519954350289,0.001041871969775654,5.994956251571715e-05,18,18
B,278,20,0.999,0.5625,0,0.7844533908530413,0.7843523925238846,0.00010099832915686386,6.016724478790757e-06,18,18
B,279,20,0.1,0.4905,0,0.6572737981740899,0.7284648651427271,-0.07119106696863704,0.004428712457707031,15,15
B,279,20,0.5,0.46175,0,0.6317685125581822,0.6772716150820204,-0.045503102523838185,0.002796843232962555,15,15
B,279,20,0.9,0.49925,0,0.674464479180269,0.6760040693388314,-0.001539590158562504,0.0008120482497294384,15,15
B,279,20,0.99,0.51225,0,0.6947500958622106,0.6946027166054735,0.00014737925673717706,9.054052995077491e-05,15,15
B,279,20,0.999,0.51475,0,0.6969800544140207,0.6969618046471664,1.8249766854273015e-05,9.150796395405847e-06,15,15
B,280,20,0.1,0.506,0,0.7375516055698043,0.6586535850099503,0.07889802055985384,0.0043216665865426765,13,13
B,280,20,0.5,0.5435,0,0.6937056952383168,0.639063730097208,0.054641965141108924,0.0026965672059325635,13,13
B,280,20,0.9,0.67275,0,0.7058676882670516,0.6799074921330678,0.025960196133983593,0.0008101761809006105,13,13
B,280,20,0.99,0.717,0,0.7230548439538275,0.7194444432879071,0.003610400665920337,9.82277901682221e-05,13,13
B,280,20,0.999,0.71925,0,0.7250483273263255,0.7246757347498608,0.00037259257646475027,1.0019866622519428e-05,13,13
B,281,20,0.1,0.53,0,0.7411527981044504,0.501309654874411,0.23984314323003933,0.004916163390453192,15,15
B,281,20,0.5,0.642,0,0.7082782228605903,0.54340503869492,0.1648731841656703,0.0030168212797473835,15,15
B,281,20,0.9,0.73075,0,0.7121637398372984,0.6671469788520322,0.04501676098526619,0.0008712669903993624,15,15
B,281,20,0.99,0.74275,0,0.7211829122196233,0.7161873607948305,0.004995551424792702,9.894717158832716e-05,15,15
B,281,20,0.999,0.74425,0,0.7222678479445004,0.7217630235460766,0.0005048243984237224,1.0018650189828673e-05,15,15
B,282,20,0.1,0.4785,0,0.5174963618091318,0.7405561424226321,-0.22305978061350024,0.0037803679029184594,18,18
B,282,20,0.5,0.374,0,0.578397959944112,0.72606222008806,-0.14766426014394807,0.0023912253245893357,18,18
B,282,20,0.9,0.257,0,0.6943747234690707,0.7369722319245843,-0.04259750845551362,0.000625026583806057,18,18
B,282,20,0.99,0.22525,0,0.744735824393061,0.7495426806212852,-0.004806856228224193,6.838178865211427e-05,18,18
B,282,20,0.999,0.22175,0,0.7507082173474,0.751195113962392,-0.00048689661499193304,6.905041950151848e-06,18,18
B,283,20,0.1,0.48775,0,0.5032741155151959,0.7363981515292353,-0.23312403601403947,0.004953274393303622,16,16
B,283,20,0.5,0.4015,0,0.5539575173704065,0.6960221561615504,-0.1420646387911438,0.0032238898934584034,16,16
B,283,20,0.9,0.3565,0,0.6664561537532885,0.6987079162874054,-0.032251762534116796,0.000839782073764172,16,16
B,283,20,0.99,0.35375,0,0.7019317670808296,0.7052851985282695,-0.0033534314474399996,8.977710349103839e-05,16,16
B,283,20,0.999,0.35225,0,0.7057190162405849,0.7060559536055113,-0.0003369373649264873,9.036434514472716e-06,16,16
B,284,20,0.1,0.502,0,0.5177131685503163,0.5177131685503162,4.178948853628128e-18,6.945158069623396e-18,11,11
B,284,20,0.5,0.502,0,0.5816914275630818,0.5816914275630818,-2.55351295663786e-18,1.5658375496438395e-18,11,11
B,284,20,0.9,0.502,0,0.622670374604472,0.6226703746044719,-2.6506574712925613e-18,1.2147460969737954e-18,11,11
B,284,20,0.99,0.502,0,0.6311285436075047,0.6311285436075047,-4.371503159461554e-18,1.2317788189674208e-18,11,11
B,284,20,0.999,0.502,0,0.6319617027831524,0.6319617027831524,1.074140776324839e-17,1.137124412998458e-18,11,11
B,285,20,0.1,0.519,0,0.7491770202210997,0.5154583631045722,0.23371865711652748,0.0051148194742795215,18,18
B,285,20,0.5,0.608,0,0.7269012795815072,0.5837144713570994,0.14318680822440774,0.0037743423578188513,18,18
B,285,20,0.9,0.6525,0,0.7493170245735616,0.7119231697109392,0.0373938548626225,0.0012286486756839861,18,18
B,285,20,0.99,0.659,0,0.76707187271501,0.7628993569382722,0.004172515776737752,0.00013938653003396786,18,18
B,285,20,0.999,0.659,0,0.76917140005667,0.7687487711436508,0.0004226289130191773,1.4110934729939631e-05,18,18
B,286,20,0.1,0.47875,0,0.5216514650557488,0.6656660228008868,-0.14401455774513802,0.005307295635920885,15,15
B,286,20,0.5,0.41225,0,0.5861667198111465,0.6871876315706242,-0.10102091175947779,0.0037098983696511397,15,15
B,286,20,0.9,0.306,0,0.7141854615464788,0.7624404958948328,-0.04825503434835415,0.0013669853437905323,15,15
B,286,20,0.99,0.292,0,0.7855655908354934,0.7919776297689095,-0.006412038933416275,0.00016830524172782883,15,15
B,286,20,0.999,0.2915,0,0.7946336925763603,0.7952922646644188,-0.0006585720880584998,1.7190045983633537e-05,15,15
B,287,20,0.1,0.4915,0,0.5166357559124158,0.5214445223351406,-0.004808766422724881,0.005736180490015302,15,15
B,287,20,0.5,0.5105,0,0.6104754873853175,0.5853895150673891,0.025085972317928456,0.0034051101775270476,15,15
B,287,20,0.9,0.51975,0,0.7046189072335242,0.6960321114694753,0.00858679576404877,0.0008821171788846347,15,15
B,287,20,0.99,0.504,0,0.7345897217611275,0.7338679686622898,0.0007217530988376966,9.859643639105861e-05,15,15
B,287,20,0.999,0.50175,0,0.738066573705629,0.7379976408369283,6.893286870067205e-05,9.981075202165988e-06,15,15
B,288,20,0.1,0.5015,0,0.6590964116444725,0.7403245571175249,-0.08122814547305227,0.004354511708007187,19,16
B,288,20,0.5,0.44925,0,0.6722432789544514,0.7231359124259377,-0.05089263347148625,0.002752797659872216,19,16
B,288,20,0.9,0.358,0,0.7546824406973667,0.7604933553929812,-0.005810914695614403,0.0010273262161788522,19,16
B,288,20,0.99,0.32475,0,0.7952946323228027,0.785200391367931,0.01009424095487176,0.0007214502548192958,19,16
B,288,20,0.999,0.323,0,0.8001765862197926,0.7881290647559106,0.012047521463882107,0.0007064827573847451,19,16
B,289,20,0.1,0.52825,0,0.7398714186012575,0.4978763765269375,0.24199504207431993,0.004912303816064354,15,15
B,289,20,0.5,0.64125,0,0.712271998485737,0.5438371637562834,0.1684348347294535,0.0030952387283499773,15,15
B,289,20,0.9,0.74375,0,0.7348697290919851,0.682390978701705,0.05247875039028027,0.0009924827420684098,15,15
B,289,20,0.99,0.74275,0,0.7549705615858793,0.748999319264007,0.00597124232187223,0.00011899626208853028,15,15
B,289,20,0.999,0.74175,0,0.7575417118835192,0.7569374375732023,0.0006042743103168577,1.2141909726136024e-05,15,15
B,290,20,0.1,0.51775,0,0.7395127347780758,0.5242548866482873,0.21525784812978868,0.004905651235581565,16,16
B,290,20,0.5,0.5915,0,0.7037170296111812,0.6002426926275126,0.10347433698366865,0.0027211835819114186,16,16
B,290,20,0.9,0.63175,0,0.6876367149119498,0.6691287090224363,0.01850800588951349,0.0005369850036864301,16,16
B,290,20,0.99,0.638,0,0.687683079101884,0.6858835067809622,0.0017995723209217173,5.353928179316384e-05,16,16
B,290,20,0.999,0.63875,0,0.6877664908905511,0.6875869512238084,0.00017953966674264635,5.352595931612899e-06,16,16
B,291,20,0.1,0.48525,0,0.6604685348635383,0.743942177360969,-0.08347364249743067,0.004357808156676701,15,15
B,291,20,0.5,0.44275,0,0.6663859964712496,0.7332587850616744,-0.0668727885904248,0.002668538890238525,15,15
B,291,20,0.9,0.3805,0,0.7318070573569166,0.7511560728096556,-0.019349015452738948,0.0006702441478846741,15,15
B,291,20,0.99,0.36825,0,0.7575799910316703,0.7597120365637215,-0.002132045532051181,7.111227660842938e-05,15,15
B,291,20,0.999,0.36775,0,0.7604129175836715,0.7606275552752508,-0.0002146376915792988,7.141993252442855e-06,15,15
B,292,20,0.1,0.51625,0,0.7370496865792452,0.6612032827491601,0.07584640383008513,0.00439453788622636,18,18
B,292,20,0.5,0.55175,0,0.7114683222584485,0.6686393421082544,0.04282898015019401,0.0026736779450567054,18,18
B,292,20,0.9,0.591,0,0.7329342932789978,0.7188164074560565,0.014117885822941451,0.0007335656120610669,18,18
B,292,20,0.99,0.60425,0,0.7456450729060272,0.7440535734070779,0.0015914994989491536,8.160637729074917e-05,18,18
B,292,20,0.999,0.605,0,0.7471182995777074,0.7469574127142226,0.0001608868634848774,8.250777189536398e-06,18,18
B,293,20,0.1,0.489,0,0.5214786820589858,0.5044543398862763,0.017024342172709546,0.005750260476584433,14,14
B,293,20,0.5,0.5045,0,0.5771938378625586,0.5633801638857924,0.013813673976766423,0.0031223416751662214,14,14
B,293,20,0.9,0.45625,0,0.713056837427928,0.7163002051675441,-0.003243367739616083,0.0007786321855339619,14,14
B,293,20,0.99,0.4295,0,0.775624056070277,0.7759630416553168,-0.00033898558503989276,9.335739284214044e-05,14,14
B,293,20,0.999,0.42775,0,0.7828541550247567,0.7828879530019814,-3.37979772247919e-05,9.54221810583589e-06,14,14
B,294,20,0.1,0.512,0,0.6696342545020512,0.5019884356575568,0.16764581884449445,0.005716418928780433,13,1
B,294,20,0.5,0.5895,0,0.6907739419718089,0.5019884356575568,0.1887855063142521,0.0050679721074406,13,1
B,294,20,0.9,0.72375,0,0.7722223311805307,0.5019884356575568,0.27023389552297394,0.004441627121302691,13,1
B,294,20,0.99,0.7855,0,0.8180097503712473,0.5019884356575568,0.31602131471369055,0.004358639571415905,13,1
B,294,20,0.999,0.79525,0,0.8236894592194774,0.5019884356575568,0.32170102356192076,0.004358067743060615,13,1
B,295,20,0.1,0.486,0,0.5276555016988725,0.6694647997897735,-0.14180929809090095,0.0052929199489650455,17,17
B,295,20,0.5,0.4405,0,0.6050547246540193,0.6759421031953387,-0.07088737854131925,0.002998019989443694,17,17
B,295,20,0.9,0.42725,0,0.6606632375209115,0.6732519328908338,-0.012588695369922376,0.0006462870707708327,17,17
B,295,20,0.99,0.42825,0,0.6731028038329624,0.6743114234467601,-0.0012086196137974458,6.661703597655987e-05,17,17
B,295,20,0.999,0.429,0,0.6743881559014394,0.6745083975212551,-0.000120241619815802,6.683986092232594e-06,17,17
B,296,20,0.1,0.50625,0,0.5160005290155038,0.5172869864788756,-0.0012864574633720078,0.005807272081205034,14,14
B,296,20,0.5,0.50125,0,0.5924707938678141,0.6081061596394423,-0.015635365771628048,0.0035759451428647527,14,14
B,296,20,0.9,0.51775,0,0.6966038722778252,0.704150666263584,-0.0075467939857587875,0.0009422390543868845,14,14
B,296,20,0.99,0.52875,0,0.7294208750950151,0.7303274469578629,-0.0009065718628477521,0.00010217997415899478,14,14
B,296,20,0.999,0.53,0,0.7329870685392602,0.733079298506989,-9.222996772886442e-05,1.0299686268221254e-05,14,14
B,297,20,0.1,0.491,0,0.6734226342193564,0.6783259847545678,-0.004903350535211197,0.004949308261755952,15,15
B,297,20,0.5,0.49325,0,0.7107507609891413,0.710335635009285,0.00041512597985636523,0.0035621210342730715,15,15
B,297,20,0.9,0.48575,0,0.7887990351002059,0.7913588820184367,-0.002559846918230754,0.0011634433101178191,15,15
B,297,20,0.99,0.47325,0,0.8295950314915204,0.8301124906747381,-0.0005174591832178919,0.00013657463174920694,15,15
B,297,20,0.999,0.47,0,0.8348041166167279,0.8348640154519482,-5.9898835220376396e-05,1.3855109383975553e-05,15,15
B,298,20,0.1,0.5185,0,0.7374174587010589,0.5217834828695975,0.21563397583146143,0.004860326285619053,10,8
B,298,20,0.5,0.58975,0,0.695861542921823,0.5825822492066902,0.11327929371513282,0.002635476859865142,10,8
B,298,20,0.9,0.64525,0,0.6655050589891593,0.6430894886453631,0.0224155703437962,0.0005125327258644698,10,8
B,298,20,0.99,0.65875,0,0.6589529107486853,0.6567097330461023,0.002243177702583103,5.074148479735795e-05,10,8
B,298,20,0.999,0.65925,0,0.6582946510650758,0.6580703159709471,0.0002243350941286504,5.068922808787676e-06,10,8
B,299,20,0.1,0.4965,0,0.5187766390097277,0.4978456846461169,0.02093095436361079,0.005738775369499584,13,13
B,299,20,0.5,0.533,0,0.600294033207043,0.5475026937805089,0.05279133942653415,0.0032890305282554373,13,13
B,299,20,0.9,0.625,0,0.693794010345311,0.6708040052456281,0.022990005099682846,0.0007341401807447761,13,13
B,299,20,0.99,0.65425,0,0.7157474171126066,0.7130966676710946,0.002650749441512209,7.639421470246956e-05,13,13
B,299,20,0.999,0.6545,0,0.7179501812118444,0.7176815785712813,0.000268602640563191,7.67357436938186e-06,13,13
B,300,20,0.1,0.504,0,0.5060728878540895,0.4977155515618762,0.008357336292213425,0.005822808951163302,9,7
B,300,20,0.5,0.47875,0,0.5090435169129343,0.5351717026657506,-0.026128185752816457,0.0036658723337536394,9,7
B,300,20,0.9,0.37475,0,0.5641085612227128,0.5864698213985099,-0.02236126017579706,0.000909452766314023,9,7
B,300,20,0.99,0.345,0,0.5937898620606192,0.596548575450633,-0.0027587133900137985,9.638871729947112e-05,9,7
B,300,20,0.999,0.3425,0,0.5972318595872027,0.5975132055911471,-0.00028134600394427744,9.696625375229537e-06,9,7
B,301,20,0.1,0.518,0,0.6600601543025202,0.5214380487150163,0.1386221055875039,0.0052765869077049605,13,13
B,301,20,0.5,0.55725,0,0.6421191264326057,0.5837350907527827,0.05838403567982316,0.002947845216155382,13,13
B,301,20,0.9,0.52375,0,0.6745276576719691,0.6734872287773123,0.0010404288946569017,0.0006283535122533374,13,13
B,301,20,0.99,0.50475,0,0.7001649094008673,0.7004850648324332,-0.0003201554315659083,6.664588847591981e-05,13,13
B,301,20,0.999,0.504,0,0.7032886654882045,0.7033253753288988,-3.6709840694310394e-05,6.713306740692489e-06,13,13
B,302,20,0.1,0.502,0,0.7383394113646103,0.7348307007801168,0.003508710584493392,0.003965068300642103,15,15
B,302,20,0.5,0.515,0,0.7364036498855355,0.7174716706972802,0.018931979188255264,0.0026300073667599386,15,15
B,302,20,0.9,0.6045,0,0.8070250943613141,0.79264764578824,0.01437744857307417,0.0007256399226489854,15,15
B,302,20,0.99,0.655,0,0.8430396074049146,0.8409652276263987,0.002074379778515897,7.955841562448447e-05,15,15
B,302,20,0.999,0.659,0,0.8473007128229265,0.8470837983418835,0.00021691448104306727,8.007260477939991e-06,15,15
B,303,20,0.1,0.494,0,0.49968094631450183,0.5240473950455405,-0.024366448731038715,0.005638051564205693,11,11
B,303,20,0.5,0.44725,0,0.5524931541587825,0.6080127451954008,-0.05551959103661832,0.0026063916014690807,11,11
B,303,20,0.9,0.37675,0,0.661436925850328,0.6797106328201238,-0.018273706969795966,0.00047377523170257977,11,11
B,303,20,0.99,0.36025,0,0.6931231817237378,0.6951044910025417,-0.0019813092788037766,4.725530899090937e-05,11,11
B,303,20,0.999,0.3595,0,0.6964335010126281,0.6966331606101159,-0.00019965959748795547,4.72613069650643e-06,11,11
B,304,20,0.1,0.50075,0,0.6700337451247139,0.6614562760786873,0.008577469046026773,0.0047099531637213405,11,11
B,304,20,0.5,0.52525,0,0.6878501809852512,0.6681880729040397,0.019662108081211556,0.0026865137004788288,11,11
B,304,20,0.9,0.57175,0,0.7384262315948938,0.7289511275718153,0.009475104023078391,0.0006013502997457802,11,11
B,304,20,0.99,0.58825,0,0.7544346434409172,0.7533338818414268,0.0011007615994904863,6.237547865179925e-05,11,11
B,304,20,0.999,0.59025,0,0.7561092482874935,0.7559978815696404,0.00011136671785298307,6.265349983653469e-06,11,11
B,305,20,0.1,0.49475,0,0.501951093980926,0.5284496684889431,-0.026498574508017188,0.00618297932548462,1,16
B,305,20,0.5,0.43675,0,0.5019510939809261,0.6222501115859952,-0.12029901760506923,0.005209650007579398,1,16
B,305,20,0.9,0.31475,0,0.501951093980926,0.7314628499630391,-0.22951175598211312,0.0043441389335006474,1,16
B,305,20,0.99,0.2765,0,0.5019510939809261,0.7684625501691148,-0.2665114561881888,0.004040199319451543,1,16
B,305,20,0.999,0.2725,0,0.501951093980926,0.7726081775946859,-0.27065708361376006,0.004007850372714473,1,16
B,306,20,0.1,0.484,0,0.6650945482138602,0.7532878722954481,-0.08819332408158784,0.0036941088933570357,16,16
B,306,20,0.5,0.44825,0,0.6797660279270459,0.7550524389489665,-0.07528641102192055,0.002411094083571462,16,16
B,306,20,0.9,0.436,0,0.7612529620527048,0.783427817594532,-0.022174855541826986,0.0006892491042777643,16,16
B,306,20,0.99,0.4355,0,0.7964890994820785,0.7988967740853202,-0.0024076746032416904,7.58450884864352e-05,16,16
B,306,20,0.999,0.435,0,0.8004539263095635,0.8006963160613867,-0.00024238975182325697,7.649058911148365e-06,16,16
B,307,20,0.1,0.50675,0,0.673484673474913,0.6653847854783352,0.008099887996577666,0.004708166554487336,19,19
B,307,20,0.5,0.5405,0,0.6948340188514974,0.6600356239461612,0.03479839490533621,0.003028929195106788,19,19
B,307,20,0.9,0.581,0,0.7391962003263729,0.7267591378808854,0.012437062445487548,0.0008529966962864848,19,19
B,307,20,0.99,0.564,0,0.767616363428903,0.7665198915159276,0.0010964719129752485,9.573621234521419e-05,19,19
B,307,20,0.999,0.562,0,0.7712924100179671,0.7711856149425045,0.00010679507546265083,9.686759680294098e-06,19,19
B,308,20,0.1,0.491,0,0.7443252747320118,0.7494387450634686,-0.0051134703314569645,0.0025982177282977475,18,18
B,308,20,0.5,0.47725,0,0.7273508883453627,0.748772887643185,-0.02142199929782235,0.0015435695638631587,18,18
B,308,20,0.9,0.44825,0,0.7407663133010444,0.7494206059615923,-0.008654292660547848,0.0003833462447725382,18,18
B,308,20,0.99,0.438,0,0.7518191522326781,0.7528098087607469,-0.0009906565280687297,4.1790109514072843e-05,18,18
B,308,20,0.999,0.43725,0,0.7531773396350695,0.7532778602264782,-0.00010052059140860044,4.222958827612002e-06,18,18
B,309,20,0.1,0.474,0,0.49666338369740176,0.7313932471823141,-0.2347298634849124,0.005511813140210722,1,15
B,309,20,0.5,0.40275,0,0.49666338369740193,0.6871889376399413,-0.19052555394253937,0.005151955071303405,1,15
B,309,20,0.9,0.31725,0,0.49666338369740193,0.7282948400011908,-0.23163145630378892,0.0044588607466734395,1,15
B,309,20,0.99,0.28175,0,0.49666338369740193,0.7649475225027531,-0.2682841388053513,0.00413364316659289,1,15
B,309,20,0.999,0.276,0,0.49666338369740176,0.7693864581482838,-0.2727230744508819,0.004099796735811699,1,15
B,310,20,0.1,0.47525,0,0.5115622607640832,0.7393283684167322,-0.22776610765264924,0.00491152365898254,20,20
B,310,20,0.5,0.38275,0,0.5759286689654212,0.7277093710164866,-0.1517807020510655,0.002966467214861606,20,20
B,310,20,0.9,0.3055,0,0.6905209171250097,0.7368730977359661,-0.04635218061095622,0.0008476147918137839,20,20
B,310,20,0.99,0.2885,0,0.7374370427758034,0.7427401326275803,-0.005303089851776955,9.721188919283295e-05,20,20
B,310,20,0.999,0.28525,0,0.7428573645414338,0.7433951677068067,-0.0005378031653729339,9.862171854624586e-06,20,20
B,311,20,0.1,0.5285,0,0.7475023415696578,0.522614705281067,0.22488763628859085,0.004851628107879756,20,20
B,311,20,0.5,0.63475,0,0.7435900362883578,0.5942692184451615,0.1493208178431965,0.002880646125707434,20,20
B,311,20,0.9,0.759,0,0.7621976917341494,0.7227873366917177,0.039410355042431615,0.0006899627509460985,20,20
B,311,20,0.99,0.79275,0,0.7779673544634643,0.7735898194291346,0.00437753503432952,7.436442676360116e-05,20,20
B,311,20,0.999,0.79425,0,0.7800117630532838,0.7795688298234854,0.00044293322979834817,7.5028689905202715e-06,20,20
B,312,20,0.1,0.483,0,0.5265384790815715,0.6793291406745843,-0.15279066159301283,0.00337295811535311,15,15
B,312,20,0.5,0.426,0,0.6144188567777844,0.7011319202122047,-0.08671306343442015,0.0019248505189784766,15,15
B,312,20,0.9,0.373,0,0.698343063338746,0.7178465854407478,-0.01950352210200166,0.0004377213303840768,15,15
B,312,20,0.99,0.36475,0,0.7204341979062507,0.7224572489147524,-0.002023051008501751,4.539807598468658e-05,15,15
B,312,20,0.999,0.363,0,0.7227500846010078,0.7229530096094893,-0.00020292500848160462,4.555528056231828e-06,15,15
B,313,20,0.1,0.51,0,0.73830080849995,0.7414547249361033,-0.003153916436153322,0.002586129252574145,14,14
B,313,20,0.5,0.511,0,0.7119979087402344,0.7197129062298341,-0.007714997489599686,0.0014525273199926484,14,14
B,313,20,0.9,0.5135,0,0.7080743194847122,0.7108973494502973,-0.002823029965585023,0.0003051078930557849,14,14
B,313,20,0.99,0.51325,0,0.7098450592369114,0.7101471976586415,-0.00030213842173012145,3.0746305315679714e-05,14,14
B,313,20,0.999,0.5135,0,0.7100602805878227,0.7100906619883686,-3.0381400546028544e-05,3.0766049015128884e-06,14,14
B,314,20,0.1,0.5285,0,0.6634831162801269,0.5035588174848781,0.1599242987952488,0.005214516219336762,18,18
B,314,20,0.5,0.625,0,0.6821416186707777,0.5327598054328603,0.14938181323791738,0.0029023727887696766,18,18
B,314,20,0.9,0.82925,0,0.7872711483716389,0.717833950259675,0.06943719811196379,0.0008864544674259395,18,18
B,314,20,0.99,0.88125,0,0.8496468724603091,0.8402551022482599,0.009391770212049275,0.00011370972688724968,18,18
B,314,20,0.999,0.88725,0,0.8576503231405069,0.8566797124425048,0.0009706106980020693,1.1692811375171122e-05,18,18
B,315,20,0.1,0.47125,0,0.5202158541989302,0.7404609749215939,-0.2202451207226636,0.005081154860236734,17,17
B,315,20,0.5,0.41625,0,0.588941498640749,0.7318478164186645,-0.14290631777791551,0.0033409122212372674,17,17
B,315,20,0.9,0.4015,0,0.724494251355027,0.7656836589299436,-0.04118940757491669,0.001007302241778377,17,17
B,315,20,0.99,0.4095,0,0.782363899288605,0.7868807112582206,-0.004516811969615781,0.00011357154058019595,17,17
B,315,20,0.999,0.4095,0,0.7890127809378811,0.7894685103878392,-0.00045572944995815064,1.1491732922533462e-05,17,17
B,316,20,0.1,0.52975,0,0.741708295629501,0.5009538153292638,0.24075448030023733,0.003919395372500249,15,3
B,316,20,0.5,0.65225,0,0.7269224714858542,0.5009912095423007,0.22593126194355362,0.0031724637936316464,15,3
B,316,20,0.9,0.87425,0,0.7727120908935269,0.5008682259585304,0.2718438649349965,0.0029923735275012714,15,3
B,316,20,0.99,0.91225,0,0.802960703235227,0.5008363575424583,0.30212434569276864,0.0031473782937781335,15,3
B,316,20,0.999,0.9165,0,0.8066028020031688,0.5008331737156513,0.3057696282875175,0.0031727979527507713,15,3
B,317,20,0.1,0.4935,0,0.5242046033055225,0.734180645043228,-0.20997604173770543,0.004992927510291318,17,17
B,317,20,0.5,0.428,0,0.605702068468202,0.7138839557109327,-0.10818188724273067,0.003057897990764982,17,17
B,317,20,0.9,0.374,0,0.7120073520621104,0.7445531898919262,-0.03254583782981586,0.0009307902916279604,17,17
B,317,20,0.99,0.35925,0,0.7595752475256197,0.763646912209354,-0.0040716646837342975,0.00011153867165747458,17,17
B,317,20,0.999,0.35975,0,0.7654244279797056,0.7658407412799975,-0.0004163133002918131,1.136218570997551e-05,17,17
B,318,20,0.1,0.516,0,0.7342997197001114,0.6545033431642462,0.07979637653586517,0.00445059695218858,13,13
B,318,20,0.5,0.55125,0,0.7101816092948863,0.6454934030077176,0.06468820628716863,0.0030506987910056673,13,13
B,318,20,0.9,0.56825,0,0.7281059169242913,0.7006058826578546,0.027500034266436622,0.0010490886156558396,13,13
B,318,20,0.99,0.56125,0,0.7430784088105498,0.7394595038207872,0.0036189049897624773,0.00012926340827804273,13,13
B,318,20,0.999,0.5595,0,0.7449298877423457,0.7445545294391562,0.00037535830318947305,1.3255399608464853e-05,13,13
B,319,20,0.1,0.4865,0,0.5188720072592129,0.6632389592058884,-0.1443669519466755,0.003278328337423517,16,16
B,319,20,0.5,0.44525,0,0.6004259422681505,0.6640594183897129,-0.06363347612156245,0.0016787850341463632,16,16
B,319,20,0.9,0.43875,0,0.7119588011842741,0.720660310727542,-0.008701509543267892,0.000304423012520908,16,16
B,319,20,0.99,0.438,0,0.7458633891990859,0.746661610292947,-0.00079822109386113,2.9861397293172394e-05,16,16
B,319,20,0.999,0.43825,0,0.7494963522303405,0.7495754982273735,-7.914599703302357e-05,2.9798044524451407e-06,16,16
B,320,20,0.1,0.4825,0,0.5193621576498298,0.6658334477221861,-0.14647129007235624,0.005189639743481195,16,16
B,320,20,0.5,0.443,0,0.5951897964102074,0.6757748853531981,-0.08058508894299064,0.0028818099753879656,16,16
B,320,20,0.9,0.39225,0,0.7274350935659013,0.7474393284687276,-0.020004234902826386,0.0007119087749593591,16,16
B,320,20,0.99,0.381,0,0.781739031746215,0.7839496096561958,-0.002210577909980768,7.988526951148153e-05,16,16
B,320,20,0.999,0.38,0,0.7879547965974373,0.7881783263750238,-0.00022352977758660723,8.088457255465785e-06,16,16
B,321,20,0.1,0.5105,0,0.6591676303667927,0.5024571419018269,0.1567104884649658,0.0052909528220122385,18,18
B,321,20,0.5,0.614,0,0.6540420387931544,0.5354939308754225,0.11854810791773193,0.0031620328373042294,18,18
B,321,20,0.9,0.825,0,0.7072793444917609,0.6575002341536933,0.04977911033806764,0.0008504583478464458,18,18
B,321,20,0.99,0.87925,0,0.7368456086801223,0.7304550751427514,0.006390533537370869,9.529728920162339e-05,18,18
B,321,20,0.999,0.88425,0,0.7405791487031187,0.7399224242349147,0.0006567244682039114,9.663225512289078e-06,18,18
B,322,20,0.1,0.50525,0,0.5006473807423932,0.5162934360368014,-0.015646055294408247,0.006105671053421122,1,4
B,322,20,0.5,0.47425,0,0.5006473807423933,0.5557660535506551,-0.055118672808261764,0.005451436516635947,1,4
B,322,20,0.9,0.4215,0,0.5006473807423933,0.5789219510052462,-0.07827457026285291,0.005238073086976954,1,4
B,322,20,0.99,0.4125,0,0.5006473807423933,0.5828697981965404,-0.08222241745414692,0.005219411628278931,1,4
B,322,20,0.999,0.411,0,0.5006473807423932,0.5832443079853279,-0.08259692724293456,0.005217919706329226,1,4
B,323,20,0.1,0.49975,0,0.6699327036901793,0.7323580157026927,-0.06242531201251336,0.0038268634055206334,15,15
B,323,20,0.5,0.48825,0,0.6833549090005586,0.6948972213919423,-0.01154231239138368,0.0028347960030463523,15,15
B,323,20,0.9,0.521,0,0.7178812735431099,0.7112095673467208,0.006671706196388892,0.0008910354469191126,15,15
B,323,20,0.99,0.526,0,0.7298151285820793,0.7289266877519741,0.0008884408301051001,9.690824811133829e-05,15,15
B,323,20,0.999,0.52625,0,0.7310959539766088,0.7310049133382747,9.104063833407934e-05,9.775950757897945e-06,15,15
B,324,20,0.1,0.49675,0,0.5006822386662184,0.5325199870810373,-0.03183774841481898,0.005783854275567786,18,18
B,324,20,0.5,0.4425,0,0.5504263263739017,0.6190962035569921,-0.06866987718309044,0.003537741547700903,18,18
B,324,20,0.9,0.3725,0,0.6744169284947235,0.6998662378535114,-0.025449309358787843,0.0008904905808252206,18,18
B,324,20,0.99,0.35725,0,0.7196123826307526,0.722477756912868,-0.0028653742821154317,9.52865225085717e-05,18,18
B,324,20,0.999,0.357,0,0.7246177052292512,0.7249074976506104,-0.0002897924213591997,9.594919344844605e-06,18,18
B,325,20,0.1,0.5015,0,0.6573808914668261,0.7487238562131591,-0.09134296474633291,0.0044017369301201465,17,17
B,325,20,0.5,0.45825,0,0.68057630423613,0.740751039936514,-0.06017473570038406,0.002641332353853269,17,17
B,325,20,0.9,0.407,0,0.7434789580544495,0.7585031469879091,-0.015024188933459505,0.0006065385906900191,17,17
B,325,20,0.99,0.3815,0,0.7698219704856203,0.7715713289142253,-0.0017493584286048724,6.401128534256091e-05,17,17
B,325,20,0.999,0.37875,0,0.7729239539468279,0.7731022903501579,-0.00017833640333010453,6.436819603879483e-06,17,17
B,326,20,0.1,0.49,0,0.663019196666138,0.7516271232609909,-0.08860792659485286,0.004562328904744086,17,17
B,326,20,0.5,0.41575,0,0.6595877865400899,0.7522746926456811,-0.09268690610559124,0.0035463074926156014,17,17
B,326,20,0.9,0.2765,0,0.7525927749688267,0.7916948673436396,-0.039102092374813005,0.0012729771378249468,17,17
B,326,20,0.99,0.24025,0,0.8113847103226297,0.8162389454002632,-0.004854235077633371,0.000151420842353711,17,17
B,326,20,0.999,0.23725,0,0.8187838016286447,0.8192796180021678,-0.0004958163735231519,1.5404175204259216e-05,17,17
B,327,20,0.1,0.47375,0,0.512330389056178,0.7372629662066797,-0.22493257715050172,0.004871738816429291,16,16
B,327,20,0.5,0.35625,0,0.5803600040425634,0.7074030778704123,-0.1270430738278489,0.0029387205275032023,16,16
B,327,20,0.9,0.157,0,0.7192036045591572,0.7624848326063113,-0.04328122804715411,0.00073497103401124,16,16
B,327,20,0.99,0.114,0,0.7871498977817301,0.7923592509766917,-0.005209353194961565,7.940695097340364e-05,16,16
B,327,20,0.999,0.10925,0,0.7952218347157329,0.7957531698300847,-0.0005313351143517653,8.002340222825824e-06,16,16
B,328,20,0.1,0.49,0,0.6715455571540897,0.7440000894520924,-0.07245453229800282,0.0041647876293848946,15,15
B,328,20,0.5,0.46325,0,0.6875044852086023,0.7211608079093808,-0.0336563227007785,0.0021723993088279933,15,15
B,328,20,0.9,0.42675,0,0.7467212790814669,0.7547793191040947,-0.008058040022627748,0.0004724167735403089,15,15
B,328,20,0.99,0.41725,0,0.7875986136697808,0.7884027990432376,-0.0008041853734568296,4.99765054899541e-05,15,15
B,328,20,0.999,0.416,0,0.7927234742766717,0.792804235214428,-8.076093775621862e-05,5.031464351711254e-06,15,15
B,329,20,0.1,0.479,0,0.5156766980528403,0.6738288735208008,-0.15815217546796054,0.005301708245929576,15,15
B,329,20,0.5,0.4305,0,0.6048250529623063,0.6905916926458403,-0.08576663968353423,0.0031326945204388414,15,15
B,329,20,0.9,0.38925,0,0.7251235814767635,0.7432360054549055,-0.018112423978142136,0.0007171107854915223,15,15
B,329,20,0.99,0.38475,0,0.7668016220641828,0.7686686602007398,-0.001867038136556984,7.410448990674948e-05,15,15
B,329,20,0.999,0.38475,0,0.7714015793422304,0.7715884641817159,-0.0001868848394854758,7.4310179993044705e-06,15,15
B,330,20,0.1,0.504,0,0.7416022863353218,0.6619180771951635,0.07968420914015821,0.004278011652932221,19,19
B,330,20,0.5,0.551,0,0.7359804719095098,0.6743904938852554,0.06158997802425433,0.0025661965543322942,19,19
B,330,20,0.9,0.60075,0,0.7750001306474926,0.7557005600964828,0.01929957055100969,0.0006669136269422952,19,19
B,330,20,0.99,0.6085,0,0.7926779256258732,0.7904953954753094,0.00218253015056388,7.242423124982678e-05,19,19
B,330,20,0.999,0.60825,0,0.7946286608798855,0.7944074482902379,0.00022121258964771906,7.311325549220629e-06,19,19
B,331,20,0.1,0.4765,0,0.5203529843012007,0.741510285627257,-0.22115730132605627,0.0049610402428650995,12,12
B,331,20,0.5,0.403,0,0.5871184309125428,0.7241701608915228,-0.1370517299789801,0.0029233985937372688,12,12
B,331,20,0.9,0.3755,0,0.7160327137797838,0.7452704144344701,-0.029237700654686286,0.0007533741617621328,12,12
B,331,20,0.99,0.39525,0,0.761603639624567,0.7643779513134354,-0.0027743116888683615,8.296952870236594e-05,12,12
B,331,20,0.999,0.40025,0,0.7665527239553936,0.7668277744204501,-0.00027505046505647845,8.390569747187828e-06,12,12
B,332,20,0.1,0.51,0,0.5037020812880706,0.4997989011407502,0.0039031801473203473,0.0060322227957480224,1,14
B,332,20,0.5,0.496,0,0.5037020812880707,0.5106815913606556,-0.006979510072584883,0.0051945146008137094,1,14
B,332,20,0.9,0.3705,0,0.5037020812880706,0.6558074415630074,-0.15210536027493662,0.004448622467587792,1,14
B,332,20,0.99,0.28425,0,0.5037020812880708,0.761597072516455,-0.2578949912283842,0.00411149756508722,1,14
B,332,20,0.999,0.27075,0,0.5037020812880706,0.7753094422807824,-0.2716073609927117,0.004080657404691546,1,14
B,333,20,0.1,0.51775,0,0.7441844737096912,0.521938883925115,0.22224558978457634,0.004928144615532876,14,14
B,333,20,0.5,0.605,0,0.733046404274598,0.5900875300540768,0.14295887422052136,0.0028505720423354875,14,14
B,333,20,0.9,0.7305,0,0.7335126566240943,0.6965114873974418,0.03700116922665233,0.0006293109948675916,14,14
B,333,20,0.99,0.758,0,0.7358412683716677,0.7318968527590385,0.003944415612629397,6.536720491628552e-05,14,14
B,333,20,0.999,0.7615,0,0.7361197797924345,0.7357227398933489,0.0003970398990854507,6.562051536426163e-06,14,14
B,334,20,0.1,0.51525,0,0.7409468746725372,0.6782304742943436,0.06271640037819355,0.004253875173879426,17,17
B,334,20,0.5,0.5415,0,0.7285084049799221,0.7026103609122571,0.025898044067664844,0.0022446259032718,17,17
B,334,20,0.9,0.585,0,0.7650734788455806,0.7580367339925286,0.007036744853052171,0.00044364382326339416,17,17
B,334,20,0.99,0.60075,0,0.7851091969380593,0.784294365537093,0.0008148314009661865,4.4858287385713246e-05,17,17
B,334,20,0.999,0.60375,0,0.7873856032043582,0.7873029169791582,8.268622520010725e-05,4.492946432660154e-06,17,17
B,335,20,0.1,0.49775,0,0.6629933571420477,0.7340392153235884,-0.0710458581815407,0.004254578567281168,16,17
B,335,20,0.5,0.47225,0,0.6750940532299513,0.7056849959804399,-0.03059094275048852,0.002479914867156364,16,17
B,335,20,0.9,0.40575,0,0.7669600192610455,0.7801596188445147,-0.013199599583468943,0.0005903899731786336,16,17
B,335,20,0.99,0.35975,0,0.8195417456433974,0.8214569429458308,-0.0019151973024333479,6.259406630946443e-05,16,17
B,335,20,0.999,0.35525,0,0.8260354826739337,0.8262348523684735,-0.00019936969453991266,6.2898689728979195e-06,16,17
B,336,20,0.1,0.50275,0,0.659942030857244,0.6723873442770572,-0.012445313419813073,0.004869838962034325,18,18
B,336,20,0.5,0.4765,0,0.6591194657664947,0.6874674735332642,-0.02834800776676925,0.0037163908531805717,18,18
B,336,20,0.9,0.39925,0,0.7240848649356355,0.7553288475687462,-0.031243982633110498,0.0015948454126470486,18,18
B,336,20,0.99,0.36975,0,0.7857465363457732,0.7909183758098635,-0.005171839464090345,0.000205952731102047,18,18
B,336,20,0.999,0.36625,0,0.7945875185497239,0.7951335451666082,-0.0005460266168842621,2.1176726084175364e-05,18,18
B,337,20,0.1,0.52225,0,0.6710355780618488,0.5174907914554744,0.15354478660637444,0.00527111074973502,15,15
B,337,20,0.5,0.587,0,0.6826918151826287,0.5822356500451776,0.10045616513745109,0.002919903498777116,15,15
B,337,20,0.9,0.661,0,0.7035265075107779,0.6795427344310788,0.02398377307969922,0.0006490636971119093,15,15
B,337,20,0.99,0.6755,0,0.7117528327701148,0.7092389498460803,0.002513882924034582,6.780416139922966e-05,15,15
B,337,20,0.999,0.67725,0,0.7126542035483966,0.7124016380270577,0.0002525655213387977,6.811696617348813e-06,15,15
B,338,20,0.1,0.49975,0,0.6586164632226397,0.737578551052421,-0.07896208782978135,0.004350591515481558,15,15
B,338,20,0.5,0.474,0,0.6473210318922875,0.6940526300788719,-0.04673159818658442,0.0026358693300915672,15,15
B,338,20,0.9,0.38325,0,0.6956099951004218,0.715369082326095,-0.019759087225673086,0.000673128703986569,15,15
B,338,20,0.99,0.362,0,0.7262036421841619,0.728547041550461,-0.0023433993662989564,7.310858153951417e-05,15,15
B,338,20,0.999,0.3595,0,0.7297451753431101,0.7299836147977731,-0.00023843945466294687,7.381939978807714e-06,15,15
B,339,20,0.1,0.4835,0,0.6674463454566544,0.7437341234922605,-0.07628777803560621,0.004472233775558985,15,15
B,339,20,0.5,0.45275,0,0.7015388227607962,0.7384975695484982,-0.036958746787702,0.0031526608737314178,15,15
B,339,20,0.9,0.447,0,0.800913944772876,0.8017509284727212,-0.0008369836998451681,0.001091110080740243,15,15
B,339,20,0.99,0.43725,0,0.8497410392689262,0.8493363893178854,0.0004046499510409407,0.0001411561244439813,15,15
B,339,20,0.999,0.437,0,0.8560063697444389,0.8559585085851267,4.786115931230278e-05,1.4599304048688364e-05,15,15
B,340,20,0.1,0.507,0,0.6607362366334941,0.5193345746993168,0.14140166193417733,0.005402450054218435,6,16
B,340,20,0.5,0.553,0,0.6550213311999669,0.581902210812799,0.07311912038716797,0.0037182836110308806,6,16
B,340,20,0.9,0.49175,0,0.6536418962923642,0.6927876618268612,-0.03914576553449707,0.002228243075445829,6,16
B,340,20,0.99,0.43875,0,0.6533509648678866,0.7373943195891148,-0.08404335472122823,0.002017087412824215,6,16
B,340,20,0.999,0.43175,0,0.6533225778681864,0.7424531134671137,-0.08913053559892742,0.002006852483842446,6,16
B,341,20,0.1,0.50525,0,0.6610792512507273,0.7409869638422337,-0.07990771259150645,0.004263590052391192,15,15
B,341,20,0.5,0.476,0,0.6668619547568574,0.7219576056361127,-0.0550956508792554,0.002430335372194048,15,15
B,341,20,0.9,0.46275,0,0.7119229122331824,0.727751349514879,-0.01582843728169653,0.0005966948835508705,15,15
B,341,20,0.99,0.4605,0,0.7298923071284754,0.7316129116830105,-0.001720604554535067,6.341906109878725e-05,15,15
B,341,20,0.999,0.461,0,0.7318736344433067,0.7320470302450288,-0.00017339580172230835,6.390656120216127e-06,15,15
B,342,20,0.1,0.49475,0,0.5319395568330483,0.5188855984559457,0.013053958377102798,0.005788909729942736,18,18
B,342,20,0.5,0.52625,0,0.6063880709794629,0.5785355834885875,0.02785248749087552,0.003162845928559424,18,18
B,342,20,0.9,0.6885,0,0.7042212337247763,0.6763789142454505,0.027842319479325788,0.0007930726362244002,18,18
B,342,20,0.99,0.76275,0,0.7486867649146091,0.7441434416611562,0.0045433232534527615,9.600827442730269e-05,18,18
B,342,20,0.999,0.76975,0,0.7538767662848422,0.7534004944089885,0.00047627187585364597,9.830220297412418e-06,18,18
B,343,20,0.1,0.49,0,0.6677047002365327,0.7472544903956564,-0.07954979015912378,0.004377157742442132,7,16
B,343,20,0.5,0.44425,0,0.6830435067065073,0.7461256160768014,-0.06308210937029414,0.0027721774939463545,7,16
B,343,20,0.9,0.38975,0,0.7357474513823429,0.7709248468802089,-0.03517739549786606,0.0012752377226087682,7,16
B,343,20,0.99,0.368,0,0.7516163778322617,0.7832678776121472,-0.03165149977988559,0.0012209535740469188,7,16
B,343,20,0.999,0.36575,0,0.753271332048208,0.784647464492026,-0.031376132443818226,0.00122881916157143,7,16
B,344,20,0.1,0.49625,0,0.6694613121757147,0.7438325571272789,-0.0743712449515643,0.004395745952952511,16,16
B,344,20,0.5,0.46025,0,0.6985754134148041,0.7284557040700126,-0.029880290655208547,0.0026460644499788806,16,16
B,344,20,0.9,0.4215,0,0.7546708234368543,0.7615495292158162,-0.006878705778961837,0.000623648619595305,16,16
B,344,20,0.99,0.4035,0,0.7753416040827592,0.7761649425074029,-0.0008233384246438744,6.621727727885957e-05,16,16
B,344,20,0.999,0.40225,0,0.7776830591860141,0.7777665156371496,-8.345645113559829e-05,6.661729667483551e-06,16,16
B,345,20,0.1,0.52275,0,0.7530460528574882,0.5263513407997313,0.22669471205775688,0.005029192803619385,13,16
B,345,20,0.5,0.60925,0,0.760016083799532,0.6172332194002881,0.1427828643992438,0.0031535251488259528,13,16
B,345,20,0.9,0.6765,0,0.7817540788299954,0.7525981959910268,0.02915588283896862,0.0010049872204978966,13,16
B,345,20,0.99,0.686,0,0.7940908144759752,0.7980257280123062,-0.003934913536331056,0.0005758209987416714,13,16
B,345,20,0.999,0.686,0,0.7956349667999182,0.8029952141447029,-0.007360247344784662,0.0005560234510844624,13,16
B,346,20,0.1,0.4915,0,0.510754987105141,0.673245380313613,-0.16249039320847206,0.005772411210079959,1,11
B,346,20,0.5,0.41,0,0.5107549871051411,0.6953900436357692,-0.18463505653062806,0.005202481044555348,1,11
B,346,20,0.9,0.33025,0,0.510754987105141,0.7375823700161224,-0.22682738291098128,0.00431044322164932,1,11
B,346,20,0.99,0.30975,0,0.5107549871051411,0.7548445410519384,-0.24408955394679732,0.0040260069548639105,1,11
B,346,20,0.999,0.3065,0,0.5107549871051409,0.7568086702138905,-0.2460536831087496,0.0039966979023947245,1,11
B,347,20,0.1,0.48475,0,0.5015106162954394,0.7319675756533114,-0.2304569593578721,0.004929078978690297,15,15
B,347,20,0.5,0.42925,0,0.5303232856083117,0.7010318369090957,-0.1707085513007841,0.0033846673714923634,15,15
B,347,20,0.9,0.48875,0,0.6815065043201441,0.7271299587162995,-0.04562345439615541,0.0011995846161642365,15,15
B,347,20,0.99,0.5735,0,0.7566873817838903,0.760985742414511,-0.004298360630620844,0.00014175824551488877,15,15
B,347,20,0.999,0.5805,0,0.7655340210236958,0.7659619580787419,-0.00042793705504609743,1.4421534905848622e-05,15,15
B,348,20,0.1,0.49475,0,0.6732068029183055,0.7453605458521043,-0.07215374293379892,0.004513805530837557,17,17
B,348,20,0.5,0.47225,0,0.7027354737131833,0.7334579689408413,-0.030722495227657905,0.0033416396326977384,17,17
B,348,20,0.9,0.43025,0,0.7665778053017737,0.7869043500784555,-0.020326544776681898,0.0012475350667191419,17,17
B,348,20,0.99,0.40775,0,0.8083413637935125,0.8116408729569871,-0.003299509163474653,0.00015362919197791156,17,17
B,348,20,0.999,0.406,0,0.814046870377238,0.8143937775590744,-0.0003469071818363086,1.5721129712426703e-05,17,17
B,349,20,0.1,0.51675,0,0.7454410548475116,0.7411554460628552,0.004285608784656276,0.0034193442938083877,14,14
B,349,20,0.5,0.53825,0,0.7288722275636967,0.7217082703207248,0.00716395724297182,0.0020861076505203535,14,14
B,349,20,0.9,0.57575,0,0.7372656264973148,0.7353148354956514,0.001950791001663368,0.0004846279168936394,14,14
B,349,20,0.99,0.58775,0,0.742639263912559,0.742443329287069,0.0001959346254899998,5.021377605568659e-05,14,14
B,349,20,0.999,0.58775,0,0.7432524909546072,0.7432327710801613,1.9719874445996684e-05,5.043951468768047e-06,14,14
B,350,20,0.1,0.5015,0,0.508864692765288,0.5113093941080875,-0.0024447013427995124,0.005662791757099886,15,15
B,350,20,0.5,0.5665,0,0.5905627558344162,0.5613008916690406,0.029261864165375583,0.003141610844433387,15,15
B,350,20,0.9,0.82125,0,0.748464187269923,0.7092925487198863,0.0391716385500366,0.0007785751182623406,15,15
B,350,20,0.99,0.898,0,0.8136528304590251,0.807964087916796,0.005688742542229168,8.243114809422099e-05,15,15
B,350,20,0.999,0.9045,0,0.8211109053260653,0.8205220508559317,0.0005888544701337188,8.320563577822509e-06,15,15
B,351,20,0.1,0.49925,0,0.7275750913321767,0.7427262033708817,-0.015151112038704949,0.003566638073338093,17,17
B,351,20,0.5,0.47825,0,0.7117716727839742,0.7350381392012258,-0.02326646641725155,0.0027414674118713357,17,17
B,351,20,0.9,0.48075,0,0.7614586469579055,0.7592139587215049,0.0022446882364006763,0.0009370082341161982,17,17
B,351,20,0.99,0.4785,0,0.7797377595166033,0.7790671016872509,0.0006706578293525811,0.00010723379766519279,17,17
B,351,20,0.999,0.47775,0,0.7816605043011638,0.7815887089557727,7.179534539109077e-05,1.0851441542858476e-05,17,17
B,352,20,0.1,0.49325,0,0.5007955738586002,0.6640898313602093,-0.16329425750160903,0.005215744514780868,14,14
B,352,20,0.5,0.42075,0,0.5499400191968002,0.6548885046686694,-0.10494848547186908,0.003383558259640831,14,14
B,352,20,0.9,0.38575,0,0.6644928075416485,0.6939165266933633,-0.02942371915171481,0.001078461220724593,14,14
B,352,20,0.99,0.4015,0,0.7102113589110659,0.7134243688886981,-0.0032130099776322236,0.0001227471118410867,14,14
B,352,20,0.999,0.406,0,0.7153790091084664,0.7157023166659194,-0.00032330755745292535,1.2443482668968085e-05,14,14
B,353,20,0.1,0.50275,0,0.5265760186185048,0.5150634575209255,0.01151256109757922,0.005798304541408143,17,17
B,353,20,0.5,0.50175,0,0.609252095970221,0.5971565889585433,0.012095507011677753,0.0033626864992843263,17,17
B,353,20,0.9,0.5565,0,0.6919779276894946,0.6822015171377728,0.00977641055172203,0.0008290447514028774,17,17
B,353,20,0.99,0.56625,0,0.7140699207093908,0.7127876111785796,0.001282309530811114,8.946929493918106e-05,17,17
B,353,20,0.999,0.568,0,0.7164164575821266,0.7162846119243059,0.00013184565782066172,9.022029651631066e-06,17,17
B,354,20,0.1,0.52475,0,0.6740812078879155,0.5094115253602454,0.16466968252767025,0.005266983184661179,18,18
B,354,20,0.5,0.638,0,0.6805628641206718,0.5134975641986368,0.16706529992203498,0.003306388907155251,18,18
B,354,20,0.9,0.8005,0,0.6823804477753688,0.6052813553686897,0.0770990924066792,0.0010922159793280545,18,18
B,354,20,0.99,0.83475,0,0.6832385049049176,0.6733968841870085,0.009841620717909052,0.00013340207801148382,18,18
B,354,20,0.999,0.83675,0,0.6833534210538647,0.6823432280065125,0.0010101930473520933,1.3628793605907714e-05,18,18
B,355,20,0.1,0.51125,0,0.7368790640484452,0.6598243477891382,0.07705471625930699,0.004350960607439164,20,20
B,355,20,0.5,0.5685,0,0.7201966976501285,0.6640652156693434,0.0561314819807851,0.0027236172082402334,20,20
B,355,20,0.9,0.63825,0,0.7870803414609345,0.769474061303601,0.01760628015733367,0.0008468365922547457,20,20
B,355,20,0.99,0.60725,0,0.8346031418725575,0.8330919863994452,0.0015111554731122357,9.958585889861545e-05,20,20
B,355,20,0.999,0.602,0,0.8410263057301721,0.8408803006321411,0.0001460050980307886,1.0146756581311209e-05,20,20
B,356,20,0.1,0.5015,0,0.7406144007806384,0.7379844438086915,0.0026299569719469003,0.003945621554493383,14,14
B,356,20,0.5,0.509,0,0.7138101957268272,0.7193605117641773,-0.005550316037349966,0.0026010261576938213,14,14
B,356,20,0.9,0.51325,0,0.7272696403882762,0.7323030237026646,-0.0050333833143883875,0.0006966203638104252,14,14
B,356,20,0.99,0.51375,0,0.7386478250256435,0.7392390817622638,-0.0005912567366202713,7.40471338513556e-05,14,14
B,356,20,0.999,0.514,0,0.7399527222871354,0.740012657295584,-5.99350084485253e-05,7.436854015941351e-06,14,14
B,357,20,0.1,0.504,0,0.6657412027641954,0.6517351981647634,0.014006004599431958,0.004752338806746248,17,17
B,357,20,0.5,0.55725,0,0.681004387291902,0.6158788265567334,0.06512556073516866,0.0029248977474026516,17,17
B,357,20,0.9,0.69475,0,0.738696135028721,0.7003399849862658,0.0383561500424551,0.0008632710589564181,17,17
B,357,20,0.99,0.72475,0,0.7595265234341543,0.7548081037280732,0.004718419706081039,9.938930293015724e-05,17,17
B,357,20,0.999,0.72575,0,0.7617828455838075,0.7613016559100376,0.0004811896737699084,1.008743487508518e-05,17,17
B,358,20,0.1,0.52,0,0.7445238883730712,0.5090876023059209,0.23543628606715014,0.0049943476265058,16,16
B,358,20,0.5,0.673,0,0.7320573804252093,0.5240814997951997,0.20797588063000963,0.0031681438475299178,16,16
B,358,20,0.9,0.86875,0,0.7298208571500293,0.6539966467091963,0.0758242104408329,0.000971206251280732,16,16
B,358,20,0.99,0.9,0,0.7348293840549462,0.7259063768915813,0.00892300716336496,0.00011109275268845575,16,16
B,358,20,0.999,0.903,0,0.7354586214974698,0.7345512278772544,0.0009073936202152554,1.127009407752907e-05,16,16
B,359,20,0.1,0.48175,0,0.49839025615101784,0.6671554045897821,-0.16876514843876408,0.005455090329105806,17,17
B,359,20,0.5,0.36175,0,0.5180885459754988,0.6868734900526918,-0.16878494407719302,0.003823221949357836,17,17
B,359,20,0.9,0.19875,0,0.6461414009761655,0.7249253882501588,-0.07878398727399337,0.0013016416383955169,17,17
B,359,20,0.99,0.16475,0,0.7273064452899007,0.7372410505554319,-0.009934605265531195,0.0001518405886184283,17,17
B,359,20,0.999,0.162,0,0.7375574596176664,0.7385741568340553,-0.001016697216388655,1.5433073778204005e-05,17,17
B,360,20,0.1,0.50275,0,0.4979851349066504,0.5192670598439907,-0.021281924937340303,0.005737282318965338,17,17
B,360,20,0.5,0.46,0,0.5232420237328822,0.5716015871040739,-0.0483595633711917,0.0032142463192840966,17,17
B,360,20,0.9,0.39475,0,0.6609983139912086,0.6840719510912796,-0.02307363710007111,0.0008816764951500699,17,17
B,360,20,0.99,0.368,0,0.7348161329217617,0.7379471074129911,-0.0031309744912293783,0.00010287072006309825,17,17
B,360,20,0.999,0.364,0,0.7439264239563727,0.7442500056604936,-0.0003235817041209243,1.0462116088750076e-05,17,17
B,361,20,0.1,0.504,0,0.6759909573121003,0.6624297072061686,0.01356125010593177,0.004859648800218246,19,19
B,361,20,0.5,0.516,0,0.7027683471605632,0.6899847852752293,0.012783561885333906,0.0032031239314334195,19,19
B,361,20,0.9,0.46775,0,0.7866376532172651,0.7826162203205453,0.004021432896719738,0.0011825738715421175,19,19
B,361,20,0.99,0.44375,0,0.832004234192374,0.8306025591892963,0.0014016750030777403,0.0001664249520712266,19,19
B,361,20,0.999,0.444,0,0.8374520484564707,0.8372879589045288,0.00016408955194187151,1.74397435173091e-05,19,19
B,362,20,0.1,0.526,0,0.7265916352416306,0.5043270933056108,0.22226454193601977,0.004952122997220714,19,19
B,362,20,0.5,0.59925,0,0.6712526701251915,0.5518132399637484,0.11943943016144329,0.00324070253128017,19,19
B,362,20,0.9,0.639,0,0.6669665164735982,0.6468327543532447,0.0201337621203535,0.001003887619755475,19,19
B,362,20,0.99,0.651,0,0.6797949231893919,0.6780716952947623,0.0017232278946296687,0.0001191516486595281,19,19
B,362,20,0.999,0.652,0,0.6816578271266809,0.6814897940596634,0.00016803306701743676,1.2142369968382071e-05,19,19
B,363,20,0.1,0.4745,0,0.5237410164014668,0.6639330263078161,-0.14019200990634947,0.005485445090912744,12,12
B,363,20,0.5,0.4455,0,0.6143088030987478,0.6753436284411544,-0.06103482534240657,0.004156554244695866,12,12
B,363,20,0.9,0.4755,0,0.73512854390237,0.7415535343176771,-0.0064249904153070286,0.0015776583758820822,12,12
B,363,20,0.99,0.48725,0,0.7817806367188915,0.7821325957101446,-0.0003519589912531443,0.00018781436137798227,12,12
B,363,20,0.999,0.49075,0,0.787184912280516,0.787214088688718,-2.917640820214057e-05,1.911616440287078e-05,12,12
B,364,20,0.1,0.5105,0,0.7426953423146224,0.526399014635225,0.21629632767939747,0.003681774228974967,17,17
B,364,20,0.5,0.569,0,0.7134941172242235,0.6000523726681368,0.11344174455608663,0.0020329221215548655,17,17
B,364,20,0.9,0.56675,0,0.7393243664772984,0.7216480230960615,0.01767634338123689,0.00043548217769000903,17,17
B,364,20,0.99,0.55525,0,0.7829471644487253,0.7815355289653455,0.0014116354833797562,4.3139445048617074e-05,17,17
B,364,20,0.999,0.555,0,0.7888598488050245,0.7887223206938936,0.00013752811113102063,4.30182561579941e-06,17,17
B,365,20,0.1,0.46975,0,0.5240688766370558,0.7426464121048514,-0.21857753546779554,0.004996548698709448,16,16
B,365,20,0.5,0.40175,0,0.6059645330676047,0.7261627368190878,-0.12019820375148325,0.0031409127913114383,16,16
B,365,20,0.9,0.355,0,0.7091232700815489,0.7378878421997298,-0.028764572118180908,0.0007873901706998928,16,16
B,365,20,0.99,0.34325,0,0.7418197374785213,0.7448425038237991,-0.0030227663452779946,8.340347939050855e-05,16,16
B,365,20,0.999,0.344,0,0.7453310117311842,0.7456346796395952,-0.00030366790841099105,8.384897556326844e-06,16,16
B,366,20,0.1,0.505,0,0.5011279551592581,0.5164731376377399,-0.015345182478481796,0.006209499797986653,1,9
B,366,20,0.5,0.455,0,0.5011279551592582,0.6055597345652243,-0.1044317794059662,0.0051689278520816095,1,9
B,366,20,0.9,0.378,0,0.5011279551592581,0.6850380784276663,-0.18391012326840808,0.00398933784895388,1,9
B,366,20,0.99,0.359,0,0.5011279551592582,0.7060823528725904,-0.20495439771333213,0.003724336816314226,1,9
B,366,20,0.999,0.3575,0,0.5011279551592581,0.7082863646567155,-0.2071584094974573,0.003699217013947246,1,9
B,367,20,0.1,0.487,0,0.49901155219488225,0.5237573250595583,-0.02474577286467599,0.005854823808962499,2,15
B,367,20,0.5,0.41775,0,0.49851547838722116,0.6010958613505833,-0.10258038296336228,0.004345313087855573,2,15
B,367,20,0.9,0.24275,0,0.49822827776173306,0.7005318533995687,-0.20230357563783555,0.003315104288440237,2,15
B,367,20,0.99,0.1845,0,0.49817956911293776,0.7399608031881877,-0.24178123407525,0.00322700356114593,2,15
B,367,20,0.999,0.177,0,0.49817493947649144,0.7445898505337307,-0.2464149110572393,0.0032287666493273403,2,15
B,368,20,0.1,0.49825,0,0.6700301698968962,0.7495613328887253,-0.07953116299182904,0.00369167543250549,19,19
B,368,20,0.5,0.468,0,0.6928301903467199,0.7448670334197756,-0.05203684307305569,0.0024072119332143684,19,19
B,368,20,0.9,0.412,0,0.7436004869301289,0.7580720451116204,-0.014471558181491293,0.0006018006461572947,19,19
B,368,20,0.99,0.4015,0,0.7627655735183989,0.7643572222217394,-0.0015916487033403434,6.347399365615145e-05,19,19
B,368,20,0.999,0.39875,0,0.764893266496085,0.7650539910449653,-0.000160724548880326,6.381643658097675e-06,19,19
B,369,20,0.1,0.4905,0,0.5236294374833562,0.6660081172756092,-0.14237867979225288,0.005371852884010973,19,19
B,369,20,0.5,0.47075,0,0.5684037424426424,0.6445214973591326,-0.07611775491649019,0.003553548153872201,19,19
B,369,20,0.9,0.6625,0,0.6886126079677779,0.6933319166767913,-0.004719308709013385,0.0012571423358206243,19,19
B,369,20,0.99,0.788,0,0.7634054549307024,0.7624905813733974,0.0009148735573051293,0.0001569837225919786,19,19
B,369,20,0.999,0.799,0,0.7727809054474355,0.7726721931758463,0.00010871227158925392,1.6076967600543563e-05,19,19
B,370,20,0.1,0.48325,0,0.5002912612977896,0.5181480639880722,-0.01785680269028264,0.005817444074420696,17,17
B,370,20,0.5,0.4555,0,0.5470314392460349,0.5864057628385058,-0.03937432359247097,0.003486667550758992,17,17
B,370,20,0.9,0.41275,0,0.6647467884611385,0.6752468974435005,-0.01050010898236187,0.0009964288720383273,17,17
B,370,20,0.99,0.40675,0,0.7054972499485307,0.7063990296971984,-0.0009017797486677043,0.00011491711728214187,17,17
B,370,20,0.999,0.405,0,0.7099445630172726,0.7100318233679441,-8.726035067147175e-05,1.1688699883018957e-05,17,17
B,371,20,0.1,0.51,0,0.7486707187320074,0.6726472618055402,0.07602345692646734,0.004438841129413617,17,17
B,371,20,0.5,0.55325,0,0.7577115851784704,0.7031934572105358,0.05451812796793444,0.0028302279800037486,17,17
B,371,20,0.9,0.61625,0,0.8136896246507868,0.7916696584201117,0.022019966230674915,0.0007386264579789677,17,17
B,371,20,0.99,0.6545,0,0.838189070741545,0.8352798141855772,0.0029092565559679655,8.199420373576224e-05,17,17
B,371,20,0.999,0.657,0,0.8408959382605217,0.8405973021473553,0.0002986361131662885,8.3017303382743e-06,17,17
B,372,20,0.1,0.50275,0,0.7334176873099584,0.734638231612675,-0.0012205443027166081,0.003432482678996087,20,20
B,372,20,0.5,0.4995,0,0.7008738054787268,0.7022436192901551,-0.0013698138114283638,0.002107511205211271,20,20
B,372,20,0.9,0.50375,0,0.7388269165640875,0.7365314351211801,0.002295481442907325,0.0005915163485645503,20,20
B,372,20,0.99,0.5065,0,0.7602874563191228,0.7599886472858903,0.00029880903323226306,6.601487956835311e-05,20,20
B,372,20,0.999,0.50675,0,0.7627527532071913,0.7627222723261893,3.048088100220303e-05,6.670024270719148e-06,20,20
B,373,20,0.1,0.5225,0,0.7417306429772557,0.5207220469248038,0.22100859605245185,0.004819917221118953,15,15
B,373,20,0.5,0.6185,0,0.7206034581626468,0.5765699353114854,0.14403352285116142,0.0027740064345746847,15,15
B,373,20,0.9,0.72475,0,0.7067996101351953,0.6668338138192808,0.039965796315914556,0.0006768502290733263,15,15
B,373,20,0.99,0.75125,0,0.7039081776581702,0.6995649180211408,0.004343259637029476,7.185705482792067e-05,15,15
B,373,20,0.999,0.7535,0,0.7036133657984153,0.7031755096483598,0.0004378561500553559,7.229589461905885e-06,15,15
B,374,20,0.1,0.4985,0,0.7334725644396237,0.7455642189019587,-0.012091654462335007,0.0038048612689141554,19,19
B,374,20,0.5,0.48175,0,0.6975298273101506,0.7401331749963156,-0.04260334768616495,0.0022734843025316934,19,19
B,374,20,0.9,0.41825,0,0.7189589972361187,0.7448325445925011,-0.02587354735638239,0.0007243793762536203,19,19
B,374,20,0.99,0.401,0,0.7447841926820244,0.7480815104686178,-0.0032973177865932312,8.481334308361505e-05,19,19
B,374,20,0.999,0.39875,0,0.7481281614664418,0.7484654536027003,-0.00033729213625851407,8.614971921889306e-06,19,19
B,375,20,0.1,0.504,0,0.7228624049738601,0.6715938015237944,0.05126860345006553,0.004323153767093409,14,15
B,375,20,0.5,0.494,0,0.6693300564012238,0.6767274096314241,-0.007397353230200331,0.002421196205947858,14,15
B,375,20,0.9,0.477,0,0.6706185660891509,0.6749949962157187,-0.0043764301265676745,0.0004871802405567952,14,15
B,375,20,0.99,0.48,0,0.6755838707027425,0.6760259708157903,-0.00044210011304787435,4.857117630820666e-05,14,15
B,375,20,0.999,0.48,0,0.676133302028599,0.6761774766702041,-4.417464160520532e-05,4.854695761037196e-06,14,15
B,376,20,0.1,0.51425,0,0.7459453405501288,0.5092149986582367,0.23673034189189218,0.005033531374185479,20,20
B,376,20,0.5,0.6605,0,0.7400385679067347,0.5855414538447928,0.15449711406194178,0.0033695868458237014,20,20
B,376,20,0.9,0.8255,0,0.7596243319410577,0.7209839785593737,0.03864035338168399,0.0009258521576633932,20,20
B,376,20,0.99,0.8565,0,0.7739196328750035,0.7698473261656555,0.004072306709348067,0.00010246328975875823,20,20
B,376,20,0.999,0.85925,0,0.7757666358431002,0.7753560549485651,0.00041058089453516764,1.0328713502872823e-05,20,20
B,377,20,0.1,0.47375,0,0.4978525077349275,0.6558306563030921,-0.15797814856816456,0.005127684653173566,9,9
B,377,20,0.5,0.4075,0,0.5154983775328399,0.6455355130866053,-0.13003713555376556,0.002910611388890947,9,9
B,377,20,0.9,0.33075,0,0.6173411365897884,0.6620511392772073,-0.0447100026874188,0.0008722259672348,9,9
B,377,20,0.99,0.3115,0,0.6717435150897677,0.6769376455352656,-0.005194130445497844,0.0001021568180751913,9,9
B,377,20,0.999,0.31,0,0.6782753391182348,0.6788026454417557,-0.0005273063235210544,1.038097719230387e-05,9,9
B,378,20,0.1,0.477,0,0.5132380204285347,0.6694193843568632,-0.1561813639283285,0.005120827110286041,17,17
B,378,20,0.5,0.397,0,0.597936083851954,0.6999876321562988,-0.10205154830434478,0.002510264423444488,17,17
B,378,20,0.9,0.231,0,0.7680928992369952,0.7983382729802603,-0.030245373743265063,0.0004758290903143846,17,17
B,378,20,0.99,0.15825,0,0.8399395318198852,0.8434148348125345,-0.0034753029926492783,4.811609621231878e-05,17,17
B,378,20,0.999,0.148,0,0.8485315537113957,0.8488845537295775,-0.0003530000181819355,4.8227459583597676e-06,17,17
B,379,20,0.1,0.5025,0,0.6706083525860715,0.7363739196668885,-0.0657655670808168,0.0044243687227779015,16,12
B,379,20,0.5,0.5,0,0.6934743227894953,0.7093457895811928,-0.015871466791697493,0.0030413997838313243,16,12
B,379,20,0.9,0.511,0,0.7732358215923512,0.7640362192987057,0.009199602293645475,0.0015653752058059796,16,12
B,379,20,0.99,0.51,0,0.8170644828241728,0.7893193501253518,0.027745132698821093,0.0012026062075802541,16,12
B,379,20,0.999,0.51125,0,0.8227813796381181,0.7921175826037866,0.03066379703433129,0.0011864967443537256,16,12
B,380,20,0.1,0.53275,0,0.7462153969003061,0.5159933639968934,0.2302220329034128,0.004867020359160126,17,17
B,380,20,0.5,0.61575,0,0.7312230073476128,0.5978209999316978,0.13340200741591512,0.0029304806241733064,17,17
B,380,20,0.9,0.6875,0,0.7498070366604882,0.7070429690045901,0.04276406765589819,0.0009100932974320267,17,17
B,380,20,0.99,0.69875,0,0.7604656037442992,0.7553343367985147,0.0051312669457845815,0.00010762493101766872,17,17
B,380,20,0.999,0.6985,0,0.7616568159990674,0.7611352044549794,0.0005216115440879905,1.0940432365965794e-05,17,17
B,381,20,0.1,0.47125,0,0.5058995389474757,0.6714619342187994,-0.1655623952713238,0.005269338077280537,14,16
B,381,20,0.5,0.379,0,0.5505442078215416,0.6968572311874796,-0.14631302336593796,0.0032983084692165213,14,16
B,381,20,0.9,0.36125,0,0.736410418829509,0.7810056433631517,-0.04459522453364258,0.0012532002819847148,14,16
B,381,20,0.99,0.4355,0,0.8265515413761633,0.8370637910039902,-0.010512249627826901,0.0005820636192384227,14,16
B,381,20,0.999,0.44375,0,0.8372048702453223,0.8450852155063935,-0.007880345261071101,0.0005549574228068566,14,16
B,382,20,0.1,0.48275,0,0.665527227867457,0.7548810923389375,-0.08935386447148055,0.0044612062275311585,14,14
B,382,20,0.5,0.42475,0,0.6689548361680879,0.7736411144415877,-0.1046862782734998,0.0031314642374286085,14,14
B,382,20,0.9,0.37025,0,0.7823090127880323,0.8184116108819847,-0.03610259809395221,0.00107305252801339,14,14
B,382,20,0.99,0.38525,0,0.8424732363885978,0.8462233615688741,-0.003750125180276301,0.00013068419065887204,14,14
B,382,20,0.999,0.39025,0,0.8496181322109408,0.8499925792994204,-0.0003744470884796399,1.3353962372734835e-05,14,14
B,383,20,0.1,0.501,0,0.5169403544559869,0.5151698949922604,0.0017704594637262718,0.005738376192603579,17,17
B,383,20,0.5,0.50675,0,0.5920642631063655,0.5815143896514328,0.0105498734549327,0.0032735222787865807,17,17
B,383,20,0.9,0.5365,0,0.7144389354125262,0.7097982814169952,0.0046406539955309335,0.0007964074174303752,17,17
B,383,20,0.99,0.53325,0,0.7665199428517914,0.7660655019562278,0.00045444089556368817,8.912365094967611e-05,17,17
B,383,20,0.999,0.53375,0,0.7726288605399356,0.7725831841123972,4.567642753839381e-05,9.017910117782316e-06,17,17
B,384,20,0.1,0.51275,0,0.6681049381712213,0.5072869724547789,0.16081796571644236,0.0052568979303654955,18,13
B,384,20,0.5,0.583,0,0.6703585901254021,0.5512508419556214,0.11910774816978081,0.0032663340327427287,18,13
B,384,20,0.9,0.52325,0,0.70283774501394,0.6737578292126255,0.02907991580131445,0.0013345089728260375,18,13
B,384,20,0.99,0.46225,0,0.7432672649708582,0.7288337956632872,0.014433469307570963,0.0007386332951852503,18,13
B,384,20,0.999,0.45525,0,0.7487819610488027,0.7353025351983197,0.01347942585048303,0.0007134284483513033,18,13
B,385,20,0.1,0.51725,0,0.7317300664686529,0.5152236699854363,0.21650639648321662,0.004928952830301,13,13
B,385,20,0.5,0.59875,0,0.688353520584881,0.5738572792350394,0.11449624134984154,0.0030475382513507135,13,13
B,385,20,0.9,0.669,0,0.690551185857092,0.6648589212045436,0.02569226465254831,0.0008089931957119636,13,13
B,385,20,0.99,0.67275,0,0.700988828243302,0.6982880646457095,0.002700763597592571,8.808080238455348e-05,13,13
B,385,20,0.999,0.67275,0,0.7022382354646125,0.7019665154879019,0.0002717199767104937,8.880772262586917e-06,13,13
B,386,20,0.1,0.4795,0,0.5276347179473199,0.6720129216244308,-0.14437820367711113,0.0033271369883126627,19,19
B,386,20,0.5,0.4255,0,0.6175378157849681,0.6971410240940836,-0.07960320830911548,0.001915142151416809,19,19
B,386,20,0.9,0.386,0,0.7080492274880823,0.7254004140481988,-0.01735118656011628,0.00043146035629598045,19,19
B,386,20,0.99,0.381,0,0.730700197500376,0.732480331207192,-0.0017801337068160965,4.445691826386735e-05,19,19
B,386,20,0.999,0.38075,0,0.7330300790584605,0.7332085836135166,-0.00017850455505613138,4.459352079118161e-06,19,19
B,387,20,0.1,0.50575,0,0.7389743308553802,0.6542871568960233,0.08468717395935692,0.004307570629045472,13,13
B,387,20,0.5,0.566,0,0.7159099508778543,0.6518585456918854,0.06405140518596884,0.002708266417702668,13,13
B,387,20,0.9,0.7065,0,0.7430968777020602,0.7163442514314063,0.02675262627065407,0.000744921254435593,13,13
B,387,20,0.99,0.74275,0,0.7554483149426985,0.7522503653304874,0.003197949612210986,8.099610444389472e-05,13,13
B,387,20,0.999,0.7465,0,0.7567682615661493,0.7564427964606438,0.0003254651055054292,8.169772678269548e-06,13,13
B,388,20,0.1,0.50225,0,0.6545102158434134,0.6653057719584791,-0.010795556115065679,0.004865082072515688,19,19
B,388,20,0.5,0.4595,0,0.6630861491157573,0.6960827117491795,-0.03299656263342214,0.0031962811348425816,19,19
B,388,20,0.9,0.43075,0,0.7625943476268525,0.7708293285880644,-0.008234980961211988,0.0009918017905753934,19,19
B,388,20,0.99,0.4955,0,0.8202589881321305,0.8201598652348497,9.912289728078226e-05,0.00012049651466332024,19,19
B,388,20,0.999,0.506,0,0.8276243732472278,0.8275975795001669,2.6793747061020266e-05,1.2321006078838433e-05,19,19
B,389,20,0.1,0.507,0,0.6644663296256301,0.6717735127744706,-0.007307183148840536,0.004878443716989653,18,18
B,389,20,0.5,0.462,0,0.6840509133282432,0.7080520144078307,-0.024001101079587535,0.003086125343291976,18,18
B,389,20,0.9,0.40475,0,0.7528965067081577,0.7620745213606905,-0.009178014652532807,0.0008263726285084368,18,18
B,389,20,0.99,0.395,0,0.7798215186338828,0.7807500387870736,-0.0009285201531907346,9.108512043450544e-05,18,18
B,389,20,0.999,0.3955,0,0.7827810636236449,0.7828730304910523,-9.196686740752023e-05,9.210747111341756e-06,18,18
B,390,20,0.1,0.5065,0,0.7419738862198899,0.6650238225583693,0.07695006366152052,0.003619182654558468,17,17
B,390,20,0.5,0.535,0,0.731902193985941,0.6787850051547759,0.05311718883116501,0.002050393723642132,17,17
B,390,20,0.9,0.5645,0,0.7650750085513528,0.7505063934277639,0.01456861512358899,0.0004215817087657349,17,17
B,390,20,0.99,0.56975,0,0.78053956484713,0.7790313707326102,0.0015081941145199298,4.259113334323013e-05,17,17
B,390,20,0.999,0.57075,0,0.7822778669051905,0.7821269205413665,0.00015094636382420611,4.264653201178231e-06,17,17
B,391,20,0.1,0.5235,0,0.6651247976852878,0.4898996203191392,0.1752251773661486,0.005290649608117976,15,15
B,391,20,0.5,0.61275,0,0.6634872924715535,0.5171269658274924,0.14636032664406098,0.003326342860100749,15,15
B,391,20,0.9,0.705,0,0.673803896679477,0.6252049256707568,0.048598971008720314,0.0009505912255906487,15,15
B,391,20,0.99,0.71975,0,0.6808617263431277,0.6752421920829272,0.005619534260200405,0.00010708663589086654,15,15
B,391,20,0.999,0.72075,0,0.6816943438949468,0.6811238326089222,0.0005705112860244883,1.08452311908756e-05,15,15
B,392,20,0.1,0.51975,0,0.7543206402533219,0.508890496017754,0.24543014423556797,0.005153653450190526,13,13
B,392,20,0.5,0.61475,0,0.7383528056857324,0.5768930865718465,0.16145971911388607,0.003922150202746376,13,13
B,392,20,0.9,0.66325,0,0.7451514988202336,0.7000169094821698,0.045134589338063726,0.001419629942348786,13,13
B,392,20,0.99,0.6655,0,0.7609867958673211,0.7556676736048173,0.005319122262503737,0.000167900849615673,13,13
B,392,20,0.999,0.6655,0,0.7630185856964341,0.7624755697750131,0.0005430159214210076,1.7103840544115723e-05,13,13
B,393,20,0.1,0.50975,0,0.6671491907079057,0.6601083688534206,0.007040821854484914,0.004770897421402686,18,18
B,393,20,0.5,0.52025,0,0.6860563971966968,0.6611676187423254,0.02488877845437122,0.0029182008614712703,18,18
B,393,20,0.9,0.5235,0,0.7178580644497425,0.7105004000363676,0.007357664413374776,0.0007232948169378833,18,18
B,393,20,0.99,0.521,0,0.7310069204029298,0.7302647731719027,0.0007421472310271171,7.755714965226923e-05,18,18
B,393,20,0.999,0.5195,0,0.732508746830525,0.7324341130423914,7.463378813384104e-05,7.812552348325576e-06,18,18
B,394,20,0.1,0.5045,0,0.7374921509424724,0.732520429128967,0.0049717218135054055,0.003390671228945057,17,17
B,394,20,0.5,0.51475,0,0.7053982861910689,0.7061294154791607,-0.0007311292880918033,0.0021169903206594517,17,17
B,394,20,0.9,0.568,0,0.7267119106497865,0.7190424046776791,0.007669505972107306,0.0006578479857006999,17,17
B,394,20,0.99,0.6055,0,0.7452776297568026,0.7435640932448137,0.0017135365119888084,8.397717813144479e-05,17,17
B,394,20,0.999,0.6115,0,0.7475823065703724,0.7473954052885277,0.00018690128184472869,8.669819315310557e-06,17,17
B,395,20,0.1,0.51625,0,0.6754628031005946,0.51332092632137,0.16214187677922454,0.00525718386399839,14,14
B,395,20,0.5,0.609,0,0.7060732095424114,0.5753467630324495,0.1307264465099618,0.00345180039331896,14,14
B,395,20,0.9,0.6925,0,0.7642002228366874,0.7067578837642843,0.0574423390724031,0.0012781209049429379,14,14
B,395,20,0.99,0.701,0,0.7856161452109364,0.7782884928256444,0.007327652385291917,0.00015504743183994695,14,14
B,395,20,0.999,0.701,0,0.787959302260736,0.7872077254957178,0.0007515767650180942,1.5819271988881333e-05,14,14
B,396,20,0.1,0.48,0,0.5124167442074012,0.7451003613694316,-0.23268361716203037,0.005041071620095992,15,15
B,396,20,0.5,0.37575,0,0.5837485477986685,0.728939451471733,-0.1451909036730646,0.003130286804535131,15,15
B,396,20,0.9,0.26875,0,0.7071185417390192,0.7544615968727069,-0.04734305513368767,0.000987724170794448,15,15
B,396,20,0.99,0.23775,0,0.7722925548067046,0.7779770764051309,-0.00568452159842639,0.0001128397212960833,15,15
B,396,20,0.999,0.23325,0,0.780320283993384,0.7809001189191537,-0.000579834925769679,1.1427597132308697e-05,15,15
B,397,20,0.1,0.51175,0,0.655294124879058,0.5183384215791507,0.13695570329990744,0.005050395310953741,17,17
B,397,20,0.5,0.55625,0,0.6346122968474021,0.5638948785653907,0.07071741828201127,0.0023400065619526935,17,17
B,397,20,0.9,0.6055,0,0.6653490470223412,0.6488052696466048,0.01654377737573635,0.000419260104300741,17,17
B,397,20,0.99,0.641,0,0.7091850918307284,0.7071206746094856,0.0020644172212427292,4.426591601916671e-05,17,17
B,397,20,0.999,0.64525,0,0.7150944991029853,0.714882290446972,0.0002122086560131444,4.472249073364762e-06,17,17
B,398,20,0.1,0.5035,0,0.7427475325533105,0.6822089602586657,0.060538572294644794,0.004534880848204191,19,19
B,398,20,0.5,0.49175,0,0.7259009507359586,0.7261877019996791,-0.0002867512637203955,0.00333076422576001,19,19
B,398,20,0.9,0.387,0,0.7932906692583123,0.8098066682033951,-0.01651599894508284,0.0009984643818536326,19,19
B,398,20,0.99,0.32875,0,0.8461696899856729,0.8486805639808431,-0.0025108739951702963,0.00010980136926425593,19,19
B,398,20,0.999,0.32275,0,0.8530492450553399,0.8533091849276689,-0.00025993987232914863,1.112243643250587e-05,19,19
B,399,20,0.1,0.498,0,0.6616651944376228,0.6725528392628258,-0.010887644825202996,0.004700700357577099,17,17
B,399,20,0.5,0.49,0,0.6645427921342345,0.6818956376393499,-0.01735284550511528,0.002619835903058825,17,17
B,399,20,0.9,0.476,0,0.7121680246559475,0.7165408970423289,-0.004372872386381268,0.0005658535718029767,17,17
B,399,20,0.99,0.47475,0,0.731436757746186,0.7318440221532082,-0.0004072644070222946,5.889833050280938e-05,17,17
B,399,20,0.999,0.47625,0,0.7335653550455522,0.7336058617853722,-4.0506739820017803e-05,5.915571538833443e-06,17,17
B,400,20,0.1,0.4975,0,0.5014217352642164,0.5009550443057672,0.00046669095844923357,0.006189317525376212,2,17
B,400,20,0.5,0.47975,0,0.5014217352642164,0.5325727937065907,-0.031151058442374292,0.005335495625472106,2,17
B,400,20,0.9,0.38225,0,0.5014217352642163,0.6522249822783629,-0.15080324701414657,0.00430118596259637,2,17
B,400,20,0.99,0.33425,0,0.5014217352642164,0.7246306463564927,-0.2232089110922762,0.0038350621549221365,2,17
B,400,20,0.999,0.32825,0,0.5014217352642163,0.7337273732061329,-0.2323056379419167,0.003790473945368007,2,17
B,401,20,0.1,0.5275,0,0.7449504401546753,0.500305543227927,0.24464489692674818,0.0039634576952096625,11,11
B,401,20,0.5,0.62575,0,0.7378877399895574,0.5500113613125921,0.18787637867696538,0.002868538374315904,11,11
B,401,20,0.9,0.69725,0,0.7433319057724996,0.6842597716428384,0.05907213412966137,0.0009734012097659868,11,11
B,401,20,0.99,0.70625,0,0.7453474948899775,0.7385996199690168,0.0067478749209606064,0.00011568638113509,11,11
B,401,20,0.999,0.70675,0,0.7455615951279376,0.7448771218279187,0.000684473300018913,1.1780492403964698e-05,11,11
B,402,20,0.1,0.49175,0,0.7501032183891455,0.7469389560555637,0.003164262333581698,0.0034164406395751643,15,15
B,402,20,0.5,0.511,0,0.7565486372589633,0.7466058826700648,0.009942754588898357,0.0019967858122156732,15,15
B,402,20,0.9,0.56575,0,0.7876656783276795,0.7817435283970764,0.005922149930603093,0.0004648634393948195,15,15
B,402,20,0.99,0.585,0,0.8034004072803533,0.8026734995496173,0.0007269077307360141,4.865642409244344e-05,15,15
B,402,20,0.999,0.587,0,0.805232968614006,0.8051586030909973,7.436552300859147e-05,4.88528864061725e-06,15,15
B,403,20,0.1,0.5205,0,0.7492897153543954,0.68141260166002,0.06787711369437534,0.004424529670603601,18,18
B,403,20,0.5,0.51975,0,0.7341146623741815,0.7164988203499355,0.017615842024246164,0.0031743805743983215,18,18
B,403,20,0.9,0.4525,0,0.7676079876037804,0.7823990990584148,-0.01479111145463443,0.0011786763996773253,18,18
B,403,20,0.99,0.42775,0,0.8043016745219789,0.8068295806174658,-0.00252790609548686,0.00014245526203393553,18,18
B,403,20,0.999,0.42675,0,0.8092550602735906,0.8095181585695185,-0.00026309829592783646,1.4490996491924067e-05,18,18
B,404,20,0.1,0.49675,0,0.7445151004351535,0.7419210887717942,0.0025940116633594093,0.0038733823990501266,17,17
B,404,20,0.5,0.5,0,0.7393296848741223,0.7454714736613366,-0.006141788787214239,0.0024612850549525908,17,17
B,404,20,0.9,0.53375,0,0.7830129957136626,0.7836926312356658,-0.0006796355220033014,0.0007436048462016151,17,17
B,404,20,0.99,0.5465,0,0.8039225892617015,0.8039066736034983,1.5915658203025455e-05,8.32852676212208e-05,17,17
B,404,20,0.999,0.54825,0,0.806276223531246,0.8062737189886936,2.504542552332359e-06,8.438708538139589e-06,17,17
B,405,20,0.1,0.517,0,0.674112534928038,0.5233997002752554,0.15071283465278265,0.0052315623209817745,13,13
B,405,20,0.5,0.57075,0,0.6814798486506966,0.6049761771645455,0.07650367148615106,0.002780032443249064,13,13
B,405,20,0.9,0.60075,0,0.7039900843792523,0.6885472920402324,0.015442792339019764,0.0005342622035564812,13,13
B,405,20,0.99,0.614,0,0.7146918218336548,0.7130914356924534,0.0016003861412014965,5.313417782201141e-05,13,13
B,405,20,0.999,0.61525,0,0.7159246649651128,0.7157639100167735,0.00016075494833933153,5.310939002653484e-06,13,13
B,406,20,0.1,0.50275,0,0.7366464047298893,0.7392514538363716,-0.0026050491064824235,0.003914285468679967,18,16
B,406,20,0.5,0.49725,0,0.7069803666313907,0.7165547819115642,-0.009574415280173486,0.002578523804880855,18,16
B,406,20,0.9,0.4815,0,0.7318620740070786,0.7265823472684048,0.005279726738673808,0.0011741455496814528,18,16
B,406,20,0.99,0.47475,0,0.7512340512066252,0.7341791347987784,0.017054916407846975,0.0008936602053576479,18,16
B,406,20,0.999,0.4755,0,0.7535546527313987,0.7350422616666403,0.018512391064758268,0.0008801921194547033,18,16
B,407,20,0.1,0.49125,0,0.6564840366430172,0.6664661656187015,-0.009982128975684148,0.004885043132757087,16,16
B,407,20,0.5,0.459,0,0.6634037855254468,0.6622228824728975,0.0011809030525493168,0.003511607402698923,16,16
B,407,20,0.9,0.3485,0,0.7339262594369391,0.7360531147913152,-0.002126855354376099,0.0011856695639845397,16,16
B,407,20,0.99,0.2985,0,0.7795326163602901,0.7802666995470435,-0.0007340831867532989,0.00013681027997901744,16,16
B,407,20,0.999,0.2925,0,0.7853249040051279,0.7854037280978555,-7.882409272744023e-05,1.3882729848584203e-05,16,16
B,408,20,0.1,0.5015,0,0.7429451943581031,0.7517898691858395,-0.008844674827736428,0.003503035778135108,17,17
B,408,20,0.5,0.48525,0,0.7447309952757112,0.747177760426079,-0.0024467651503678398,0.002637133118185368,17,17
B,408,20,0.9,0.50925,0,0.7914877343616049,0.7763664307897341,0.01512130357187071,0.0010065578746567708,17,17
B,408,20,0.99,0.525,0,0.8122034037196543,0.809513606479731,0.002689797239923175,0.00012618700955014446,17,17
B,408,20,0.999,0.5265,0,0.8145124194032758,0.8142280611443563,0.00028435825891947713,1.2941090772544185e-05,17,17
B,409,20,0.1,0.49625,0,0.6492677009840094,0.659150869241482,-0.009883168257472647,0.004741828258859776,16,16
B,409,20,0.5,0.45475,0,0.6015911383693455,0.6545356823864857,-0.05294454401714021,0.0027923133426066816,16,16
B,409,20,0.9,0.2955,0,0.650502665536981,0.6841764304534583,-0.033673764916477326,0.0007070869784272165,16,16
B,409,20,0.99,0.25675,0,0.6953475775111867,0.6996601911459067,-0.004312613634720021,8.189386855617303e-05,16,16
B,409,20,0.999,0.25,0,0.7009271669477756,0.7013689866385007,-0.0004418196907250942,8.331283017247964e-06,16,16
B,410,20,0.1,0.5005,0,0.6614594800089384,0.7414035506289477,-0.07994407062000923,0.0036600448619423373,16,15
B,410,20,0.5,0.448,0,0.6738649108076269,0.737208136705289,-0.06334322589766211,0.0021996428189692894,16,15
B,410,20,0.9,0.3505,0,0.7226684790759925,0.744335284507095,-0.021666805431102436,0.0005872410447601659,16,15
B,410,20,0.99,0.32625,0,0.7455190313710887,0.7479495277661509,-0.0024304963950620797,6.286545266733209e-05,16,15
B,410,20,0.999,0.32425,0,0.7481051310366956,0.7483503286993973,-0.0002451976627017438,6.320799792876902e-06,16,15
B,411,20,0.1,0.51125,0,0.6611806977348427,0.5128227075866145,0.14835799014822812,0.0050236357713867195,12,12
B,411,20,0.5,0.5715,0,0.6567432572008784,0.5765408718299562,0.08020238537092245,0.0025038960129688008,12,12
B,411,20,0.9,0.66425,0,0.6869124015658876,0.6678550100552022,0.019057391510685393,0.0004769970289306803,12,12
B,411,20,0.99,0.68825,0,0.6987634921085526,0.6967392420520573,0.0020242500564952013,4.7901528031581724e-05,12,12
B,411,20,0.999,0.691,0,0.7000276412193319,0.6998239520645716,0.00020368915476027822,4.793842776648595e-06,12,12
B,412,20,0.1,0.46775,0,0.5108077429149367,0.6585701566086984,-0.1477624136937617,0.005276816018293264,17,17
B,412,20,0.5,0.432,0,0.5844332648095124,0.650354980236031,-0.06592171542651858,0.0031698332444967193,17,17
B,412,20,0.9,0.4335,0,0.6880796789740306,0.6995554449260963,-0.01147576595206578,0.0007550061726503155,17,17
B,412,20,0.99,0.44075,0,0.7198125137447197,0.7209752674615432,-0.0011627537168235138,7.980388065827313e-05,17,17
B,412,20,0.999,0.44275,0,0.7232262514491706,0.7233429955092165,-0.00011674406004587621,8.026933942485086e-06,17,17
B,413,20,0.1,0.5005,0,0.5215107860693463,0.6697620831259538,-0.1482512970566073,0.00518385904484703,16,16
B,413,20,0.5,0.46825,0,0.6181298096013716,0.6844469730453849,-0.0663171634440132,0.002775541687012236,16,16
B,413,20,0.9,0.484,0,0.7342446619145322,0.7422641562710357,-0.008019494356503534,0.000614733034841132,16,16
B,413,20,0.99,0.495,0,0.768742146169665,0.7692872288844439,-0.0005450827147789546,6.586107573771361e-05,16,16
B,413,20,0.999,0.49625,0,0.7724560085841106,0.7725077939620244,-5.17853779138512e-05,6.627729679549189e-06,16,16
B,414,20,0.1,0.49575,0,0.6711709212567771,0.6734318393459254,-0.002260918089148432,0.004688974503237067,18,18
B,414,20,0.5,0.515,0,0.696339063967322,0.700887117197653,-0.004548053230330831,0.0027135020980644286,18,18
B,414,20,0.9,0.56225,0,0.7679325405687205,0.769127484770208,-0.00119494420148736,0.0007832328545239673,18,18
B,414,20,0.99,0.5795,0,0.7968574642947133,0.7970818094844491,-0.0002243451897358424,9.309230464629518e-05,18,18
B,414,20,0.999,0.58125,0,0.8002130792496893,0.8002379547620723,-2.4875512382856512e-05,9.517156825909501e-06,18,18
B,415,20,0.1,0.509,0,0.5213756743024376,0.5177359225285147,0.003639751773922852,0.00576542583254613,11,13
B,415,20,0.5,0.571,0,0.5983196180614306,0.5706398744701014,0.027679743591329287,0.00352969407664547,11,13
B,415,20,0.9,0.72775,0,0.6706148211805371,0.6723743490888239,-0.001759527908286616,0.001518184857563461,11,13
B,415,20,0.99,0.771,0,0.6901108029849233,0.7156172516740935,-0.025506448689170284,0.0011397844322766006,11,13
B,415,20,0.999,0.77475,0,0.6921620584356764,0.7206151090467344,-0.028453050611057976,0.0011106823109057686,11,13
B,416,20,0.1,0.49275,0,0.7523307333623606,0.742499763455633,0.009830969906727615,0.0034914668501594523,18,18
B,416,20,0.5,0.52775,0,0.7609736357946724,0.7281312041296355,0.032842431665036906,0.0024531497483298694,18,18
B,416,20,0.9,0.5995,0,0.8024622419410219,0.7856669656461718,0.01679527629485014,0.0008054886587045969,18,18
B,416,20,0.99,0.60975,0,0.8204540447866784,0.8184234625602697,0.002030582226408862,9.195157021828721e-05,18,18
B,416,20,0.999,0.609,0,0.8224684121201981,0.8222615029909016,0.0002069091292965328,9.327624438253325e-06,18,18
B,417,20,0.1,0.4725,0,0.5164993583482594,0.7390918963747207,-0.22259253802646128,0.00497923700938477,19,19
B,417,20,0.5,0.404,0,0.5952678167810088,0.7360836414765761,-0.1408158246955674,0.003229328178300728,19,19
B,417,20,0.9,0.36025,0,0.7386019484918499,0.7784358723555806,-0.03983392386373072,0.0010028997165132992,19,19
B,417,20,0.99,0.36025,0,0.7994601014327882,0.8040661215780552,-0.00460602014526716,0.00011785145718440563,19,19
B,417,20,0.999,0.36125,0,0.8067081939919871,0.807175308989361,-0.00046711499737370156,1.1986253216998832e-05,19,19
B,418,20,0.1,0.51625,0,0.6722663449920017,0.4998667742848861,0.17239957070711565,0.00544812224284119,16,16
B,418,20,0.5,0.6495,0,0.6983977562731675,0.5246686402031604,0.17372911607000707,0.0034244281685758987,16,16
B,418,20,0.9,0.864,0,0.7469972180537332,0.679850629496088,0.06714658855764498,0.0008573825854936113,16,16
B,418,20,0.99,0.899,0,0.7676139749056711,0.7596377511500125,0.007976223755658528,9.422791187991883e-05,16,16
B,418,20,0.999,0.90325,0,0.7699278016160441,0.7691159724056267,0.0008118292104173777,9.528466233492378e-06,16,16
B,419,20,0.1,0.4845,0,0.5260835962638193,0.6580765574543515,-0.13199296119053225,0.00536674092358916,11,11
B,419,20,0.5,0.492,0,0.6221932901681313,0.6523441980356515,-0.03015090786752022,0.0031812093294437504,11,11
B,419,20,0.9,0.69525,0,0.7574035098125668,0.7390872457246144,0.018316264087952425,0.000878169002671374,11,11
B,419,20,0.99,0.7725,0,0.8055198873562547,0.8023809427540188,0.003138944602235849,0.00010019681107767943,11,11
B,419,20,0.999,0.77775,0,0.8108771852930463,0.8105487153909269,0.0003284699021195122,1.0167707674259332e-05,11,11
B,420,20,0.1,0.4925,0,0.4988079042063174,0.5058907615264939,-0.007082857320176521,0.005523335992390479,10,10
B,420,20,0.5,0.474,0,0.5229691913933038,0.5479174627269763,-0.024948271333672632,0.0025884980510716086,10,10
B,420,20,0.9,0.3845,0,0.6515196917453575,0.6685751108215494,-0.017055419076191826,0.0004751739895301527,10,10
B,420,20,0.99,0.34475,0,0.7178272529641625,0.7200475189530973,-0.0022202659889346632,4.891976477313957e-05,10,10
B,420,20,0.999,0.339,0,0.7256947207007681,0.7259226224031116,-0.00022790170234348076,4.91754922600179e-06,10,10
B,421,20,0.1,0.50875,0,0.5035795864706856,0.5113965591858274,-0.007816972715141778,0.00580005699215237,13,12
B,421,20,0.5,0.4775,0,0.5419981515649792,0.5756194074644148,-0.0336212558994356,0.0037190002184511227,13,12
B,421,20,0.9,0.45725,0,0.6441083577092728,0.6509690090913819,-0.006860651382109042,0.001262041851344923,13,12
B,421,20,0.99,0.465,0,0.68345669504032,0.6838455084789452,-0.00038881343862510304,0.00015145816079053024,13,12
B,421,20,0.999,0.466,0,0.6879256661777745,0.6879611933489682,-3.552717119366422e-05,1.5433880087980665e-05,13,12
B,422,20,0.1,0.498,0,0.6577791681562998,0.6597787619141406,-0.001999593757840848,0.004667617540170981,11,11
B,422,20,0.5,0.527,0,0.6704886585389642,0.6455425210966529,0.024946137442311438,0.0023092510698686035,11,11
B,422,20,0.9,0.6135,0,0.7222772030829872,0.7087941238156421,0.01348307926734509,0.00045146179283388834,11,11
B,422,20,0.99,0.64925,0,0.7390726143317737,0.7375146257902881,0.0015579885414856464,4.555454999886903e-05,11,11
B,422,20,0.999,0.65525,0,0.7408353921598123,0.7406774981264224,0.00015789403338991958,4.560354730276034e-06,11,11
B,423,20,0.1,0.498,0,0.738348519532909,0.7295162611925439,0.008832258340365173,0.003478051877905669,18,18
B,423,20,0.5,0.532,0,0.7178459332704961,0.6806724597973879,0.03717347347310811,0.0022865439154590625,18,18
B,423,20,0.9,0.7065,0,0.7572909182762566,0.7174827530670166,0.039808165209240125,0.0009101849226825689,18,18
B,423,20,0.99,0.7695,0,0.7784430255174025,0.7724137734747101,0.0060292520426925246,0.00011727865498656353,18,18
B,423,20,0.999,0.7745,0,0.780832283152724,0.7802044833661046,0.0006277997866196046,1.2026593005090233e-05,18,18
B,424,20,0.1,0.51675,0,0.742238455290266,0.5166739600082496,0.22556449528201636,0.004784689541664613,16,8
B,424,20,0.5,0.59625,0,0.7283427932700868,0.5988445116529163,0.12949828161717053,0.0027338053212473713,16,8
B,424,20,0.9,0.717,0,0.7685673341528964,0.6775105306642395,0.09105680348865686,0.0019252344433062316,16,8
B,424,20,0.99,0.75,0,0.7932492158703651,0.6968200219238649,0.0964291939465001,0.0020168977711203947,16,8
B,424,20,0.999,0.753,0,0.7960991518309684,0.6987967134653628,0.0973024383656055,0.002032777007801674,16,8
B,425,20,0.1,0.50225,0,0.746207906112944,0.7448610882079699,0.0013468179049740455,0.004014079876476942,18,18
B,425,20,0.5,0.497,0,0.739212626251649,0.7435275396667158,-0.004314913415066738,0.0025599350867759646,18,18
B,425,20,0.9,0.4425,0,0.768162005098845,0.7758469968067043,-0.007684991707859163,0.0007191388986478992,18,18
B,425,20,0.99,0.4305,0,0.7869637470945294,0.7879546984204626,-0.0009909513259330008,7.748120330386647e-05,18,18
B,425,20,0.999,0.42925,0,0.7891698656386598,0.7892710162979769,-0.00010115065931711392,7.800008252278211e-06,18,18
B,426,20,0.1,0.52,0,0.7453173168454462,0.5030075067621415,0.24230981008330474,0.005421129894238147,18,1
B,426,20,0.5,0.615,0,0.7366877429556314,0.5030075067621416,0.2336802361934897,0.004966436254828904,18,1
B,426,20,0.9,0.735,0,0.783756850848949,0.5030075067621416,0.28074934408680735,0.004423063525354314,18,1
B,426,20,0.99,0.7795,0,0.8111599172874697,0.5030075067621417,0.3081524105253281,0.004275079438649591,18,1
B,426,20,0.999,0.7825,0,0.8143852328405226,0.5030075067621416,0.311377726078381,0.0042614886730853625,18,1
B,427,20,0.1,0.51075,0,0.6599105320261128,0.5161560845114672,0.14375444751464542,0.0052881929789339146,13,13
B,427,20,0.5,0.5625,0,0.65346891011604,0.5659725706975574,0.08749633941848263,0.003250454186200415,13,13
B,427,20,0.9,0.5945,0,0.6715824949539333,0.6415396248690249,0.030042870084908375,0.0009613497341046501,13,13
B,427,20,0.99,0.6005,0,0.6792035263408559,0.6756491677855108,0.0035543585553452013,0.00011077507590424297,13,13
B,427,20,0.999,0.601,0,0.680046312566642,0.6796844966633426,0.00036181590329948933,1.1244732634413497e-05,13,13
B,428,20,0.1,0.4755,0,0.5235018014480243,0.7292178215360475,-0.20571602008802306,0.004830820104984438,15,15
B,428,20,0.5,0.3995,0,0.5996979708290812,0.6987514757754743,-0.09905350494639292,0.0024369579956289023,15,15
B,428,20,0.9,0.30475,0,0.6971464881014201,0.7189800461257235,-0.02183355802430348,0.0004574998076141051,15,15
B,428,20,0.99,0.26725,0,0.7332632022589505,0.7356128864647714,-0.0023496842058208763,4.625861762382362e-05,15,15
B,428,20,0.999,0.264,0,0.7372881603726602,0.7375250409477252,-0.00023688057506499735,4.6356754849521785e-06,15,15
B,429,20,0.1,0.5205,0,0.6542349489527498,0.4978752661575685,0.15635968279518148,0.005794342888844129,13,2
B,429,20,0.5,0.616,0,0.6449975997004777,0.4978752661575685,0.14712233354290918,0.004896200456109008,13,2
B,429,20,0.9,0.637,0,0.6749961614262681,0.4978752661575684,0.1771208952686997,0.003792372417085881,13,2
B,429,20,0.99,0.63275,0,0.6918015760149385,0.4978752661575685,0.19392630985737008,0.003478632347813518,13,2
B,429,20,0.999,0.6335,0,0.6936851155330162,0.49787526615756833,0.195809849375448,0.003448092495529766,13,2
B,430,20,0.1,0.499,0,0.6740510105397277,0.7389323025987514,-0.06488129205902371,0.004325929184297747,19,19
B,430,20,0.5,0.48675,0,0.6901418540891748,0.7025511096913801,-0.012409255602205349,0.0024697329554150913,19,19
B,430,20,0.9,0.50875,0,0.735587969434264,0.7355534721159163,3.449731834758571e-05,0.0005486148924081621,19,19
B,430,20,0.99,0.50975,0,0.7675191458760705,0.7675124144090214,6.731467049171006e-06,5.799699690011838e-05,19,19
B,430,20,0.999,0.509,0,0.7715671335741402,0.7715667716115324,3.619626078401605e-07,5.826750195772839e-06,19,19
B,431,20,0.1,0.52175,0,0.7375103889505987,0.5231363253397214,0.21437406361087735,0.004908411321836123,14,14
B,431,20,0.5,0.608,0,0.713458884446922,0.6063879346927175,0.1070709497542046,0.002600412969880056,14,14
B,431,20,0.9,0.6995,0,0.7230406246265176,0.7006682606577171,0.022372363968800466,0.0005011783280966867,14,14
B,431,20,0.99,0.739,0,0.7409405554976382,0.7385243197920468,0.002416235705591258,4.9765972379854996e-05,14,14
B,431,20,0.999,0.74325,0,0.7436164365308798,0.7433721370792875,0.00024429945159234887,4.978068648815998e-06,14,14
B,432,20,0.1,0.4985,0,0.7394232358017939,0.6654694426016865,0.07395379320010725,0.003699284106798622,16,16
B,432,20,0.5,0.51575,0,0.7088263505742058,0.6829815408805191,0.025844809693686688,0.0022733972957552423,16,16
B,432,20,0.9,0.43875,0,0.7331550706911085,0.7374858131657602,-0.004330742474651697,0.0006389661286575696,16,16
B,432,20,0.99,0.4055,0,0.7548421199586625,0.755692346504653,-0.0008502265459904984,7.103874743175186e-05,16,16
B,432,20,0.999,0.4005,0,0.7575344794195746,0.7576245152057524,-9.003578617780832e-05,7.185306370097002e-06,16,16
B,433,20,0.1,0.5165,0,0.6686894738136618,0.5139000786381068,0.15478939517555512,0.00534597606075802,9,9
B,433,20,0.5,0.5915,0,0.6943305896107375,0.5805308990491435,0.11379969056159395,0.0032600085215900077,9,9
B,433,20,0.9,0.68575,0,0.7148022953567413,0.6808261458554657,0.03397614950127553,0.0007851445031367055,9,9
B,433,20,0.99,0.702,0,0.7183109198683808,0.7145707873479745,0.003740132520406365,8.31066121199276e-05,9,9
B,433,20,0.999,0.702,0,0.7186307490803091,0.7182531924453811,0.00037755663492790634,8.358947673735897e-06,9,9
B,434,20,0.1,0.50525,0,0.7439312411424066,0.7486581275610577,-0.004726886418651034,0.003591691252918664,16,16
B,434,20,0.5,0.51125,0,0.7427480009959825,0.7477777076204759,-0.005029706624493421,0.0026342425012197144,16,16
B,434,20,0.9,0.499,0,0.7918550094273609,0.7920153192027525,-0.00016030977539165835,0.0009164881032618817,16,16
B,434,20,0.99,0.476,0,0.8198492770943412,0.8200924569021554,-0.0002431798078142855,0.00011197130484187253,16,16
B,434,20,0.999,0.473,0,0.8234671357786749,0.8234958927336026,-2.8756954927553756e-05,1.1441707060530362e-05,16,16
B,435,20,0.1,0.51925,0,0.6596248696329028,0.49603808220577084,0.16358678742713195,0.005682621745245714,15,1
B,435,20,0.5,0.5915,0,0.6745265540957848,0.49603808220577095,0.17848847189001377,0.004918977810564391,15,1
B,435,20,0.9,0.706,0,0.7454236885864457,0.49603808220577095,0.24938560638067492,0.004185185056462085,15,1
B,435,20,0.99,0.74075,0,0.7714856206166923,0.49603808220577095,0.2754475384109214,0.004053514772599071,15,1
B,435,20,0.999,0.74775,0,0.7743260863118,0.49603808220577095,0.27828800410602916,0.004043040687144249,15,1
B,436,20,0.1,0.4905,0,0.6742574600995171,0.7541110705622832,-0.079853610462766,0.004419679870393743,16,16
B,436,20,0.5,0.4745,0,0.7038217525655093,0.7471425836752785,-0.04332083110976913,0.0028291890939996555,16,16
B,436,20,0.9,0.50025,0,0.7560415426161774,0.7591568066401603,-0.003115264023982932,0.0007470744814085994,16,16
B,436,20,0.99,0.5065,0,0.7715044208667639,0.7716108257011683,-0.0001064048344044734,8.003410826253072e-05,16,16
B,436,20,0.999,0.508,0,0.7731474264811862,0.773156036751439,-8.610270252740333e-06,8.067726104777012e-06,16,16
B,437,20,0.1,0.50675,0,0.671899501739165,0.6615017029454411,0.010397798793723894,0.004790150923766987,15,15
B,437,20,0.5,0.53025,0,0.6846116023280283,0.6606099870742923,0.024001615253735786,0.0029848262014511885,15,15
B,437,20,0.9,0.58825,0,0.7136768754734331,0.7039334885079389,0.009743386965494009,0.0009406473045875987,15,15
B,437,20,0.99,0.60125,0,0.7309486058420405,0.7299118149405966,0.0010367909014439064,0.00010799400502829082,15,15
B,437,20,0.999,0.603,0,0.7330747439810987,0.7329694340659149,0.00010530991518397254,1.0960544933479005e-05,15,15
B,438,20,0.1,0.49225,0,0.7387518880527459,0.6685768037112358,0.0701750843415102,0.003609369526762702,14,13
B,438,20,0.5,0.51775,0,0.7136266097541581,0.6655295143848591,0.048097095369298994,0.0025987746349751223,14,13
B,438,20,0.9,0.458,0,0.7313732174232683,0.6981201881445821,0.03325302927868623,0.001903571451368461,14,13
B,438,20,0.99,0.43425,0,0.7584591892178261,0.7117108089490956,0.04674838026873058,0.0016181985023301872,14,13
B,438,20,0.999,0.431,0,0.7622155940630583,0.7131490809163038,0.049066513146754455,0.001593330281280703,14,13
B,439,20,0.1,0.50425,0,0.6656039849429383,0.6714983027612054,-0.00589431781826724,0.004742643746099499,13,13
B,439,20,0.5,0.576,0,0.6886940825509206,0.6848526909775035,0.0038413915734169957,0.0025889474907289387,13,13
B,439,20,0.9,0.70825,0,0.7692901925226261,0.7596668767761241,0.00962331574650196,0.0005740573258402178,13,13
B,439,20,0.99,0.7545,0,0.7973409264848799,0.7959951889427411,0.0013457375421387346,6.035032878990028e-05,13,13
B,439,20,0.999,0.7585,0,0.8003512637896768,0.8002127814023973,0.00013848238727955092,6.067176407115069e-06,13,13
B,440,20,0.1,0.52875,0,0.6758738037947819,0.49906661126907054,0.17680719252571137,0.005240770112091973,13,12
B,440,20,0.5,0.64675,0,0.6976966213734954,0.530655436886852,0.16704118448664332,0.0030684706742048046,13,12
B,440,20,0.9,0.80925,0,0.7484063905975463,0.6889409274989254,0.05946546309862091,0.0007871791516542476,13,12
B,440,20,0.99,0.83975,0,0.7645268063424214,0.7577428048552024,0.0067840014872189896,8.63921313412598e-05,13,12
B,440,20,0.999,0.8445,0,0.7662184542506677,0.7655309578341062,0.0006874964165615312,8.729457490195094e-06,13,12
B,441,20,0.1,0.49025,0,0.6733709830805583,0.7470015650763783,-0.07363058199581991,0.003592798986046834,18,18
B,441,20,0.5,0.4595,0,0.6918411036979591,0.7377935247946332,-0.04595242109667407,0.002344943754519489,18,18
B,441,20,0.9,0.444,0,0.7642762056282106,0.7754694745083403,-0.01119326888012961,0.0006502278915464135,18,18
B,441,20,0.99,0.45075,0,0.8019066624442799,0.8029296640044342,-0.0010230015601544113,7.072742571716751e-05,18,18
B,441,20,0.999,0.45125,0,0.8063694000051371,0.8064702308813307,-0.00010083087619371553,7.1184656434692695e-06,18,18
B,442,20,0.1,0.50175,0,0.502091464631497,0.5030332477194631,-0.0009417830879661005,0.006166548034894074,1,13
B,442,20,0.5,0.483,0,0.5020914646314971,0.5447197180327119,-0.04262825340121475,0.005404632915950848,1,13
B,442,20,0.9,0.37875,0,0.502091464631497,0.6601344013817217,-0.1580429367502247,0.004471516087057156,1,13
B,442,20,0.99,0.333,0,0.5020914646314971,0.7242204679671008,-0.22212900333560373,0.003884304852890023,1,13
B,442,20,0.999,0.32925,0,0.5020914646314971,0.7323513803061776,-0.23025991567468043,0.003815087930084177,1,13
B,443,20,0.1,0.49875,0,0.6678809495613233,0.7375172642349591,-0.0696363146736358,0.0044598512625023574,13,8
B,443,20,0.5,0.473,0,0.6787314007725401,0.6943264823308409,-0.015595081558300744,0.00307060689654965,13,8
B,443,20,0.9,0.4955,0,0.7045138660375078,0.6517282761252229,0.05278558991228477,0.002067790893214318,13,8
B,443,20,0.99,0.508,0,0.7162218417632197,0.6407317947251517,0.0754900470380678,0.0020312041799094593,13,8
B,443,20,0.999,0.51025,0,0.7175917962908113,0.6396130087515871,0.07797878753922408,0.0020342738170883203,13,8
B,444,20,0.1,0.50025,0,0.6697287405371389,0.660930423319403,0.008798317217736162,0.004880724710997721,17,17
B,444,20,0.5,0.5085,0,0.690409586698837,0.6564989943308169,0.0339105923680202,0.0035230141098078777,17,17
B,444,20,0.9,0.52775,0,0.748864847506695,0.725133634596749,0.023731212909945974,0.0012333120954852051,17,17
B,444,20,0.99,0.519,0,0.7755755491412277,0.772569407415125,0.0030061417261027295,0.00014409978234023718,17,17
B,444,20,0.999,0.5175,0,0.778713996258217,0.7784069164145283,0.00030707984368868953,1.462904906047209e-05,17,17
B,445,20,0.1,0.52,0,0.7326794679258904,0.5128516031602216,0.21982786476566882,0.0037393214320510172,13,12
B,445,20,0.5,0.6085,0,0.7157981244136691,0.5961363368024829,0.11966178761118611,0.00208243383591999,13,12
B,445,20,0.9,0.694,0,0.7697112097821682,0.7408083939954824,0.028902815786685843,0.0004921867202557479,13,12
B,445,20,0.99,0.71375,0,0.7949714266974234,0.791840076012975,0.003131350684448299,5.255719056772439e-05,13,12
B,445,20,0.999,0.7145,0,0.7978021065771314,0.7974862501439137,0.0003158564332176289,5.29254581887926e-06,13,12
B,446,20,0.1,0.49675,0,0.6615965189367206,0.6619263597501792,-0.00032984081345864124,0.0047716401542925255,14,14
B,446,20,0.5,0.4755,0,0.6625118258394018,0.6715143347493807,-0.009002508909978956,0.003250592156668623,14,14
B,446,20,0.9,0.40925,0,0.7364835933920347,0.7352429604410863,0.0012406329509483567,0.001078133704423821,14,14
B,446,20,0.99,0.39,0,0.772837401906807,0.772385320699181,0.0004520812076260151,0.0001306139205872756,14,14
B,446,20,0.999,0.38725,0,0.777105812670719,0.7770589278530194,4.688481769943082e-05,1.3301125850412836e-05,14,14
B,447,20,0.1,0.51725,0,0.6615267195276029,0.49302029638659134,0.16850642314101155,0.005197531454666086,18,18
B,447,20,0.5,0.61,0,0.6596820295431884,0.5232361447901167,0.13644588475307182,0.003230152693597539,18,18
B,447,20,0.9,0.60225,0,0.7085679266312042,0.6830107216494925,0.025557204981711597,0.0009464041537671764,18,18
B,447,20,0.99,0.53225,0,0.7573124987068134,0.7555842700166887,0.0017282286901245342,0.00010645091479922364,18,18
B,447,20,0.999,0.52325,0,0.7640665181076101,0.7639060572019652,0.00016046090564483546,1.075920075367713e-05,18,18
B,448,20,0.1,0.493,0,0.7399686350802903,0.7462616730719239,-0.0062930379916335,0.004030356931576487,16,16
B,448,20,0.5,0.47725,0,0.7209621709844453,0.7426879472790083,-0.02172577629456309,0.0026843291991883954,16,16
B,448,20,0.9,0.401,0,0.7581314812254769,0.7761724481625354,-0.018040966937058485,0.0007661809455328213,16,16
B,448,20,0.99,0.37575,0,0.7878567294812986,0.7903325914040292,-0.0024758619227308026,8.757472673713367e-05,16,16
B,448,20,0.999,0.374,0,0.791611956429489,0.791867107478756,-0.00025515104926694774,8.89292860010813e-06,16,16
B,449,20,0.1,0.48525,0,0.5158817876679537,0.6646843682005233,-0.14880258053256978,0.005332552246020274,18,18
B,449,20,0.5,0.40275,0,0.5662615943891867,0.684198763014504,-0.11793716862531749,0.0034868127817356317,18,18
B,449,20,0.9,0.33,0,0.678965088373659,0.7242334956396276,-0.04526840726596851,0.001269496257686627,18,18
B,449,20,0.99,0.3315,0,0.7369412516550324,0.7421232526734274,-0.005182001018394905,0.00015561365642204452,18,18
B,449,20,0.999,0.3305,0,0.7438498461499264,0.7443762411842233,-0.0005263950342970486,1.5879174389156786e-05,18,18
B,450,20,0.1,0.524,0,0.7421413073618653,0.5248615253246964,0.21727978203716886,0.004885062108580764,20,20
B,450,20,0.5,0.59075,0,0.7305814552053653,0.6190541394406665,0.11152731576469878,0.002732646288646541,20,20
B,450,20,0.9,0.658,0,0.7688163583103444,0.7437367150221439,0.025079643288200486,0.0005972650397423042,20,20
B,450,20,0.99,0.68625,0,0.7933205303348941,0.7904512901847461,0.002869240150148015,6.40173062125308e-05,20,20
B,450,20,0.999,0.6905,0,0.7962268475235742,0.7959346393191622,0.00029220820441197294,6.46802184303675e-06,20,20
B,451,20,0.1,0.49225,0,0.6603026271597024,0.7478037849970978,-0.08750115783739543,0.004365908091023202,17,17
B,451,20,0.5,0.42475,0,0.6659232270589929,0.7403906780226561,-0.07446745096366339,0.0026284398607568033,17,17
B,451,20,0.9,0.366,0,0.7275926541641873,0.7470145090685838,-0.019421854904396543,0.0007252051955834822,17,17
B,451,20,0.99,0.36925,0,0.7541502158234635,0.7561301579014716,-0.001979942078008083,8.004795792800013e-05,17,17
B,451,20,0.999,0.37125,0,0.7571001987142109,0.7572981773048373,-0.00019797859062634478,8.079773669638281e-06,17,17
B,452,20,0.1,0.52525,0,0.6620173588861394,0.4933716282185776,0.16864573066756175,0.005687098361516566,12,2
B,452,20,0.5,0.614,0,0.6581205966824507,0.4933716282185775,0.1647489684638731,0.004824494297320911,12,2
B,452,20,0.9,0.661,0,0.6846556847635895,0.4933716282185775,0.19128405654501213,0.0038471908438637574,12,2
B,452,20,0.99,0.65825,0,0.6996351158819902,0.49337162821857755,0.2062634876634127,0.0035971501235900496,12,2
B,452,20,0.999,0.65825,0,0.701322739747915,0.4933716282185774,0.2079511115293376,0.0035729582397086854,12,2
B,453,20,0.1,0.5125,0,0.7386221548058896,0.6712737766781501,0.06734837812773924,0.00361394785837376,12,14
B,453,20,0.5,0.5335,0,0.7238946467811013,0.6962012444096133,0.02769340237148807,0.00199384040420276,12,14
B,453,20,0.9,0.563,0,0.7668403252867106,0.7584981760970215,0.00834214918968899,0.00047035812153747245,12,14
B,453,20,0.99,0.57825,0,0.7891990066455433,0.7881591310161553,0.0010398756293880003,5.1076706486799255e-05,12,14
B,453,20,0.999,0.57975,0,0.7917165604958127,0.7916098522105747,0.00010670828523797893,5.156239922832401e-06,12,14
B,454,20,0.1,0.50125,0,0.5032595739234286,0.5019793826659065,0.0012801912575220941,0.00569039393528214,16,16
B,454,20,0.5,0.51575,0,0.5747443987194706,0.5555688146366143,0.019175584082856367,0.0031439754850325877,16,16
B,454,20,0.9,0.545,0,0.6940158220226689,0.6855737270648095,0.008442094957859383,0.0007065510273856664,16,16
B,454,20,0.99,0.558,0,0.7357935680574221,0.7347586053640023,0.0010349626934199403,7.386178870843754e-05,16,16
B,454,20,0.999,0.558,0,0.7403869161186046,0.7402811135854704,0.00010580253313427802,7.4243458861850505e-06,16,16
B,455,20,0.1,0.546,0,0.7529627591723247,0.5170928484258788,0.235869910746446,0.00500634203501737,19,19
B,455,20,0.5,0.68175,0,0.7552940357138602,0.5912840613119363,0.16400997440192394,0.0031562551510631925,19,19
B,455,20,0.9,0.87425,0,0.8034447273731714,0.7525845620273359,0.05086016534583545,0.0007982558313216795,19,19
B,455,20,0.99,0.9055,0,0.8261006400993988,0.8203066703757643,0.005793969723634515,8.497543055995393e-05,19,19
B,455,20,0.999,0.908,0,0.8286835678854406,0.8280961284804785,0.0005874394049620417,8.551972930633302e-06,19,19
B,456,20,0.1,0.50725,0,0.7504775213389862,0.7477841120706482,0.0026934092683378054,0.004004218238671999,16,16
B,456,20,0.5,0.51225,0,0.7609777161517173,0.7533885621775354,0.007589153974181885,0.002942405171880527,16,16
B,456,20,0.9,0.50675,0,0.8034140513583666,0.8065339752082198,-0.003119923849853038,0.0010172255142670333,16,16
B,456,20,0.99,0.49625,0,0.83169283212552,0.8325319813174471,-0.0008391491919270799,0.0001214577732664439,16,16
B,456,20,0.999,0.4955,0,0.8354398289884978,0.8355327005991895,-9.287161069170245e-05,1.238291787011334e-05,16,16
B,457,20,0.1,0.482,0,0.666610341544731,0.7453665394966084,-0.07875619795187719,0.004658306799799011,2,12
B,457,20,0.5,0.4465,0,0.6666103415447311,0.7549342693895992,-0.08832392784486817,0.003934507743955007,2,12
B,457,20,0.9,0.3725,0,0.6666103415447309,0.8058425899332896,-0.13923224838855866,0.003297350535186352,2,12
B,457,20,0.99,0.33425,0,0.6666103415447311,0.8250863749593785,-0.15847603341464747,0.0032090336766069736,2,12
B,457,20,0.999,0.33275,0,0.6666103415447309,0.8271905726330733,-0.16058023108834238,0.0032027027574455325,2,12
B,458,20,0.1,0.466,0,0.519975983346632,0.7458823659333745,-0.22590638258674245,0.0038503535554179147,16,16
B,458,20,0.5,0.36925,0,0.577493966069527,0.724762722612535,-0.14726875654300817,0.002540117353837675,16,16
B,458,20,0.9,0.22225,0,0.6985676343713797,0.7540585987369057,-0.05549096436552617,0.0008365289749033813,16,16
B,458,20,0.99,0.1745,0,0.7837925843032464,0.7913935684100137,-0.007600984106767248,0.0001038627795635004,16,16
B,458,20,0.999,0.1695,0,0.7957981736412972,0.7965868548840299,-0.000788681242732634,1.0634226215284376e-05,16,16
B,459,20,0.1,0.505,0,0.7353810723618169,0.7331771679236416,0.0022039044381753393,0.003961318522622226,5,17
B,459,20,0.5,0.4955,0,0.6983846631533547,0.710799455779718,-0.012414792626363216,0.0029120334296214695,5,17
B,459,20,0.9,0.44125,0,0.6783583399029504,0.7500603463106366,-0.07170200640768631,0.0021488635872798775,5,17
B,459,20,0.99,0.40225,0,0.6751605617378645,0.7710293105159415,-0.09586874877807691,0.0020903645050198436,5,17
B,459,20,0.999,0.39875,0,0.6748601721566847,0.7734168728194323,-0.09855670066274755,0.0020898812252305135,5,17
B,460,20,0.1,0.51175,0,0.6636690444240592,0.5253546045271178,0.13831443989694153,0.005450504378835406,17,17
B,460,20,0.5,0.57825,0,0.6741109094877887,0.5955729535517424,0.07853795593604622,0.0034897843599651737,17,17
B,460,20,0.9,0.716,0,0.7172694095390245,0.692301669719611,0.02496773981941359,0.0009086755843193261,17,17
B,460,20,0.99,0.7785,0,0.7436286415383161,0.7404846909448545,0.0031439505934614856,9.796587424826604e-05,17,17
B,460,20,0.999,0.78325,0,0.7470963715906529,0.7467729297242249,0.00032344186642774075,9.88219000067324e-06,17,17
B,461,20,0.1,0.4705,0,0.492227419418502,0.7417617824153417,-0.24953436299683965,0.004724164798131229,16,16
B,461,20,0.5,0.334,0,0.5203581355461684,0.6994351800246914,-0.17907704447852305,0.0026607126098491074,16,16
B,461,20,0.9,0.1355,0,0.6538825357006773,0.7121972121315233,-0.05831467643084601,0.0007142844702188268,16,16
B,461,20,0.99,0.09925,0,0.7294770193270651,0.7365804815517959,-0.007103462224730674,8.516814522627302e-05,16,16
B,461,20,0.999,0.097,0,0.7388507428316691,0.7395763870729913,-0.0007256442413221511,8.695500641211392e-06,16,16
B,462,20,0.1,0.4885,0,0.516860676193332,0.5129198134972552,0.003940862696076638,0.005809799723535178,16,16
B,462,20,0.5,0.5145,0,0.5974406485606812,0.5836542964989012,0.013786352061779987,0.00358590258301267,16,16
B,462,20,0.9,0.68675,0,0.7407175674348617,0.7118584778405936,0.028859089594268098,0.001050283180715418,16,16
B,462,20,0.99,0.75725,0,0.7960755320073566,0.7910818842000296,0.004993647807326989,0.00012648691174114223,16,16
B,462,20,0.999,0.76175,0,0.8023980791993454,0.8018740320536822,0.0005240471456631735,1.2892619503252326e-05,16,16
B,463,20,0.1,0.48675,0,0.5230034601798025,0.7379352001360696,-0.21493173995626724,0.003644131118735629,5,5
B,463,20,0.5,0.376,0,0.5847272631382336,0.7115018230134997,-0.12677455987526606,0.002278685813708854,5,5
B,463,20,0.9,0.26,0,0.6727823866443018,0.7035738723348994,-0.0307914856905976,0.000583334133096119,5,5
B,463,20,0.99,0.237,0,0.6996167065106108,0.7028466645415009,-0.0032299580308899926,6.138920693511321e-05,5,5
B,463,20,0.999,0.2335,0,0.7024614010135413,0.7027864173555525,-0.0003250163420111177,6.1718510138446505e-06,5,5
B,464,20,0.1,0.489,0,0.6661492293931813,0.6710848513642568,-0.0049356219710753975,0.004860502857030136,16,17
B,464,20,0.5,0.50775,0,0.6844111625589449,0.6914241799438627,-0.007013017384918077,0.0032178500259401094,16,17
B,464,20,0.9,0.5785,0,0.7334246411956986,0.751919041638952,-0.018494400443253258,0.0016694560009724644,16,17
B,464,20,0.99,0.62125,0,0.7562610263276451,0.7895072928238226,-0.0332462664961775,0.0013075047009193555,16,17
B,464,20,0.999,0.629,0,0.758828812469777,0.7944180972021143,-0.03558928473233725,0.0012768896630531894,16,17
B,465,20,0.1,0.49725,0,0.7350243894538827,0.6743844681409632,0.06063992131291948,0.0035746680490851466,11,11
B,465,20,0.5,0.5115,0,0.6953058553405538,0.6852358538943156,0.01007000144623817,0.00208634617032938,11,11
B,465,20,0.9,0.52675,0,0.6964064161185687,0.6985583364561132,-0.0021519203375446666,0.0004722090205220925,11,11
B,465,20,0.99,0.53575,0,0.7037386620520621,0.70398197041818,-0.00024330836611785017,4.861820339836303e-05,11,11
B,465,20,0.999,0.53625,0,0.7045803952132103,0.7046051044365073,-2.470922329692455e-05,4.869146147976119e-06,11,11
B,466,20,0.1,0.487,0,0.6700613435313773,0.735556678343358,-0.0654953348119807,0.00439093036326063,18,18
B,466,20,0.5,0.47275,0,0.6913511892526083,0.7149161832384601,-0.023564993985851806,0.0025536139105723416,18,18
B,466,20,0.9,0.4435,0,0.7369182017609817,0.7438719621989384,-0.006953760437956787,0.0006108827926201747,18,18
B,466,20,0.99,0.42175,0,0.7617875004394178,0.7627310328587669,-0.0009435324193488641,6.738886968947851e-05,18,18
B,466,20,0.999,0.418,0,0.7648201685536254,0.764917723323517,-9.755476989168736e-05,6.806696301409435e-06,18,18
B,467,20,0.1,0.49575,0,0.5270807188957031,0.6674590684058406,-0.14037834951013747,0.005184148858968817,18,18
B,467,20,0.5,0.43125,0,0.58849123888346,0.6793187212734075,-0.0908274823899475,0.0031062876823924686,18,18
B,467,20,0.9,0.26175,0,0.6711946929280515,0.7268864137212081,-0.05569172079315655,0.0010781659143539657,18,18
B,467,20,0.99,0.20775,0,0.7441148641372992,0.7528438441529528,-0.00872898001565359,0.00014427089578627916,18,18
B,467,20,0.999,0.2015,0,0.7548832895133784,0.75579512073995,-0.0009118312265716428,1.4888829898631123e-05,18,18
B,468,20,0.1,0.5105,0,0.6573340040345855,0.4956568291195211,0.16167717491506434,0.005423145966814282,6,8
B,468,20,0.5,0.54875,0,0.6438045074359751,0.5493814766531223,0.09442303078285275,0.003928916873594839,6,8
B,468,20,0.9,0.482,0,0.7084775329613698,0.7013674329708758,0.007110099990494092,0.001301134926707264,6,8
B,468,20,0.99,0.4465,0,0.7544573729344485,0.7544487175484441,8.65538600426502e-06,0.00014895339281436842,6,8
B,468,20,0.999,0.4425,0,0.7602021724906471,0.760210205617727,-8.033127079776041e-06,1.5099962089421474e-05,6,8
B,469,20,0.1,0.4785,0,0.5199412073343117,0.6716871372857735,-0.15174592995146188,0.005283551637241785,17,17
B,469,20,0.5,0.42525,0,0.5935266551730742,0.6853495308190284,-0.09182287564595404,0.003115734719319046,17,17
B,469,20,0.9,0.43475,0,0.6940414834842709,0.713954590430921,-0.01991310694665008,0.0008255559954872971,17,17
B,469,20,0.99,0.44825,0,0.7267292860914274,0.7288224502256823,-0.002093164134254778,9.152908284565259e-05,17,17
B,469,20,0.999,0.45025,0,0.7303361761628828,0.730547068689965,-0.0002108925270821404,9.257770636791058e-06,17,17
B,470,20,0.1,0.4985,0,0.5046247254198234,0.5125711919305623,-0.007946466510739008,0.006176131914813175,2,14
B,470,20,0.5,0.45375,0,0.5046247254198234,0.5877509674786664,-0.08312624205884304,0.005358186122693354,2,14
B,470,20,0.9,0.2635,0,0.5046247254198233,0.7517814376894709,-0.24715671226964767,0.004529418292312724,2,14
B,470,20,0.99,0.18125,0,0.5046247254198234,0.8444689223574726,-0.3398441969376493,0.004418237863904858,2,14
B,470,20,0.999,0.16825,0,0.5046247254198232,0.8564973671964066,-0.35187264177658334,0.0044224216776615494,2,14
B,471,20,0.1,0.51575,0,0.6676958471813768,0.5220302259460559,0.1456656212353209,0.005294580239558115,20,20
B,471,20,0.5,0.5445,0,0.6639850369472866,0.6106129655446637,0.053372071402622866,0.003284747724760639,20,20
B,471,20,0.9,0.48125,0,0.7142477590472318,0.7146712847132345,-0.0004235256660024473,0.0009764854630018777,20,20
B,471,20,0.99,0.4635,0,0.7456078625764345,0.7460266333655455,-0.0004187707891110537,0.00011051967696202008,20,20
B,471,20,0.999,0.462,0,0.7493513147060628,0.7493966993158608,-4.5384609797987196e-05,1.1185706852727485e-05,20,20
B,472,20,0.1,0.5045,0,0.4925304725929296,0.5075146211896052,-0.01498414859667561,0.005775264151137937,17,17
B,472,20,0.5,0.48825,0,0.5391713075773215,0.5548084964937856,-0.015637188916464116,0.0034757754754744822,17,17
B,472,20,0.9,0.43075,0,0.6749622749128585,0.6861834131649811,-0.011221138252122632,0.0008521091542146936,17,17
B,472,20,0.99,0.401,0,0.7392809304391503,0.7408610066567913,-0.001580076217641191,9.150715429810781e-05,17,17
B,472,20,0.999,0.39875,0,0.7469465215746546,0.7471098527294352,-0.00016333115478059013,9.218645908680442e-06,17,17
B,473,20,0.1,0.4895,0,0.6629754870185546,0.6655160635649352,-0.0025405765463805702,0.004909584702245868,16,16
B,473,20,0.5,0.48425,0,0.6864896045308808,0.6812411530093686,0.005248451521512161,0.003208840177762459,16,16
B,473,20,0.9,0.4395,0,0.7602419171564904,0.7605652539606204,-0.00032333680413005526,0.0008830572794298394,16,16
B,473,20,0.99,0.41675,0,0.7936192320822445,0.7938817393052321,-0.00026250722298780746,9.681484943324177e-05,16,16
B,473,20,0.999,0.413,0,0.7975318862550489,0.7975609513526853,-2.9065097636461494e-05,9.778060548463485e-06,16,16
B,474,20,0.1,0.45975,0,0.5097626401972599,0.7442633612268844,-0.23450072102962444,0.00492102854420666,20,20
B,474,20,0.5,0.36375,0,0.5902861510602846,0.7403616184925453,-0.1500754674322606,0.003061278422940383,20,20
B,474,20,0.9,0.22775,0,0.7380339565836569,0.7853925716693813,-0.04735861508572434,0.0009113824984944678,20,20
B,474,20,0.99,0.18975,0,0.81074300968612,0.8169024839366725,-0.006159474250552517,0.00010711684508896079,20,20
B,474,20,0.999,0.18525,0,0.8201590176963706,0.8207959979816483,-0.000636980285277704,1.0910728653524485e-05,20,20
B,475,20,0.1,0.503,0,0.6748438365770032,0.6654230694385983,0.009420767138405025,0.004664153852891798,15,10
B,475,20,0.5,0.49025,0,0.6947088329751295,0.6820661577525402,0.012642675222589293,0.002876623314240009,15,10
B,475,20,0.9,0.43625,0,0.751563805660744,0.7343173280615642,0.017246477599179726,0.0014320031360092243,15,10
B,475,20,0.99,0.41675,0,0.7805293220720196,0.751303769058369,0.02922555301365052,0.0011707356130583493,15,10
B,475,20,0.999,0.416,0,0.7839227809933915,0.753089042343388,0.030833738650003568,0.0011520833513631846,15,10
B,476,20,0.1,0.50825,0,0.7508705511727296,0.7435235803967151,0.007346970776014698,0.003508842555087618,16,16
B,476,20,0.5,0.50575,0,0.7458779895389628,0.7347328892917933,0.011145100247169578,0.002305236576092627,16,16
B,476,20,0.9,0.496,0,0.7611924328736045,0.755485380418342,0.005707052455262454,0.0006539044439051062,16,16
B,476,20,0.99,0.492,0,0.7744181520784488,0.7737964600701424,0.000621692008306506,7.100717450246184e-05,16,16
B,476,20,0.999,0.49225,0,0.7761965279014248,0.7761347624320218,6.176546940300194e-05,7.171932312974504e-06,16,16
B,477,20,0.1,0.47825,0,0.5050173307886501,0.7493486494237422,-0.24433131863509214,0.0049879649406490345,7,19
B,477,20,0.5,0.3575,0,0.5454062571691345,0.7402121687479374,-0.19480591157880298,0.0033397342110437875,7,19
B,477,20,0.9,0.2395,0,0.6214959901749891,0.7650482761005228,-0.1435522859255336,0.0024182213391907514,7,19
B,477,20,0.99,0.237,0,0.643510421941327,0.7849047383453228,-0.1413943164039957,0.00236226367441139,7,19
B,477,20,0.999,0.23625,0,0.6458150306987559,0.7873878822518668,-0.14157285155311092,0.002359642200710727,7,19
B,478,20,0.1,0.5325,0,0.7412508473860046,0.5199599752785079,0.2212908721074965,0.00496660392032632,14,14
B,478,20,0.5,0.59325,0,0.7140868059527633,0.6128164206821857,0.10127038527057756,0.0028428249564663977,14,14
B,478,20,0.9,0.6035,0,0.7410570847053051,0.727134260933879,0.013922823771426033,0.000662755680004575,14,14
B,478,20,0.99,0.60025,0,0.7602941630264206,0.7590200142113993,0.0012741488150214313,6.996756097509884e-05,14,14
B,478,20,0.999,0.5995,0,0.7624684259948503,0.7623420796966873,0.0001263462981630944,7.032778381470197e-06,14,14
B,479,20,0.1,0.5,0,0.7356367165635375,0.7426924300012331,-0.007055713437695777,0.003393886731910633,15,15
B,479,20,0.5,0.50625,0,0.7243259034917857,0.7160653256115959,0.008260577880189865,0.002117668127009854,15,15
B,479,20,0.9,0.6115,0,0.7544208861157824,0.741014498048498,0.013406388067284622,0.0006124223843928438,15,15
B,479,20,0.99,0.64325,0,0.7667110892402131,0.7649108172826367,0.0018002719575764875,6.967962917483518e-05,15,15
B,479,20,0.999,0.64575,0,0.7680439453106989,0.7678598089788683,0.00018413633183052752,7.043860729138028e-06,15,15
B,480,20,0.1,0.46925,0,0.5162970616974639,0.7353765801559156,-0.21907951845845158,0.005007256401254066,18,18
B,480,20,0.5,0.39075,0,0.5780802467347056,0.7015170117980775,-0.12343676506337176,0.003114356697471976,18,18
B,480,20,0.9,0.3065,0,0.6499129851942923,0.6894654826514969,-0.03955249745720452,0.0009190607260998289,18,18
B,480,20,0.99,0.28875,0,0.685882198102577,0.6907883092692928,-0.0049061111667157995,0.00010898229751032845,18,18
B,480,20,0.999,0.28725,0,0.6905025134279439,0.6910051891358024,-0.0005026757078584312,1.1099048544568449e-05,18,18
B,481,20,0.1,0.5065,0,0.7374858769194809,0.7400719007106059,-0.002586023791124903,0.00397392709747825,18,18
B,481,20,0.5,0.49875,0,0.7207642839631526,0.7302832298353067,-0.009518945872154171,0.002682607912900717,18,18
B,481,20,0.9,0.51575,0,0.7687080962013758,0.7724616127202181,-0.0037535165188423043,0.000841961103253662,18,18
B,481,20,0.99,0.536,0,0.7948602841711667,0.7950939714030362,-0.00023368723186936954,9.768817007925785e-05,18,18
B,481,20,0.999,0.5365,0,0.797849329480694,0.797870158723772,-2.082924307791202e-05,9.933328082922078e-06,18,18
B,482,20,0.1,0.51975,0,0.7328475386424429,0.5018241066376251,0.23102343200481773,0.005034462071581809,13,13
B,482,20,0.5,0.59825,0,0.7070794283423738,0.5608098573825908,0.14626957095978288,0.0036383219650954032,13,13
B,482,20,0.9,0.57225,0,0.7321775175509962,0.7129187332855118,0.01925878426548441,0.0015636882533167963,13,13
B,482,20,0.99,0.54625,0,0.7707287668479592,0.7700902047674292,0.0006385620805300604,0.00020660517843401903,13,13
B,482,20,0.999,0.5425,0,0.7765880336646476,0.7765433967610526,4.463690359503265e-05,2.1257764568180583e-05,13,13
B,483,20,0.1,0.46925,0,0.5285566924142873,0.7339981534844817,-0.20544146107019434,0.0035781708759463743,6,5
B,483,20,0.5,0.4075,0,0.5924350355948441,0.6791402077832002,-0.08670517218835616,0.0016228771539440632,6,5
B,483,20,0.9,0.3735,0,0.6228937325001123,0.6359119401771816,-0.013018207677069375,0.00025698473598051056,6,5
B,483,20,0.99,0.37,0,0.6269149619714965,0.6281390538761935,-0.001224091904697058,2.439513470044927e-05,6,5
B,483,20,0.999,0.3695,0,0.6272785450812615,0.627400215433288,-0.00012167035202679872,2.4269640818519435e-06,6,5
B,484,20,0.1,0.51175,0,0.6746941089231332,0.5247565259937333,0.14993758292939988,0.005304631898795333,17,17
B,484,20,0.5,0.56075,0,0.6899677762286449,0.6038727501452802,0.08609502608336464,0.00308292967934824,17,17
B,484,20,0.9,0.6235,0,0.7277997124137278,0.705038981249544,0.022760731164183912,0.0007538410333249087,17,17
B,484,20,0.99,0.63525,0,0.7428305088129149,0.7403016062609281,0.002528902551986763,8.149059150092553e-05,17,17
B,484,20,0.999,0.636,0,0.7445145974049097,0.7442592757392122,0.00025532166569740495,8.221831009976723e-06,17,17
B,485,20,0.1,0.494,0,0.6730909461342856,0.6708654120581363,0.002225534076149188,0.0047280112507727895,15,15
B,485,20,0.5,0.512,0,0.6925702960247008,0.6848839862060015,0.007686309818699338,0.002802310867043336,15,15
B,485,20,0.9,0.572,0,0.7229899241715338,0.7187265492698951,0.004263374901638749,0.0006552070026627912,15,15
B,485,20,0.99,0.59175,0,0.7322031123943302,0.7317261050704724,0.00047700732385781025,6.729964995366961e-05,15,15
B,485,20,0.999,0.593,0,0.7331652056696182,0.7331170975414305,4.810812818748417e-05,6.747147748896202e-06,15,15
B,486,20,0.1,0.492,0,0.5186956805807662,0.6694203279056621,-0.1507246473248959,0.005507939754153392,15,15
B,486,20,0.5,0.4505,0,0.6263706731582158,0.6965291707492536,-0.07015849759103782,0.0034688445579653337,15,15
B,486,20,0.9,0.419,0,0.7519130306379488,0.7641355063514625,-0.012222475713513809,0.0008551897351503913,15,15
B,486,20,0.99,0.396,0,0.792269136920347,0.7937034486703853,-0.0014343117500383662,9.177711780321903e-05,15,15
B,486,20,0.999,0.39325,0,0.7972362643292046,0.7973836357754196,-0.00014737144621506488,9.255967431686962e-06,15,15
B,487,20,0.1,0.51225,0,0.6678910488167171,0.5176986518352659,0.15019239698145131,0.005160317765241519,12,13
B,487,20,0.5,0.569,0,0.6808893554841209,0.5996496336082198,0.0812397218759011,0.002637613082879291,12,13
B,487,20,0.9,0.61075,0,0.7127259633600019,0.6947196691097718,0.018006294250230277,0.0005114430780873058,12,13
B,487,20,0.99,0.6225,0,0.7272486581934468,0.7253360230985456,0.0019126350949011303,5.1770483252087104e-05,12,13
B,487,20,0.999,0.62525,0,0.7288528930858464,0.7286604612939878,0.00019243179185857658,5.185300586843021e-06,12,13
B,488,20,0.1,0.512,0,0.4923928990061245,0.5071328245241117,-0.014739925517987222,0.005857047311778852,11,11
B,488,20,0.5,0.46925,0,0.5008439582128802,0.5473702600565743,-0.046526301843694204,0.003637819819160412,11,11
B,488,20,0.9,0.3065,0,0.5730498860388042,0.6111207413500258,-0.03807085531122154,0.0009756253523366675,11,11
B,488,20,0.99,0.27125,0,0.6217882896654778,0.626753455013333,-0.004965165347855272,0.00011032637564696313,11,11
B,488,20,0.999,0.2685,0,0.6278281169099882,0.6283375994097341,-0.0005094824997458282,1.1185167110335158e-05,11,11
B,489,20,0.1,0.48375,0,0.49261569539397965,0.6562446240177685,-0.1636289286237888,0.005182712853526259,16,16
B,489,20,0.5,0.41575,0,0.5424954285981991,0.6436031731389459,-0.10110774454074678,0.002849276562693697,16,16
B,489,20,0.9,0.35325,0,0.6444111953572271,0.6686003231819038,-0.024189127824676547,0.0006717972125797237,16,16
B,489,20,0.99,0.34125,0,0.6816444658687094,0.684336052482983,-0.0026915866142736057,7.327785147157825e-05,16,16
B,489,20,0.999,0.3385,0,0.6859563767274983,0.6862293004855056,-0.0002729237580070993,7.406254085217922e-06,16,16
B,490,20,0.1,0.50825,0,0.7332517239168286,0.7384957683503387,-0.005244044433510199,0.0038749570062282545,14,14
B,490,20,0.5,0.46625,0,0.6657151619363084,0.7172131978534206,-0.051498035917112155,0.002551078490867448,14,14
B,490,20,0.9,0.37225,0,0.7161809592322954,0.7416960818224143,-0.0255151225901188,0.0006948085938996116,14,14
B,490,20,0.99,0.35075,0,0.7617253327155623,0.7647031916658021,-0.002977858950239866,7.407396647209553e-05,14,14
B,490,20,0.999,0.34975,0,0.7672713838040429,0.7675736681886356,-0.0003022843845927037,7.44605232946881e-06,14,14
B,491,20,0.1,0.48075,0,0.5125215231741049,0.6548039961154326,-0.14228247294132768,0.004982771908263557,13,14
B,491,20,0.5,0.45,0,0.5803976367252695,0.6255053982504248,-0.04510776152515527,0.002245768857677765,13,14
B,491,20,0.9,0.47825,0,0.6536101648591389,0.6553104643507829,-0.0017002994916441375,0.00040108327861558714,13,14
B,491,20,0.99,0.49175,0,0.6701062302078453,0.6701112995035226,-5.069295677328542e-06,3.986600704268272e-05,13,14
B,491,20,0.999,0.49425,0,0.6717464645229597,0.6717453312182123,1.133304747355915e-06,3.985882737067189e-06,13,14
B,492,20,0.1,0.501,0,0.7392663973569101,0.7448069628476142,-0.0055405654907039565,0.003809566909973723,17,17
B,492,20,0.5,0.496,0,0.7218664057627568,0.7375794070768109,-0.015713001314054065,0.002284553064610608,17,17
B,492,20,0.9,0.509,0,0.7429044345297454,0.7477241346672925,-0.004819700137546999,0.0005529980121439121,17,17
B,492,20,0.99,0.516,0,0.7553975519446459,0.7559103447255819,-0.0005127927809361099,5.888620196850996e-05,17,17
B,492,20,0.999,0.516,0,0.756836911831695,0.7568884024081651,-5.149057647009672e-05,5.926359139539491e-06,17,17
B,493,20,0.1,0.49525,0,0.663970430237282,0.6626484605041153,0.0013219697331668652,0.004623579708888476,17,17
B,493,20,0.5,0.498,0,0.6760037908217362,0.6857077873859009,-0.009703996564164796,0.002484911572219906,17,17
B,493,20,0.9,0.5035,0,0.7684331944331168,0.7709669784511554,-0.002533784018038611,0.000542125982140945,17,17
B,493,20,0.99,0.514,0,0.8072861024720791,0.8074913991945941,-0.00020529672251505535,5.609127573503305e-05,17,17
B,493,20,0.999,0.51525,0,0.8115478415694627,0.811567653225091,-1.9811655628144047e-05,5.634461185210816e-06,17,17
B,494,20,0.1,0.48975,0,0.5016882541540507,0.6637299313646056,-0.16204167721055476,0.005118703913190886,14,16
B,494,20,0.5,0.40125,0,0.5533913506970956,0.6818726055165921,-0.12848125481949652,0.002688218501924994,14,16
B,494,20,0.9,0.2685,0,0.6993826490728113,0.7381161187166402,-0.03873346964382881,0.0005855762012700403,14,16
B,494,20,0.99,0.22,0,0.7817344348026458,0.7863547725021975,-0.004620337699551668,6.221786012589637e-05,14,16
B,494,20,0.999,0.2145,0,0.7930527273311979,0.7935244054438871,-0.00047167811268923685,6.271576702327597e-06,14,16
B,495,20,0.1,0.52025,0,0.6624902751819904,0.4956318366648833,0.16685843851710724,0.005097447745230761,12,12
B,495,20,0.5,0.6125,0,0.6546241456810071,0.5186056174950229,0.13601852818598417,0.0028561529638697564,12,12
B,495,20,0.9,0.784,0,0.6915076513128334,0.6416720191019026,0.04983563221093087,0.0007312206509692324,12,12
B,495,20,0.99,0.829,0,0.7247830189785985,0.7183393482769121,0.006443670701686402,8.745514000169349e-05,12,12
B,495,20,0.999,0.83325,0,0.7290189097064923,0.7283559677978652,0.0006629419086271202,8.958500646493815e-06,12,12
B,496,20,0.1,0.5115,0,0.6766674878645843,0.6755843523731616,0.0010831354914225876,0.004784502443808545,18,18
B,496,20,0.5,0.49975,0,0.6941667738853579,0.7147112241523141,-0.02054445026695618,0.003133736929099635,18,18
B,496,20,0.9,0.37925,0,0.748844079253884,0.7768449367435685,-0.028000857489684443,0.0010282675013230796,18,18
B,496,20,0.99,0.3465,0,0.7928182951210528,0.7968756803224489,-0.0040573852013960025,0.0001225326389384684,18,18
B,496,20,0.999,0.34475,0,0.7986042944331045,0.7990238673208184,-0.00041957288771402485,1.2482468488343719e-05,18,18
B,497,20,0.1,0.52425,0,0.670634388265154,0.6683958197273239,0.0022385685378300325,0.0048641181479167255,15,14
B,497,20,0.5,0.51225,0,0.6931733480938659,0.6992503155621906,-0.006076967468324666,0.0029591382249154175,15,14
B,497,20,0.9,0.4985,0,0.7411009971969285,0.7446885524434653,-0.0035875552465368856,0.0006602858122310389,15,14
B,497,20,0.99,0.49225,0,0.7568879480727732,0.7573061442473624,-0.0004181961745892654,6.782869736864421e-05,15,14
B,497,20,0.999,0.49125,0,0.758577970829567,0.758620320395291,-4.2349565724220816e-05,6.799635705761963e-06,15,14
B,498,20,0.1,0.49,0,0.530251898027329,0.6663819032187187,-0.1361300051913897,0.005298692871081781,19,19
B,498,20,0.5,0.44325,0,0.608425278358809,0.67331990557985,-0.06489462722104096,0.0030289615530443275,19,19
B,498,20,0.9,0.4275,0,0.6876181267722286,0.7010373532706488,-0.013419226498420075,0.0006983986451581396,19,19
B,498,20,0.99,0.42875,0,0.7090105223200808,0.7103875529515974,-0.0013770306315168109,7.325514783460831e-05,19,19
B,498,20,0.999,0.43075,0,0.7112468015192795,0.711385068753359,-0.00013826723407952936,7.363212536946669e-06,19,19
B,499,20,0.1,0.48075,0,0.5145294975704826,0.7384254115759649,-0.22389591400548237,0.004964247475335674,18,18
B,499,20,0.5,0.40675,0,0.5821171275942142,0.712137388464468,-0.13002026087025376,0.003013131078099015,18,18
B,499,20,0.9,0.3495,0,0.6842100394847531,0.7198032640098195,-0.03559322452506639,0.0008999990913215932,18,18
B,499,20,0.99,0.33825,0,0.7327516809622665,0.7369820134258841,-0.004230332463617651,0.00010811342773124986,18,18
B,499,20,0.999,0.33475,0,0.7386327740118175,0.7390647389682582,-0.00043196495644079317,1.1021989368013856e-05,18,18
B,500,20,0.1,0.49225,0,0.5197722550075503,0.6500522851686392,-0.13028003016108886,0.00520351616191609,12,12
B,500,20,0.5,0.49775,0,0.5973987542130149,0.6224963355594143,-0.025097581346399223,0.003335189745446049,12,12
B,500,20,0.9,0.59175,0,0.6678399178489368,0.6586406254908693,0.009199292358067582,0.001086748009755274,12,12
B,500,20,0.99,0.6245,0,0.6890571485349769,0.6877378223107496,0.0013193262242273372,0.0001245373947773761,12,12
B,500,20,0.999,0.6275,0,0.6914359840813549,0.6912993174789317,0.00013666660242305902,1.2615916787560751e-05,12,12
B,501,20,0.1,0.507,0,0.5033136474495883,0.5267085147510158,-0.02339486730142743,0.00588609563290797,17,17
B,501,20,0.5,0.4605,0,0.5594282983304365,0.6172170120565377,-0.05778871372610109,0.00396434067026739,17,17
B,501,20,0.9,0.44075,0,0.7054091932662727,0.7263275626604365,-0.020918369394163874,0.0012379445416705374,17,17
B,501,20,0.99,0.44725,0,0.7608307479723856,0.7631713751536991,-0.0023406271813136404,0.00014102483290809578,17,17
B,501,20,0.999,0.44725,0,0.7670757950154239,0.767311630214667,-0.00023583519924303726,1.428883011575408e-05,17,17
B,502,20,0.1,0.483,0,0.5346872458839309,0.6751316663868607,-0.14044442050292985,0.005278783574708901,16,17
B,502,20,0.5,0.4405,0,0.6203640262638931,0.6957657218402773,-0.07540169557638439,0.0031339901541238835,16,17
B,502,20,0.9,0.41825,0,0.7107163577211709,0.7256892320838301,-0.014972874362659237,0.0008391835069262139,16,17
B,502,20,0.99,0.417,0,0.7383467425949685,0.7399989892032941,-0.0016522466083255657,9.394916474575314e-05,16,17
B,502,20,0.999,0.41775,0,0.7414590685607348,0.7416260538010311,-0.0001669852402962648,9.510116874948876e-06,16,17
B,503,20,0.1,0.489,0,0.6666012985355799,0.7500179534535988,-0.08341665491801896,0.003620408716292058,18,18
B,503,20,0.5,0.42925,0,0.69114108107987,0.7544844887432397,-0.06334340766336984,0.0021202099886889515,18,18
B,503,20,0.9,0.29825,0,0.7631628109722819,0.7861783650839175,-0.02301555411163559,0.0005092252152265336,18,18
B,503,20,0.99,0.25725,0,0.7980318632946822,0.8008259077778729,-0.0027940444831907425,5.6334214427263e-05,18,18
B,503,20,0.999,0.2535,0,0.8022000658437567,0.8024848659110573,-0.0002848000673006741,5.694389552431297e-06,18,18
B,504,20,0.1,0.51325,0,0.7475411559633153,0.7494218549592001,-0.0018806989958849488,0.00339563760838042,20,20
B,504,20,0.5,0.49575,0,0.7440605787193149,0.7594483639365499,-0.015387785217235017,0.002168427600950836,20,20
B,504,20,0.9,0.469,0,0.7835539851282781,0.7905883776124661,-0.007034392484188069,0.000607146886918693,20,20
B,504,20,0.99,0.4695,0,0.8025043484872602,0.8033205869940274,-0.0008162385067671796,6.639953541721721e-05,20,20
B,504,20,0.999,0.46925,0,0.8046347898623876,0.8047168416183891,-8.205175600140074e-05,6.689285335623064e-06,20,20
B,505,20,0.1,0.50975,0,0.7495142885056768,0.6678694792789646,0.08164480922671223,0.004383182843288278,18,18
B,505,20,0.5,0.56425,0,0.7563550965919633,0.6931033393146674,0.06325175727729569,0.0027741390180271307,18,18
B,505,20,0.9,0.68425,0,0.7975005350011976,0.7762001239747877,0.021300411026409994,0.0007805905533874606,18,18
B,505,20,0.99,0.72375,0,0.8228699952814232,0.8202508429016334,0.002619152379789894,8.970769177025959e-05,18,18
B,505,20,0.999,0.7245,0,0.8260049532083434,0.8257383773398967,0.0002665758684467133,9.09752195257303e-06,18,18
B,506,20,0.1,0.507,0,0.5163157244539598,0.5028897714142803,0.013425953039679472,0.005659726382340688,17,17
B,506,20,0.5,0.5595,0,0.6007582476686482,0.551078123261482,0.04968012440716616,0.002795003027916946,17,17
B,506,20,0.9,0.724,0,0.7374813381724178,0.7138730042406075,0.023608333931810166,0.0004935276172044411,17,17
B,506,20,0.99,0.789,0,0.7878517056185392,0.784987168550897,0.002864537067642229,4.9330398132446414e-05,17,17
B,506,20,0.999,0.79875,0,0.793625811026956,0.7933335832147834,0.00029222781217263285,4.942667649334001e-06,17,17
B,507,20,0.1,0.495,0,0.6507591930598162,0.7410138516168459,-0.09025465855702967,0.004396247415806008,17,17
B,507,20,0.5,0.429,0,0.6107017233226266,0.7150465270237589,-0.10434480370113232,0.002727662259728944,17,17
B,507,20,0.9,0.34775,0,0.6472457779805011,0.6879055844441925,-0.04065980646369133,0.0007961104262219803,17,17
B,507,20,0.99,0.3345,0,0.6789407057139937,0.6836424529544866,-0.00470174724049291,8.995180242138951e-05,17,17
B,507,20,0.999,0.33375,0,0.6827892910779342,0.6832665797257348,-0.00047728864780069257,9.113814294492828e-06,17,17
B,508,20,0.1,0.49275,0,0.5028567608781259,0.5257825362512234,-0.022925775373097524,0.0058909092848606105,17,17
B,508,20,0.5,0.4525,0,0.5562825435041531,0.6190815671362039,-0.06279902363205071,0.004015189807849772,17,17
B,508,20,0.9,0.389,0,0.7229711206398654,0.7489968265325525,-0.026025705892687115,0.0012889556329398425,17,17
B,508,20,0.99,0.39175,0,0.7954399557104851,0.798348056964717,-0.002908101254231886,0.00014920238049156138,17,17
B,508,20,0.999,0.393,0,0.8037838541378303,0.8040774645481138,-0.00029361041028341605,1.5160718461320865e-05,17,17
B,509,20,0.1,0.493,0,0.7442721100074641,0.737864492744163,0.006407617263301036,0.0039163732812179195,17,17
B,509,20,0.5,0.494,0,0.7303624661409295,0.7164769629674218,0.01388550317350764,0.0025273263440296428,17,17
B,509,20,0.9,0.50725,0,0.7404595322603245,0.7315645301604213,0.008895002099902993,0.0006919136774011556,17,17
B,509,20,0.99,0.51025,0,0.7470004546374528,0.7459292715146733,0.0010711831227796394,7.42037843715559e-05,17,17
B,509,20,0.999,0.51075,0,0.7477467717222974,0.7476371331913585,0.00010963853093900127,7.476380216858904e-06,17,17
B,510,20,0.1,0.52575,0,0.7379048667987281,0.49748107765628724,0.24042378914244097,0.004964116152611149,15,15
B,510,20,0.5,0.642,0,0.7091288585005143,0.5205520547749014,0.188576803725613,0.0030963636171212534,15,15
B,510,20,0.9,0.773,0,0.702911236964846,0.6410072471583728,0.06190398980647346,0.0008637617758528123,15,15
B,510,20,0.99,0.7965,0,0.7028298483223732,0.6958407947567957,0.0069890535655774185,9.66064417772074e-05,15,15
B,510,20,0.999,0.79775,0,0.7028394306796906,0.702132122401341,0.0007073082783496716,9.774681606181547e-06,15,15
B,511,20,0.1,0.48725,0,0.5005004186444147,0.6605374436189267,-0.1600370249745121,0.005574754675666772,12,12
B,511,20,0.5,0.4675,0,0.5488125805046277,0.6554303961039036,-0.10661781559927593,0.003848478961842801,12,12
B,511,20,0.9,0.6175,0,0.7140500667693611,0.7238369689854626,-0.009786902216101536,0.0013141322680812108,12,12
B,511,20,0.99,0.697,0,0.7849228412678453,0.784765074401685,0.0001577668661602546,0.00015779653480873997,12,12
B,511,20,0.999,0.706,0,0.7930650213929966,0.7930359104701922,2.911092280446434e-05,1.610802879260018e-05,12,12
B,512,20,0.1,0.496,0,0.5160104854212566,0.5162019156940075,-0.00019143027275090764,0.00576770448949022,16,16
B,512,20,0.5,0.513,0,0.5920862300741109,0.5913458324260447,0.000740397648066077,0.003307260335591968,16,16
B,512,20,0.9,0.54425,0,0.71409220611462,0.7104095296364603,0.0036826764781595278,0.0007563188431092735,16,16
B,512,20,0.99,0.5565,0,0.750674245284005,0.7501748033517751,0.0004994419322297736,7.901653342902485e-05,16,16
B,512,20,0.999,0.55625,0,0.7545289229097597,0.7544775926830976,5.1330226662117296e-05,7.935835856929516e-06,16,16
B,513,20,0.1,0.50925,0,0.5245816789842956,0.5010379943813449,0.023543684602950678,0.006097411341232618,18,1
B,513,20,0.5,0.55575,0,0.611056225790145,0.501037994381345,0.11001823140879981,0.005150719151304632,18,1
B,513,20,0.9,0.70675,0,0.745963137145633,0.501037994381345,0.2449251427642881,0.004411821027600249,18,1
B,513,20,0.99,0.77625,0,0.8030003061778246,0.5010379943813451,0.3019623117964793,0.004249871484754973,18,1
B,513,20,0.999,0.7825,0,0.8096252822994395,0.501037994381345,0.3085872879180945,0.00423707683710841,18,1
B,514,20,0.1,0.51075,0,0.732172414044966,0.6566953241897068,0.07547708985525926,0.004337087611272136,17,17
B,514,20,0.5,0.52575,0,0.68475303455833,0.6599418215158516,0.024811213042478443,0.002756545213174867,17,17
B,514,20,0.9,0.48625,0,0.7022599521888917,0.7014975551154762,0.0007623970734156608,0.0007342282707168661,17,17
B,514,20,0.99,0.477,0,0.7178351789201783,0.7178515217651634,-1.6342844985116623e-05,7.958833541063892e-05,17,17
B,514,20,0.999,0.4745,0,0.7196572800415187,0.7196599680142589,-2.687972740063188e-06,8.0193218918998e-06,17,17
B,515,20,0.1,0.50725,0,0.5262691402028965,0.5200095185201481,0.0062596216827484315,0.005859040740919267,17,17
B,515,20,0.5,0.5185,0,0.5954342056303304,0.5815261687700204,0.013908036860310146,0.0036574966447993924,17,17
B,515,20,0.9,0.61225,0,0.702229633907281,0.668988460684627,0.03324117322265393,0.0012919780900227716,17,17
B,515,20,0.99,0.65525,0,0.7427594217489457,0.736019969748008,0.00673945200093765,0.00018121227486775406,17,17
B,515,20,0.999,0.65925,0,0.7473054559954165,0.7465874972206332,0.0007179587747834207,1.880813777551156e-05,17,17
B,516,20,0.1,0.51925,0,0.6760565984555467,0.4969412920687902,0.1791153063867564,0.0052648627972660565,17,17
B,516,20,0.5,0.64375,0,0.697315498230618,0.5160038990631005,0.18131159916751743,0.003276974882715839,17,17
B,516,20,0.9,0.856,0,0.7245624619497381,0.6504631806466493,0.07409928130308868,0.0009346744732636815,17,17
B,516,20,0.99,0.8905,0,0.7327424815830321,0.7239352982260093,0.008807183357022942,0.0001049873489641892,17,17
B,516,20,0.999,0.89425,0,0.7336062717461191,0.7327101240792446,0.0008961476668743499,1.0628333693402483e-05,17,17
B,517,20,0.1,0.50225,0,0.7416018614867083,0.7373460040094378,0.004255857477270421,0.0039442046842402415,16,16
B,517,20,0.5,0.5145,0,0.726886962980071,0.7205582813263542,0.006328681653716806,0.0023913206840355306,16,16
B,517,20,0.9,0.529,0,0.7606657525572441,0.7584434245490042,0.002222328008239966,0.0005392133526271263,16,16
B,517,20,0.99,0.534,0,0.7793152596396065,0.7790645635758225,0.00025069606378410323,5.55711224723157e-05,16,16
B,517,20,0.999,0.5345,0,0.7814414483272517,0.7814159267070191,2.5521620232573886e-05,5.5727072660380495e-06,16,16
B,518,20,0.1,0.51775,0,0.6638669355127108,0.5288521519935634,0.13501478351914734,0.005313538398830606,9,10
B,518,20,0.5,0.53425,0,0.6603786583566351,0.6171453977491439,0.043233260607491275,0.0033348220644968435,9,10
B,518,20,0.9,0.46075,0,0.7062108135960551,0.71569337609304,-0.009482562496984936,0.0011382880117270183,9,10
B,518,20,0.99,0.43275,0,0.7433985420078254,0.7450280184365963,-0.0016294764287709974,0.0001330301425961319,9,10
B,518,20,0.999,0.42975,0,0.7480453941437378,0.7482160465771148,-0.0001706524333770268,1.3500442182095841e-05,9,10
B,519,20,0.1,0.49325,0,0.5091535262588873,0.5177277077621287,-0.00857418150324146,0.005741227351328326,10,9
B,519,20,0.5,0.4365,0,0.514478736020189,0.5856481894259208,-0.07116945340573193,0.0035253408938685778,10,9
B,519,20,0.9,0.20875,0,0.6444529026159184,0.6977172997445762,-0.053264397128657846,0.0008649990234949782,10,9
B,519,20,0.99,0.1495,0,0.7316398443306498,0.7387103660601588,-0.007070521729509037,9.762657781901885e-05,10,9
B,519,20,0.999,0.14425,0,0.7425239530417563,0.7432511633072146,-0.0007272102654581152,9.912477379902795e-06,10,9
B,520,20,0.1,0.4985,0,0.5026239541283866,0.5238994032996894,-0.021275449171302776,0.005471588010700032,16,16
B,520,20,0.5,0.456,0,0.543729318822485,0.5871986223133949,-0.04346930349090991,0.0025128570741751862,16,16
B,520,20,0.9,0.3205,0,0.6786927457144772,0.698518604645911,-0.01982585893143358,0.0004599524150853292,16,16
B,520,20,0.99,0.2615,0,0.738654372912738,0.7410623967266892,-0.0024080238139511452,4.6840685740680696e-05,16,16
B,520,20,0.999,0.25525,0,0.7455502718547482,0.7457958076470637,-0.00024553579231548835,4.699525175137561e-06,16,16
B,521,20,0.1,0.514,0,0.6484533166607437,0.5189173553597454,0.12953596130099843,0.005186214877879368,18,18
B,521,20,0.5,0.5385,0,0.6292024798909858,0.5790234185804772,0.050179061310508456,0.0027207142709893043,18,18
B,521,20,0.9,0.501,0,0.6877948769534454,0.6840910248690282,0.003703852084417189,0.000562758289943392,18,18
B,521,20,0.99,0.4705,0,0.7296007713267212,0.7295832426745582,1.7528652163068522e-05,5.892324541245889e-05,18,18
B,521,20,0.999,0.46625,0,0.7348693394395347,0.7348717923458912,-2.452906356575052e-06,5.929625330064811e-06,18,18
B,522,20,0.1,0.51025,0,0.6747276535115636,0.6598479955587174,0.014879657952846135,0.004731286602132127,19,19
B,522,20,0.5,0.52925,0,0.706493968584569,0.6830144367520322,0.023479531832536957,0.0029622973039338534,19,19
B,522,20,0.9,0.58525,0,0.7920672816304084,0.7797482276781821,0.012319053952226402,0.0008852682654087512,19,19
B,522,20,0.99,0.602,0,0.8300035268967377,0.8283537041982223,0.001649822698515484,0.0001028196550098796,19,19
B,522,20,0.999,0.604,0,0.8343713771989594,0.8342002689471727,0.00017110825178662776,1.0453643411493444e-05,19,19
B,523,20,0.1,0.50125,0,0.5041311123166001,0.5005365758971482,0.0035945364194519026,0.005816177608458529,12,12
B,523,20,0.5,0.47325,0,0.5298089985891365,0.5445137236421933,-0.014704725053056814,0.003690546738204268,12,12
B,523,20,0.9,0.28575,0,0.6190841658794547,0.640416387134264,-0.02133222125480934,0.0010894600375062078,12,12
B,523,20,0.99,0.23775,0,0.6699760297675793,0.6729801504224617,-0.003004120654882314,0.00012395566965269812,12,12
B,523,20,0.999,0.23425,0,0.6762216376816735,0.6765318230183456,-0.00031018533667208424,1.2560543632663046e-05,12,12
B,524,20,0.1,0.48425,0,0.5186572666921841,0.6683427803408033,-0.14968551364861896,0.0049447910394995395,17,17
B,524,20,0.5,0.4135,0,0.5881189992802638,0.6742124556070788,-0.08609345632681503,0.0022751731428631693,17,17
B,524,20,0.9,0.2615,0,0.7343552606305186,0.7601696737057485,-0.025814413075229973,0.00044394349672280945,17,17
B,524,20,0.99,0.20025,0,0.8013933856202338,0.8044173032229286,-0.0030239176026948087,4.620006734631778e-05,17,17
B,524,20,0.999,0.19475,0,0.8091654798572827,0.8094729272415707,-0.00030744738428810354,4.6437586485596425e-06,17,17
B,525,20,0.1,0.50575,0,0.6772010609315381,0.6614405344974105,0.01576052643412775,0.004824191973429548,18,18
B,525,20,0.5,0.506,0,0.6991893400022524,0.6750369678632924,0.024152372138959977,0.0031864930882755074,18,18
B,525,20,0.9,0.477,0,0.7520881831759865,0.7455268546291816,0.006561328546804912,0.0008883477026575508,18,18
B,525,20,0.99,0.462,0,0.7740172414973986,0.773421276211963,0.0005959652854355527,9.622858092496968e-05,18,18
B,525,20,0.999,0.4595,0,0.7765210716998676,0.7764623717523764,5.869994749128678e-05,9.707881691283872e-06,18,18
B,526,20,0.1,0.491,0,0.6692258805182845,0.7358452877911424,-0.06661940727285806,0.004527193245333769,16,16
B,526,20,0.5,0.5045,0,0.7022873401453731,0.7133477236234617,-0.01106038347808864,0.00308823133529704,16,16
B,526,20,0.9,0.56325,0,0.7735270455800337,0.7694651671306988,0.004061878449334969,0.0009072868698724869,16,16
B,526,20,0.99,0.56975,0,0.8087859438232742,0.8083181412505096,0.00046780257276446234,9.801556153193665e-05,16,16
B,526,20,0.999,0.569,0,0.8131439353357678,0.8130978954083502,4.603992741753265e-05,9.877462733803335e-06,16,16
B,527,20,0.1,0.5015,0,0.666891005798399,0.6612081092004561,0.005682896597942934,0.004819909787877137,14,14
B,527,20,0.5,0.498,0,0.6701877222251353,0.6739440667320898,-0.003756344506954468,0.003337370776267496,14,14
B,527,20,0.9,0.55875,0,0.7321755254059781,0.7324345932595838,-0.0002590678536056701,0.0011655777835088202,14,14
B,527,20,0.99,0.59375,0,0.7667482561144349,0.7665561228115744,0.00019213330286064781,0.00013904357699312018,14,14
B,527,20,0.999,0.597,0,0.7709233143690541,0.7709011318951614,2.2182473892785367e-05,1.4148573643349745e-05,14,14
B,528,20,0.1,0.47325,0,0.5179913865439804,0.7347581584416985,-0.2167667718977179,0.004985350204717497,18,18
B,528,20,0.5,0.3995,0,0.5865431114924513,0.7105203298984805,-0.12397721840602904,0.003217722152923475,18,18
B,528,20,0.9,0.3675,0,0.7206474803255158,0.7517689402740436,-0.031121459948527757,0.0009396401832915411,18,18
B,528,20,0.99,0.365,0,0.7782154414352921,0.7817157149651036,-0.003500273529811648,0.00010430336544835573,18,18
B,528,20,0.999,0.36475,0,0.7849333172324588,0.7852880404119295,-0.0003547231794706598,1.0517801948560189e-05,18,18
B,529,20,0.1,0.51925,0,0.741573363314052,0.6647943174937245,0.07677904582032738,0.003908006212456183,18,2
B,529,20,0.5,0.5415,0,0.7404033645978109,0.6647943174937246,0.07560904710408628,0.0032485705788439577,18,2
B,529,20,0.9,0.57525,0,0.7800103379469862,0.6647943174937245,0.11521602045326167,0.0028873081362240077,18,2
B,529,20,0.99,0.60575,0,0.7979002121258375,0.6647943174937248,0.13310589463211273,0.0029381272742699744,18,2
B,529,20,0.999,0.61025,0,0.7999841041916796,0.6647943174937245,0.13518978669795512,0.0029472212672791358,18,2
B,530,20,0.1,0.498,0,0.7513961761422259,0.6566925611171633,0.09470361502506255,0.004556289770348406,14,14
B,530,20,0.5,0.56325,0,0.7503063882201048,0.6520043829603476,0.09830200525975706,0.0032461125110417413,14,14
B,530,20,0.9,0.64825,0,0.7615779691045854,0.7237657954480735,0.03781217365651192,0.0009628395770972712,14,14
B,530,20,0.99,0.6595,0,0.7659677148262853,0.7615734322811677,0.0043942825451177385,0.00010630893472908572,14,14
B,530,20,0.999,0.6615,0,0.7664530390818864,0.7660076699120129,0.00044536916987369637,1.0725960613452905e-05,14,14
B,531,20,0.1,0.4985,0,0.6591735879690663,0.6737643133602117,-0.014590725391145396,0.004844310655572806,17,17
B,531,20,0.5,0.4855,0,0.6696748763984901,0.6915660197582083,-0.02189114335971819,0.002970241204330005,17,17
B,531,20,0.9,0.50225,0,0.7509144808164326,0.7530989494615496,-0.002184468645117017,0.0006897216415650411,17,17
B,531,20,0.99,0.52825,0,0.7913776146533807,0.791237128204002,0.00014048644937877198,7.24903515095883e-05,17,17
B,531,20,0.999,0.53075,0,0.7962510390185458,0.7962314031040113,1.9635914534376116e-05,7.28439246171142e-06,17,17
B,532,20,0.1,0.4685,0,0.5015269897903384,0.7359460717898303,-0.23441908199949188,0.005029796544421443,4,16
B,532,20,0.5,0.33375,0,0.5032418955847225,0.6958736492509261,-0.19263175366620355,0.0030864297145941745,4,16
B,532,20,0.9,0.09175,0,0.5048693665693046,0.7166099647318366,-0.21174059816253202,0.0027545331637450895,4,16
B,532,20,0.99,0.06,0,0.5052288869525446,0.7361392746431304,-0.2309103876905859,0.0031313052999613978,4,16
B,532,20,0.999,0.0575,0,0.5052647380120845,0.7385045117971126,-0.23323977378502816,0.0031776143328531457,4,16
B,533,20,0.1,0.47675,0,0.503659071896316,0.738423705712208,-0.23476463381589208,0.004899221949667277,15,15
B,533,20,0.5,0.37275,0,0.5521960357613586,0.7021489750065891,-0.14995293924523054,0.002843109856545733,15,15
B,533,20,0.9,0.30775,0,0.674956837290425,0.7112763851123133,-0.036319547821888266,0.0006904094745224094,15,15
B,533,20,0.99,0.28925,0,0.7224191598183329,0.7262797993249389,-0.003860639506606148,7.31873639642831e-05,15,15
B,533,20,0.999,0.28775,0,0.7277908977969173,0.7281800450371169,-0.000389147240199496,7.367083120104555e-06,15,15
B,534,20,0.1,0.482,0,0.7462422138673701,0.6751412217615445,0.07110099210582566,0.0038632584682638206,18,18
B,534,20,0.5,0.50425,0,0.7398666680007719,0.7030255401753396,0.0368411278254325,0.0027660503559618185,18,18
B,534,20,0.9,0.52425,0,0.7899918482099739,0.7823298695553355,0.007661978654638476,0.0007542563103013852,18,18
B,534,20,0.99,0.5355,0,0.8293993038638625,0.828554163029033,0.0008451408348295515,7.804632211112116e-05,18,18
B,534,20,0.999,0.53675,0,0.8347339408242004,0.8346470490914012,8.68917327991538e-05,7.815656801368378e-06,18,18
B,535,20,0.1,0.47925,0,0.526775136369984,0.7360927517514342,-0.20931761538145013,0.0048976755575112045,10,10
B,535,20,0.5,0.43975,0,0.6061480824608968,0.6989453943729466,-0.09279731191204962,0.0027287581721493624,10,10
B,535,20,0.9,0.44925,0,0.6875038202535113,0.7045599453288114,-0.017056125075300195,0.0006493269534190671,10,10
B,535,20,0.99,0.45575,0,0.7106694869497158,0.7123982522447493,-0.0017287652950336593,6.87524194809302e-05,10,10
B,535,20,0.999,0.4565,0,0.7131371689673183,0.7133113165447673,-0.00017414757744904663,6.927108483155898e-06,10,10
B,536,20,0.1,0.521,0,0.7315521807564724,0.5031259462967534,0.22842623445971907,0.004898322071039733,6,6
B,536,20,0.5,0.6455,0,0.6978840227098693,0.5368053191801803,0.16107870352968898,0.003047412996968607,6,6
B,536,20,0.9,0.7695,0,0.6818035634861012,0.6375418759340099,0.04426168755209125,0.0008283189466002772,6,6
B,536,20,0.99,0.7875,0,0.6798842391849541,0.6751105011457736,0.00477373803918038,8.996605256061879e-05,6,6
B,536,20,0.999,0.78975,0,0.67971767811183,0.6792365946758385,0.000481083435991592,9.070491442907195e-06,6,6
B,537,20,0.1,0.47875,0,0.5147229777656334,0.670005966320778,-0.15528298855514458,0.005414429014656202,13,13
B,537,20,0.5,0.42525,0,0.5976259458457283,0.6802246614685807,-0.08259871562285254,0.003541405589025362,13,13
B,537,20,0.9,0.41325,0,0.7351026715379885,0.7468563231334208,-0.011753651595432226,0.0011565493167299446,13,13
B,537,20,0.99,0.406,0,0.7893622991145436,0.7902730630858151,-0.0009107639712714525,0.00013567850930098533,13,13
B,537,20,0.999,0.40475,0,0.7956518068818064,0.7957397558003495,-8.794891854310344e-05,1.3777567791074203e-05,13,13
B,538,20,0.1,0.47,0,0.5188460883972807,0.6694936614202134,-0.1506475730229327,0.00500331752313524,15,15
B,538,20,0.5,0.40225,0,0.5903082132752928,0.6785089573780752,-0.0882007441027824,0.0023820522112688214,15,15
B,538,20,0.9,0.2735,0,0.7239337683721639,0.7485811349499033,-0.024647366577739284,0.0004535360602400453,15,15
B,538,20,0.99,0.225,0,0.7739004595049066,0.7766458432456379,-0.0027453837407312768,4.5784000223777926e-05,15,15
B,538,20,0.999,0.219,0,0.7794890461709213,0.779766705407156,-0.00027765923623464505,4.585478546455878e-06,15,15
B,539,20,0.1,0.48175,0,0.5195853728256297,0.6588531334214417,-0.13926776059581206,0.005052670727002091,19,19
B,539,20,0.5,0.431,0,0.6073537417854884,0.6796480287637588,-0.07229428697827044,0.0024824896663468003,19,19
B,539,20,0.9,0.3945,0,0.7572184345612348,0.7741427616671847,-0.016924327105949794,0.0005343943034623168,19,19
B,539,20,0.99,0.37775,0,0.8073411363589696,0.809185798945972,-0.0018446625870023343,5.637677325561903e-05,19,19
B,539,20,0.999,0.3765,0,0.812780453047925,0.8129667496461555,-0.00018629659823038306,5.670682844630885e-06,19,19
B,540,20,0.1,0.48775,0,0.515804293272906,0.6599355577685816,-0.14413126449567554,0.00525774078027279,15,15
B,540,20,0.5,0.44325,0,0.5863231477140229,0.6660475130450847,-0.07972436533106163,0.003074822018056029,15,15
B,540,20,0.9,0.34675,0,0.697241661715206,0.7310643967399988,-0.03382273502479272,0.0009575099944712529,15,15
B,540,20,0.99,0.31525,0,0.7601997030078935,0.7654990690538955,-0.005299366046001895,0.00012801061756999822,15,15
B,540,20,0.999,0.31175,0,0.7689649084886878,0.7695215811428507,-0.0005566726541630144,1.3256550389766313e-05,15,15
B,541,20,0.1,0.52975,0,0.746627705053137,0.6598176323581697,0.08681007269496732,0.0043501008210266295,11,11
B,541,20,0.5,0.55775,0,0.7320925181230205,0.6725495902231612,0.05954292789985932,0.002756774928907101,11,11
B,541,20,0.9,0.5525,0,0.7594906878729303,0.7442735190934924,0.015217168779438005,0.000728475580441148,11,11
B,541,20,0.99,0.5515,0,0.7748353348042212,0.7732641944681284,0.001571140336092601,7.79004403037483e-05,11,11
B,541,20,0.999,0.55,0,0.7765844775093644,0.776426881808362,0.00015759570100244745,7.83838136373506e-06,11,11
B,542,20,0.1,0.4825,0,0.6618441623671384,0.7293201908486031,-0.06747602848146468,0.0038230269314644804,16,16
B,542,20,0.5,0.47825,0,0.6718912703051125,0.6960340041613747,-0.024142733856262175,0.002780132247231229,16,16
B,542,20,0.9,0.473,0,0.7247662796316736,0.7275920915503753,-0.0028258119187016782,0.0008319440962739451,16,16
B,542,20,0.99,0.47,0,0.7464885263856715,0.7468235418481717,-0.0003350154624999669,9.140578306498702e-05,16,16
B,542,20,0.999,0.46875,0,0.7489643574179337,0.7489980637501464,-3.370633221285192e-05,9.211701186731105e-06,16,16
B,543,20,0.1,0.48675,0,0.5190395251203312,0.7520818396347915,-0.23304231451445998,0.005037490986087289,18,18
B,543,20,0.5,0.371,0,0.5731232678105411,0.7561422404848636,-0.1830189726743224,0.0031413507430432335,18,18
B,543,20,0.9,0.19325,0,0.7155523738460543,0.7816777464076288,-0.06612537256157447,0.0008887969916539536,18,18
B,543,20,0.99,0.16575,0,0.785283277046482,0.7930312468705069,-0.0077479698240248895,0.00010268019303365973,18,18
B,543,20,0.999,0.16325,0,0.7935333989576756,0.7943200782586038,-0.0007866793009281157,1.0442137143184822e-05,18,18
B,544,20,0.1,0.485,0,0.5262173610169527,0.6624406242809048,-0.13622326326395215,0.0031679805577235387,15,15
B,544,20,0.5,0.4435,0,0.6058395069948365,0.6631303274581353,-0.057290820463298885,0.0015110474440496562,15,15
B,544,20,0.9,0.43375,0,0.6869457976851678,0.6960478390772327,-0.009102041392064898,0.0002743790864623476,15,15
B,544,20,0.99,0.43275,0,0.708858238669063,0.7097254218549718,-0.0008671831859088241,2.6925734337359137e-05,15,15
B,544,20,0.999,0.4325,0,0.7111513580450359,0.7112376716119334,-8.63135668973355e-05,2.6886935998314284e-06,15,15
B,545,20,0.1,0.51925,0,0.7428998470406504,0.665650381479111,0.0772494655615393,0.0043016149122313534,17,17
B,545,20,0.5,0.5575,0,0.7316344679258002,0.6800294718867924,0.05160499603900778,0.002614561104700736,17,17
B,545,20,0.9,0.60525,0,0.7550230404409402,0.7421198235687093,0.01290321687223081,0.0006575319453777368,17,17
B,545,20,0.99,0.6105,0,0.7662836571762717,0.7649195338998692,0.0013641232764024674,7.010792276759827e-05,17,17
B,545,20,0.999,0.611,0,0.7675286011641757,0.7673911488113413,0.0001374523528344098,7.048895397601547e-06,17,17
B,546,20,0.1,0.532,0,0.7448933795244222,0.5143176675917821,0.23057571193264004,0.005000295591981363,17,18
B,546,20,0.5,0.6165,0,0.7333289068407856,0.5942036851593953,0.13912522168139013,0.002852371828266196,17,18
B,546,20,0.9,0.694,0,0.7436666129347169,0.7133236083451759,0.030343004589541082,0.0006270519186745433,17,18
B,546,20,0.99,0.70725,0,0.7515837490736922,0.7484949398081271,0.003088809265564952,6.525719679018254e-05,17,18
B,546,20,0.999,0.70875,0,0.752530197806047,0.7522205080119895,0.00030968979405764476,6.553095049830054e-06,17,18
B,547,20,0.1,0.5005,0,0.4958017890985662,0.4985750463149509,-0.002773257216384695,0.005866741082077381,14,13
B,547,20,0.5,0.51975,0,0.5510882035664983,0.5234193465695748,0.02766885699692353,0.0037081175734529617,14,13
B,547,20,0.9,0.58975,0,0.6628612258081407,0.640461276664545,0.02239994914359562,0.0011016299337069638,14,13
B,547,20,0.99,0.601,0,0.6954415443332032,0.6925695427003862,0.002872001632816965,0.00012539852210485288,14,13
B,547,20,0.999,0.602,0,0.698852977987356,0.6985588555087806,0.00029412247857537086,1.2709978504670389e-05,14,13
B,548,20,0.1,0.46875,0,0.5213109663391159,0.742030983219726,-0.22072001688061013,0.003776114961451431,17,17
B,548,20,0.5,0.39575,0,0.6106998460233565,0.7215477944391381,-0.11084794841578159,0.0021292094881907105,17,17
B,548,20,0.9,0.36775,0,0.7344260892788659,0.7538936654676702,-0.01946757618880429,0.0004907754596207176,17,17
B,548,20,0.99,0.37725,0,0.7894064016919062,0.7911205521190809,-0.0017141504271748129,4.89792440586036e-05,17,17
B,548,20,0.999,0.37925,0,0.7959439515768171,0.7961126712845915,-0.00016871970777434175,4.887014235032391e-06,17,17
B,549,20,0.1,0.4855,0,0.5095151320162075,0.7386782223969586,-0.22916309038075106,0.0049572002184876274,16,16
B,549,20,0.5,0.3985,0,0.6029970500689865,0.7311690136847445,-0.12817196361575817,0.0029942897722904285,16,16
B,549,20,0.9,0.34025,0,0.738681897154934,0.7675726730967598,-0.028890775941825722,0.0007337689012758172,16,16
B,549,20,0.99,0.33125,0,0.7802073231797864,0.7832588158435511,-0.003051492663764744,7.80584903138616e-05,16,16
B,549,20,0.999,0.331,0,0.7846834464351095,0.784990323405285,-0.0003068769701755193,7.857064067082839e-06,16,16
B,550,20,0.1,0.49725,0,0.743868882811895,0.7311611846871102,0.012707698124784792,0.003963754097601502,18,18
B,550,20,0.5,0.53675,0,0.7225458143669493,0.6967585469561911,0.025787267410758156,0.0024674503015796575,18,18
B,550,20,0.9,0.6205,0,0.7198901177194986,0.7092142096983864,0.010675908021112466,0.0006040165673149568,18,18
B,550,20,0.99,0.6515,0,0.7251333095257331,0.7237971062202334,0.0013362033054997839,6.478477899126287e-05,18,18
B,550,20,0.999,0.654,0,0.725778078655594,0.725641473248589,0.00013660540700510614,6.524160131933932e-06,18,18
B,551,20,0.1,0.515,0,0.7446747806727663,0.6579609181470463,0.08671386252572003,0.004370205716062901,18,18
B,551,20,0.5,0.56275,0,0.7344878441764531,0.6504468722766539,0.08404097189979927,0.0026054429878848485,18,18
B,551,20,0.9,0.661,0,0.7352317486275026,0.705818952033129,0.029412796594373576,0.0006550529115580885,18,18
B,551,20,0.99,0.68425,0,0.7365311289647524,0.7332433807423465,0.0032877482224058737,7.044004308823045e-05,18,18
B,551,20,0.999,0.6875,0,0.7366839919191517,0.7363515854499171,0.00033240646923468365,7.095404330563719e-06,18,18
B,552,20,0.1,0.507,0,0.7437797044935909,0.7432593554534499,0.000520349040141053,0.003959185184855323,17,17
B,552,20,0.5,0.49775,0,0.7286074237210302,0.7271686905072634,0.0014387332137668462,0.0025476220722581793,17,17
B,552,20,0.9,0.4825,0,0.7731280084017463,0.7715451984507271,0.0015828099510192685,0.0006191328872500474,17,17
B,552,20,0.99,0.48025,0,0.7971923143220982,0.7969213825177024,0.0002709318043958371,6.54476380187114e-05,17,17
B,552,20,0.999,0.47975,0,0.7999333942530703,0.7999036485137385,2.974573933171e-05,6.598462271803633e-06,17,17
B,553,20,0.1,0.514,0,0.6480836183478691,0.5239081024248297,0.12417551592303944,0.005267125587475291,16,16
B,553,20,0.5,0.52125,0,0.6443626982246093,0.6167629764958769,0.027599721728732454,0.003275534976149816,16,16
B,553,20,0.9,0.368,0,0.7059995429034805,0.7305714730874503,-0.02457193018396974,0.0009906222048181616,16,16
B,553,20,0.99,0.29725,0,0.7611321250911847,0.7653248987991134,-0.004192773707928726,0.0001149782056447137,16,16
B,553,20,0.999,0.29075,0,0.7686787160719573,0.7691189398758218,-0.00044022380386449553,1.1670788269361641e-05,16,16
B,554,20,0.1,0.492,0,0.6699671357046157,0.6751046070859554,-0.005137471381339683,0.004918651861470917,15,17
B,554,20,0.5,0.4955,0,0.7100123767992409,0.7057178785101251,0.004294498289115699,0.003082837731722645,15,17
B,554,20,0.9,0.5125,0,0.8042967286009666,0.8044163029358387,-0.0001195743348719768,0.0010316323583271956,15,17
B,554,20,0.99,0.49875,0,0.8476899150830004,0.8536819401514733,-0.005992025068472722,0.0005388765335393626,15,17
B,554,20,0.999,0.49625,0,0.8528979914117275,0.8594310793712492,-0.0065330879595217,0.0005207725744672867,15,17
B,555,20,0.1,0.52375,0,0.6716584920263164,0.5270787477289441,0.14457974429737236,0.005337771788936975,14,13
B,555,20,0.5,0.54025,0,0.6991131464810791,0.6252075764578736,0.07390557002320554,0.0033652995039358978,14,13
B,555,20,0.9,0.4915,0,0.7764286305444571,0.7497605178578829,0.026668112686574305,0.0015387051513143658,14,13
B,555,20,0.99,0.4605,0,0.8144717092115047,0.7865807516711614,0.027890957540343365,0.0011691072197061818,14,13
B,555,20,0.999,0.45725,0,0.8190804302625417,0.7904865704304254,0.02859385983211638,0.001144740339436463,14,13
B,556,20,0.1,0.5115,0,0.5145648042910974,0.5145648042910974,-3.4590386110977533e-18,5.040061158218753e-18,12,12
B,556,20,0.5,0.5115,0,0.5763645055251067,0.5763645055251067,1.1032841307212493e-18,1.3443569950096535e-18,12,12
B,556,20,0.9,0.5115,0,0.6436719325850915,0.6436719325850915,-2.012279232133096e-18,9.60373096530155e-19,12,12
B,556,20,0.99,0.5115,0,0.6678367307809848,0.6678367307809848,-9.298117831235687e-19,1.17048722421056e-18,12,12
B,556,20,0.999,0.5115,0,0.6705906950083314,0.6705906950083314,8.743006318923108e-19,1.0223856408028485e-18,12,12
B,557,20,0.1,0.4685,0,0.5087420270519964,0.6540073705962098,-0.14526534354421344,0.005153801143934391,2,4
B,557,20,0.5,0.42825,0,0.5490558466693866,0.6171539813914138,-0.06809813472202716,0.0027117649070034656,2,4
B,557,20,0.9,0.41525,0,0.5723954264478754,0.584751363346978,-0.012355936899102509,0.0005318206254877649,2,4
B,557,20,0.99,0.4135,0,0.576353772264579,0.5775692935085124,-0.0012155212439332783,5.304887531194101e-05,2,4
B,557,20,0.999,0.413,0,0.5767300032326533,0.5768513662768596,-0.00012136304420640732,5.303683335180812e-06,2,4
B,558,20,0.1,0.5135,0,0.6600154401123254,0.5193113075794722,0.14070413253285313,0.0052458644990001765,15,15
B,558,20,0.5,0.55075,0,0.6523544449960391,0.5629817055046161,0.08937273949142294,0.0031617423325543867,15,15
B,558,20,0.9,0.55175,0,0.6774469046642222,0.6450639995210309,0.03238290514319135,0.0009768670657934139,15,15
B,558,20,0.99,0.54875,0,0.6920852474454694,0.6881974678510733,0.0038877795943960763,0.0001143357266308278,15,15
B,558,20,0.999,0.5495,0,0.6937968092519096,0.6934000309563002,0.00039677829560931657,1.1617909459829365e-05,15,15
B,559,20,0.1,0.4935,0,0.5182391075677508,0.5040075308968427,0.01423157667090806,0.006184548773152781,15,1
B,559,20,0.5,0.54125,0,0.5973680858384941,0.5040075308968428,0.09336055494165138,0.0052466704330626605,15,1
B,559,20,0.9,0.68425,0,0.7203302442794646,0.5040075308968428,0.2163227133826217,0.004476011676758676,15,1
B,559,20,0.99,0.7225,0,0.7717161318298759,0.5040075308968429,0.26770860093303295,0.004100981241531996,15,1
B,559,20,0.999,0.72725,0,0.77793915296093,0.5040075308968428,0.27393162206408717,0.004055630556088255,15,1
B,560,20,0.1,0.5055,0,0.5172451653026354,0.5229640645769296,-0.005718899274294299,0.005586733340338514,11,11
B,560,20,0.5,0.48575,0,0.5972006169104345,0.6159254905769724,-0.0187248736665377,0.002809158399135711,11,11
B,560,20,0.9,0.44375,0,0.7216906351555487,0.7311178774190202,-0.009427242263471669,0.000583754821154505,11,11
B,560,20,0.99,0.42775,0,0.764399949803031,0.765566474310577,-0.0011665245075460416,6.0823052217659535e-05,11,11
B,560,20,0.999,0.4255,0,0.7691193675905154,0.7692382686260187,-0.00011890103550346438,6.111953744907791e-06,11,11
B,561,20,0.1,0.477,0,0.5019775380008773,0.7310693863090432,-0.22909184830816587,0.00486461328918456,19,19
B,561,20,0.5,0.39825,0,0.5546598018513411,0.6890268504473617,-0.13436704859602047,0.002872710465967823,19,19
B,561,20,0.9,0.2795,0,0.6907601535880573,0.7303618965726437,-0.03960174298458639,0.000730565919074092,19,19
B,561,20,0.99,0.23075,0,0.7795928210716059,0.7848571742246575,-0.005264353153051658,8.438559828723142e-05,19,19
B,561,20,0.999,0.22225,0,0.7917930735761425,0.7923371945201647,-0.0005441209440224187,8.603847390326666e-06,19,19
B,562,20,0.1,0.5275,0,0.7463371199390326,0.5202177943111481,0.22611932562788434,0.004993618171262631,20,20
B,562,20,0.5,0.61025,0,0.7473615044365685,0.6166570450369927,0.13070445939957567,0.0030049193284446144,20,20
B,562,20,0.9,0.7255,0,0.8032054822466828,0.7607148175503192,0.04249066469636358,0.0007909436030692381,20,20
B,562,20,0.99,0.76625,0,0.8294565345528595,0.8240471368064868,0.005409397746372715,9.141693384370196e-05,20,20
B,562,20,0.999,0.7675,0,0.8323989245406395,0.8318444642814524,0.0005544602591869656,9.303994474209222e-06,20,20
B,563,20,0.1,0.505,0,0.6654428691873984,0.6680195505092009,-0.0025766813218025984,0.0045543212680046715,18,18
B,563,20,0.5,0.47825,0,0.6666657479635714,0.6932102099573859,-0.02654446199381469,0.002248499824409978,18,18
B,563,20,0.9,0.337,0,0.7434332895943828,0.7617109117230432,-0.018277622128660225,0.0004545103788283669,18,18
B,563,20,0.99,0.252,0,0.8084154198728295,0.8110106776878975,-0.002595257815067865,4.7917509837373276e-05,18,18
B,563,20,0.999,0.2415,0,0.8172989296521835,0.8175674794401957,-0.00026854978801220197,4.826513538275698e-06,18,18
B,564,20,0.1,0.4835,0,0.5255948105098032,0.6780665945154122,-0.15247178400560885,0.00531285866164062,14,14
B,564,20,0.5,0.439,0,0.62669644895276,0.6982489617256649,-0.07155251277290506,0.003022600847225678,14,14
B,564,20,0.9,0.493,0,0.7469912684165286,0.7507880720929732,-0.003796803676444518,0.0007371273897214467,14,14
B,564,20,0.99,0.53375,0,0.7815045287150408,0.7812027368366091,0.00030179187843166946,8.275178358243736e-05,14,14
B,564,20,0.999,0.53875,0,0.7851566075022067,0.785118056104238,3.855139796863111e-05,8.379940637105957e-06,14,14
B,565,20,0.1,0.5175,0,0.7557939961787783,0.6730927806490442,0.08270121552973424,0.003670180272012457,19,19
B,565,20,0.5,0.56925,0,0.7439658168237532,0.6814718204393926,0.062493996384360505,0.002158522407793786,19,19
B,565,20,0.9,0.649,0,0.7542347084349643,0.7347698148401318,0.019464893594832566,0.0005060153173363366,19,19
B,565,20,0.99,0.67475,0,0.7599840155025412,0.7578146330480604,0.0021693824544809248,5.349838895042904e-05,19,19
B,565,20,0.999,0.6765,0,0.7606153908300792,0.7603961885865319,0.00021920224354727975,5.38131366749959e-06,19,19
B,566,20,0.1,0.49175,0,0.7472251663327761,0.7430237958534703,0.004201370479305815,0.0033280834111226367,13,13
B,566,20,0.5,0.5115,0,0.7441317362446097,0.732967225637361,0.011164510607248674,0.001745088938341325,13,13
B,566,20,0.9,0.517,0,0.7894922364363677,0.7863258664405951,0.0031663699957724606,0.00039768787014509815,13,13
B,566,20,0.99,0.51975,0,0.8131305067854869,0.8127698287858202,0.00036067799966666336,4.331016491223764e-05,13,13
B,566,20,0.999,0.51925,0,0.8158177585551275,0.8157815285854025,3.6229969725101774e-05,4.3701947654073446e-06,13,13
B,567,20,0.1,0.5,0,0.5225487859596791,0.6765992799974636,-0.1540504940377845,0.005251429110007969,15,15
B,567,20,0.5,0.42825,0,0.6137510233073251,0.7130136767804666,-0.09926265347314132,0.003251192360606254,15,15
B,567,20,0.9,0.30025,0,0.7552214980280202,0.7923260619586073,-0.037104563930587045,0.0008831752149758865,15,15
B,567,20,0.99,0.265,0,0.8141037818137674,0.8187184451997509,-0.004614663385983526,9.814915297793372e-05,15,15
B,567,20,0.999,0.2615,0,0.8210751958152598,0.8215472155959812,-0.0004720197807214237,9.936866496631179e-06,15,15
B,568,20,0.1,0.5055,0,0.5210157968002181,0.5214516339506746,-0.0004358371504564751,0.005842501688007162,18,18
B,568,20,0.5,0.48825,0,0.5880555488264337,0.6058833760586307,-0.017827827232196804,0.0035488080152786456,18,18
B,568,20,0.9,0.46425,0,0.6771768019635269,0.6855428045766243,-0.008366002613097319,0.0008758952827354387,18,18
B,568,20,0.99,0.45925,0,0.7042523089502174,0.7052457459642792,-0.000993437014061824,9.303224502149426e-05,18,18
B,568,20,0.999,0.4595,0,0.7071713514589799,0.7072721765591591,-0.00010082510017908874,9.360343159433663e-06,18,18
B,569,20,0.1,0.5475,0,0.7470500912580686,0.5016798944821892,0.24537019677587935,0.005011835980177713,17,2
B,569,20,0.5,0.684,0,0.7381577628932476,0.4990146668386629,0.2391430960545848,0.0037507628434890194,17,2
B,569,20,0.9,0.86125,0,0.7754133255286251,0.49747164030820024,0.27794168522042473,0.003332035652607847,17,2
B,569,20,0.99,0.89675,0,0.7968371368782539,0.4972099461101944,0.29962719076805944,0.0034020109565009553,17,2
B,569,20,0.999,0.89975,0,0.799295567332124,0.4971850727246986,0.30211049460742556,0.003414166341958767,17,2
B,570,20,0.1,0.5015,0,0.6549379124191982,0.5194933004150257,0.1354446120041725,0.005388404266933977,13,15
B,570,20,0.5,0.53,0,0.6457202598092556,0.5893349327283427,0.05638532708091302,0.0035610087942653202,13,15
B,570,20,0.9,0.50075,0,0.6704937070285816,0.6674796423501067,0.003014064678474844,0.001010931590283054,13,15
B,570,20,0.99,0.48775,0,0.6880378344462802,0.6881405244509727,-0.00010269000469271224,0.00011294887736855785,13,15
B,570,20,0.999,0.486,0,0.6902663440913464,0.6902814619658748,-1.5117874528381258e-05,1.142797742151091e-05,13,15
B,571,20,0.1,0.53875,0,0.658334171039163,0.4970169888119243,0.16131718222723873,0.005200098540380831,9,9
B,571,20,0.5,0.6015,0,0.6445345434162174,0.5260911322837638,0.11844341113245353,0.0031218277654810984,9,9
B,571,20,0.9,0.592,0,0.6726441901328656,0.6439259805043714,0.028718209628494116,0.0008879846579388241,9,9
B,571,20,0.99,0.56225,0,0.6916707147493892,0.6887835059308841,0.0028872088185051465,9.87249144948568e-05,9,9
B,571,20,0.999,0.55675,0,0.6939944419575309,0.693704995174684,0.00028944678284695713,9.972124030661029e-06,9,9
B,572,20,0.1,0.4745,0,0.5042829899139574,0.6708955196416598,-0.1666125297277023,0.005308320085076799,16,16
B,572,20,0.5,0.3815,0,0.5268678805426535,0.6760035282778888,-0.1491356477352353,0.0032359293049623,16,16
B,572,20,0.9,0.29025,0,0.633689094582578,0.6781535931622068,-0.04446449857962874,0.0008122089421595094,16,16
B,572,20,0.99,0.28325,0,0.6745626441551107,0.6793879482183652,-0.004825304063254481,8.735011468303619e-05,16,16
B,572,20,0.999,0.282,0,0.679058338442128,0.6795446765996085,-0.000486338157480504,8.803549870814087e-06,16,16
B,573,20,0.1,0.477,0,0.5006896117998599,0.7470836792287482,-0.2463940674288882,0.004939482750141063,16,16
B,573,20,0.5,0.356,0,0.5577137322034503,0.7386479070682453,-0.1809341748647949,0.002784121597887361,16,16
B,573,20,0.9,0.1825,0,0.7098739238492224,0.7598213676378016,-0.04994744378857916,0.0006049263864128841,16,16
B,573,20,0.99,0.13825,0,0.7705043760540461,0.7760604310640149,-0.005556055009968776,6.328090578312654e-05,16,16
B,573,20,0.999,0.13375,0,0.7774592261037169,0.7780212790240459,-0.0005620529203290838,6.364211470055975e-06,16,16
B,574,20,0.1,0.49525,0,0.6591961424748105,0.6676777744667373,-0.008481631991926832,0.004889554892949659,18,18
B,574,20,0.5,0.46925,0,0.6420089099153377,0.6793091851993638,-0.0373002752840262,0.0033214803314351882,18,18
B,574,20,0.9,0.32125,0,0.6962887117185341,0.7432962536409741,-0.04700754192243994,0.001193033582272208,18,18
B,574,20,0.99,0.2585,0,0.7707131247121395,0.7789766706642381,-0.008263545952098671,0.00016042517639639622,18,18
B,574,20,0.999,0.24975,0,0.7823385446962361,0.7832202300286281,-0.0008816853323920159,1.6662553768806724e-05,18,18
B,575,20,0.1,0.506,0,0.7424481022133921,0.6669952894131426,0.07545281280024957,0.0045046117102214706,18,18
B,575,20,0.5,0.52675,0,0.7238193936074298,0.693588624773506,0.030230768833923796,0.003063124263386747,18,18
B,575,20,0.9,0.53525,0,0.7467455975123439,0.7454308965877515,0.0013147009245924482,0.0008966716590808795,18,18
B,575,20,0.99,0.5415,0,0.7634711659296106,0.7634721491522827,-9.832226720377786e-07,9.917010111901555e-05,18,18
B,575,20,0.999,0.54175,0,0.7654568182548156,0.7654582929608766,-1.474706060988859e-06,1.0012283038061472e-05,18,18
B,576,20,0.1,0.4785,0,0.5115493767092574,0.6716237516343714,-0.16007437492511406,0.005343025238706991,11,11
B,576,20,0.5,0.40125,0,0.5333810906533577,0.6793681326717451,-0.14598704201838755,0.003440522775801897,11,11
B,576,20,0.9,0.32325,0,0.6458069097649397,0.6915290824238407,-0.04572217265890096,0.0008689124531613017,11,11
B,576,20,0.99,0.3065,0,0.689571928630214,0.6945882525014593,-0.00501632387124529,9.236856379926233e-05,11,11
B,576,20,0.999,0.30475,0,0.6943774744816186,0.6948836989336628,-0.0005062244520441835,9.295756459433613e-06,11,11
B,577,20,0.1,0.50475,0,0.741807197285839,0.6656962986969425,0.0761108985888966,0.004529595702987567,17,17
B,577,20,0.5,0.52425,0,0.7291306927161849,0.6931480069671354,0.03598268574904942,0.00303120009766632,17,17
B,577,20,0.9,0.5475,0,0.7771698582161641,0.7639385242672586,0.01323133394890562,0.0008395348479339123,17,17
B,577,20,0.99,0.5605,0,0.7968045857693523,0.7951259811230325,0.0016786046463199064,9.201729438109262e-05,17,17
B,577,20,0.999,0.563,0,0.7989138225538074,0.7987409115873962,0.00017291096641104247,9.309655481586398e-06,17,17
B,578,20,0.1,0.502,0,0.664175582726621,0.6720605791042438,-0.007884996377622714,0.00366875883168668,13,14
B,578,20,0.5,0.4825,0,0.6754389736388646,0.6973704996658835,-0.02193152602701891,0.0019489232295895938,13,14
B,578,20,0.9,0.50525,0,0.754377356471306,0.7531431233102656,0.0012342331610405214,0.0004237810575210486,13,14
B,578,20,0.99,0.562,0,0.7981642464888045,0.7973734625696571,0.0007907839191473636,4.772478578121298e-05,13,14
B,578,20,0.999,0.56875,0,0.8038983393443494,0.8038095393934774,8.879995087198014e-05,4.871837171123159e-06,13,14
B,579,20,0.1,0.51625,0,0.7379283714605757,0.6639510065965366,0.07397736486403918,0.004313271823404997,14,14
B,579,20,0.5,0.536,0,0.690317963886693,0.6674575601713827,0.022860403715310257,0.002602695740991763,14,14
B,579,20,0.9,0.47475,0,0.6833381312646132,0.6925339953971715,-0.009195864132558598,0.0006524800931997424,14,14
B,579,20,0.99,0.4505,0,0.6996962498716344,0.7011047080443172,-0.0014084581726829084,7.225968571618865e-05,14,14
B,579,20,0.999,0.4475,0,0.7018882535693767,0.702034590042201,-0.00014633647282425688,7.307827657187996e-06,14,14
B,580,20,0.1,0.54025,0,0.7471495768231694,0.49244930688670024,0.2547002699364691,0.004974457232847185,17,17
B,580,20,0.5,0.65375,0,0.7356129195677027,0.5317858360279818,0.20382708353972073,0.003385596678975035,17,17
B,580,20,0.9,0.78725,0,0.7639581387812782,0.6864755815699958,0.07748255721128229,0.0010857353560893058,17,17
B,580,20,0.99,0.817,0,0.7840224716201157,0.7746422631551882,0.00938020846492741,0.0001254808811303332,17,17
B,580,20,0.999,0.8195,0,0.7864299453246901,0.7854739664810018,0.0009559788436883243,1.2743737483969563e-05,17,17
B,581,20,0.1,0.51075,0,0.496358464360616,0.5153332154814646,-0.01897475112084866,0.005884494208916091,3,15
B,581,20,0.5,0.4515,0,0.5004432524471194,0.5747218002072454,-0.07427854776012598,0.004308350391307846,3,15
B,581,20,0.9,0.34525,0,0.5045280405336228,0.6694438883917919,-0.1649158478581692,0.004048108331193348,3,15
B,581,20,0.99,0.33175,0,0.5054471178530862,0.7255254429975926,-0.22007832514450648,0.0038177240733109725,3,15
B,581,20,0.999,0.32825,0,0.5055390255850323,0.7330078422009485,-0.22746881661591614,0.003784066396877068,3,15
B,582,20,0.1,0.52075,0,0.7484465548385205,0.5101402488735931,0.2383063059649275,0.004959690054181154,20,20
B,582,20,0.5,0.6155,0,0.7375871656706003,0.5829034924150578,0.1546836732555427,0.0028533241744495784,20,20
B,582,20,0.9,0.71075,0,0.7394317099320856,0.692555825348926,0.046875884583159576,0.0008571574982650422,20,20
B,582,20,0.99,0.7305,0,0.7432497949227674,0.7375107726269865,0.005739022295780912,0.0001114201638197849,20,20
B,582,20,0.999,0.73225,0,0.7437153368241515,0.7431286271196993,0.0005867097044520632,1.1466934589475978e-05,20,20
B,583,20,0.1,0.4895,0,0.6776987188698933,0.7556281050644127,-0.07792938619451935,0.0036442773274946117,19,19
B,583,20,0.5,0.44575,0,0.6997941416228073,0.7619212415367796,-0.06212709991397232,0.0022801370627732825,19,19
B,583,20,0.9,0.352,0,0.7761405352329693,0.797512712966636,-0.021372177733666533,0.0006167843968395542,19,19
B,583,20,0.99,0.3315,0,0.8137654069406152,0.8161991742179955,-0.002433767277380274,6.791959614373836e-05,19,19
B,583,20,0.999,0.3285,0,0.8181348173945867,0.8183817750708672,-0.0002469576762804456,6.862093695076527e-06,19,19
B,584,20,0.1,0.51375,0,0.5213361518301178,0.49910970455508485,0.02222644727503307,0.005560932069723611,7,7
B,584,20,0.5,0.53275,0,0.5685212719042799,0.5325806856032919,0.03594058630098824,0.0026312050964836615,7,7
B,584,20,0.9,0.55475,0,0.5977048023551582,0.5875983320498728,0.01010647030528547,0.00047243099830156297,7,7
B,584,20,0.99,0.55575,0,0.6023142335649174,0.6012574922222914,0.0010567413426261568,4.637529651456671e-05,7,7
B,584,20,0.999,0.55575,0,0.6027449292360024,0.6026388244060686,0.00010610482993365896,4.6293696715868235e-06,7,7
B,585,20,0.1,0.48025,0,0.499884547739546,0.7405564895056098,-0.24067194176606377,0.0051511727058962346,1,15
B,585,20,0.5,0.3895,0,0.4998845477395461,0.7271695437571445,-0.22728499601759847,0.004366598014765295,1,15
B,585,20,0.9,0.2505,0,0.499884547739546,0.7921176219660604,-0.2922330742265143,0.004237232792685426,1,15
B,585,20,0.99,0.17975,0,0.4998845477395461,0.83942779478533,-0.33954324704578387,0.004422131501602071,1,15
B,585,20,0.999,0.1685,0,0.499884547739546,0.8454999570078239,-0.3456154092682779,0.0044508427964771256,1,15
B,586,20,0.1,0.47625,0,0.5103648741794121,0.7441523144137528,-0.2337874402343408,0.004782114079691667,15,15
B,586,20,0.5,0.39475,0,0.5883545809109485,0.7222242596462208,-0.13386967873527236,0.0026001503017118806,15,15
B,586,20,0.9,0.2965,0,0.6971407200536797,0.7297507525479414,-0.03261003249426176,0.0005748810914124377,15,15
B,586,20,0.99,0.278,0,0.7326160051019285,0.7361075927783494,-0.0034915876764208386,6.057012440459912e-05,15,15
B,586,20,0.999,0.27625,0,0.7364717106650439,0.7368231680566353,-0.0003514573915913238,6.0927530202704294e-06,15,15
B,587,20,0.1,0.4905,0,0.5174900946700796,0.7407651164836628,-0.2232750218135833,0.005003500650945248,17,17
B,587,20,0.5,0.40825,0,0.5761559443054063,0.7168994391562715,-0.14074349485086532,0.0029736243501907334,17,17
B,587,20,0.9,0.33375,0,0.6880981062299247,0.7248434292437628,-0.03674532301383804,0.0007261530427287886,17,17
B,587,20,0.99,0.31775,0,0.7332879116090478,0.7372843231667336,-0.003996411557685963,7.793274833428298e-05,17,17
B,587,20,0.999,0.31575,0,0.7384177632341196,0.7388206853363881,-0.00040292210226871075,7.862656996551836e-06,17,17
B,588,20,0.1,0.5135,0,0.7444945178271385,0.5128946118570928,0.23159990597004568,0.004967096862512812,9,11
B,588,20,0.5,0.593,0,0.7144158298839004,0.5753525443641786,0.1390632855197218,0.002828116149438116,9,11
B,588,20,0.9,0.66975,0,0.6821815136480385,0.6513019961220159,0.030879517526022526,0.0006252052576352302,9,11
B,588,20,0.99,0.68025,0,0.6757963876482177,0.6726237041347853,0.003172683513432224,6.427210042211429e-05,9,11
B,588,20,0.999,0.68125,0,0.6751793833709383,0.6748612432851017,0.00031814008583666185,6.445559454585182e-06,9,11
B,589,20,0.1,0.4985,0,0.517816148393382,0.5319884897010161,-0.014172341307634223,0.005825485601988821,13,17
B,589,20,0.5,0.50975,0,0.6107580116707552,0.5975579946155248,0.013200017055230294,0.0034642976997476807,13,17
B,589,20,0.9,0.58525,0,0.724154895197332,0.715248212792168,0.008906682405164143,0.001162399141107478,13,17
B,589,20,0.99,0.5685,0,0.777341394036433,0.78309310322597,-0.005751709189537052,0.0005601135969282853,13,17
B,589,20,0.999,0.565,0,0.7841456390793663,0.7913796318370685,-0.007233992757702144,0.000536829368670752,13,17
B,590,20,0.1,0.49925,0,0.7343826323970972,0.7423609083570429,-0.007978275959945744,0.003841650975219481,15,15
B,590,20,0.5,0.47475,0,0.7001649037003234,0.7280129500091745,-0.027848046308851158,0.00237732600234892,15,15
B,590,20,0.9,0.381,0,0.7276622370685263,0.7411129464375913,-0.013450709369064942,0.000599757059488495,15,15
B,590,20,0.99,0.36075,0,0.7473247625006646,0.7489034152577174,-0.0015786527570526671,6.441534746284574e-05,15,15
B,590,20,0.999,0.36,0,0.7496147860594842,0.7497748053807911,-0.00016001932130699757,6.484825061392578e-06,15,15
B,591,20,0.1,0.5105,0,0.6654865933712784,0.5157175196328637,0.14976907373841464,0.0052897368493021206,19,19
B,591,20,0.5,0.5855,0,0.6925842092250303,0.581091324159321,0.11149288506570934,0.003311543386393258,19,19
B,591,20,0.9,0.729,0,0.7561367164700239,0.7124162218931517,0.04372049457687214,0.0008857627777506853,19,19
B,591,20,0.99,0.763,0,0.7771496387104787,0.771951000150395,0.005198638560083611,9.663023558866178e-05,19,19
B,591,20,0.999,0.76775,0,0.7794321373859838,0.7789032657003497,0.0005288716856341718,9.76100855294126e-06,19,19
B,592,20,0.1,0.49775,0,0.7378731019433844,0.7391181665922252,-0.0012450646488406357,0.003973769320327708,19,19
B,592,20,0.5,0.47775,0,0.7183152677561248,0.7196804558390631,-0.0013651880829385187,0.002545763743942806,19,19
B,592,20,0.9,0.38975,0,0.7705525178486295,0.7818505607019489,-0.01129804285331935,0.0006734599824002318,19,19
B,592,20,0.99,0.32,0,0.8219058867955011,0.8241035448793532,-0.0021976580838519244,7.56728594946544e-05,19,19
B,592,20,0.999,0.31375,0,0.8291147232821049,0.8293496867982348,-0.00023496351612988135,7.682060178662789e-06,19,19
B,593,20,0.1,0.519,0,0.746505668490976,0.6698643060578419,0.07664136243313399,0.003746962298877471,17,17
B,593,20,0.5,0.55,0,0.7408641945393154,0.6847764335235582,0.05608776101575707,0.002198044396513576,17,17
B,593,20,0.9,0.63275,0,0.7549586085985296,0.7309348458687657,0.024023762729763868,0.0006633060460485958,17,17
B,593,20,0.99,0.66225,0,0.763822374110554,0.7606916870007526,0.0031306871098013243,7.942591333370647e-05,17,17
B,593,20,0.999,0.66525,0,0.7648617547449893,0.7645396925227252,0.00032206222226405684,8.084358494670887e-06,17,17
B,594,20,0.1,0.51575,0,0.7261477061969857,0.5023926848875148,0.223755021309471,0.0038111644393713675,19,19
B,594,20,0.5,0.62575,0,0.6747109966011176,0.5276482537853696,0.1470627428157478,0.0024018797096819937,19,19
B,594,20,0.9,0.7485,0,0.7216371973865219,0.6768083405021145,0.04482885688440743,0.0006820375809737079,19,19
B,594,20,0.99,0.77375,0,0.7503914476358657,0.745313613905209,0.005077833730656747,7.643075254094849e-05,19,19
B,594,20,0.999,0.77725,0,0.7536758001295039,0.7531614184037129,0.0005143817257908843,7.73497188167646e-06,19,19
B,595,20,0.1,0.49975,0,0.732449316165478,0.674967457701852,0.057481858463626176,0.004313834304925374,13,14
B,595,20,0.5,0.4815,0,0.6821966141274076,0.6956870334096906,-0.013490419282282912,0.0026741308824245118,13,14
B,595,20,0.9,0.4245,0,0.6946351780170293,0.7091373316420061,-0.014502153624976817,0.0007045314409692324,13,14
B,595,20,0.99,0.413,0,0.7108593450418084,0.7125529312465768,-0.0016935862047683346,7.476954108528875e-05,13,14
B,595,20,0.999,0.41225,0,0.7127618811273205,0.7129334682067717,-0.00017158707945118633,7.516040644967604e-06,13,14
B,596,20,0.1,0.50075,0,0.4993512139300484,0.4996665523804909,-0.00031533845044250477,0.006218372381478258,3,1
B,596,20,0.5,0.4965,0,0.4996771725019897,0.49966655238049107,1.0620121498656766e-05,0.005721999887239391,3,1
B,596,20,0.9,0.497,0,0.4998658853594294,0.49966655238049096,0.0001993329789384388,0.00561271341319525,3,1
B,596,20,0.99,0.4975,0,0.4998978906807286,0.49966655238049107,0.00023133830023755618,0.005608202933729521,3,1
B,596,20,0.999,0.49775,0,0.49990093270727276,0.4996665523804909,0.00023438032678183208,0.005607988630440185,3,1
B,597,20,0.1,0.494,0,0.6728881333449547,0.7414063208072017,-0.06851818746224705,0.003707621654300971,16,16
B,597,20,0.5,0.501,0,0.7065232156185453,0.7147857861572977,-0.008262570538752362,0.0024624489691656157,16,16
B,597,20,0.9,0.50775,0,0.7615859242744959,0.7564325724308518,0.005153351843644164,0.0008151294660451418,16,16
B,597,20,0.99,0.482,0,0.7930251434686044,0.7926083213229727,0.0004168221456317749,9.570712823703541e-05,16,16
B,597,20,0.999,0.47825,0,0.7971570990191974,0.797118840517164,3.825850203341749e-05,9.719487556411185e-06,16,16
B,598,20,0.1,0.52075,0,0.7387931494114596,0.5035022481921737,0.2352909012192859,0.004776429936509304,17,3
B,598,20,0.5,0.64325,0,0.7005721702707027,0.5223046330065342,0.17826753726416866,0.0029477066199683688,17,3
B,598,20,0.9,0.819,0,0.7125974060835536,0.5437919817108612,0.16880542437269225,0.002551836359121023,17,3
B,598,20,0.99,0.8725,0,0.7360983659716581,0.5481275023785874,0.18797086359307064,0.0027165596030872727,17,3
B,598,20,0.999,0.87725,0,0.7392363841142429,0.5485485652364295,0.19068781887781336,0.0027422259563806505,17,3
B,599,20,0.1,0.49525,0,0.670329141598308,0.7486028304996383,-0.07827368890133007,0.004425133769252482,8,8
B,599,20,0.5,0.5015,0,0.6818006394267777,0.7461749111951376,-0.06437427176835991,0.0030329708343463384,8,8
B,599,20,0.9,0.45375,0,0.7476433335457682,0.7792421368832043,-0.0315988033374361,0.0009425675287394096,8,8
B,599,20,0.99,0.438,0,0.7886909572814979,0.7927294174512308,-0.004038460169733028,0.00010853784015376788,8,8
B,599,20,0.999,0.43825,0,0.793778724997525,0.7941907732353346,-0.00041204823780943483,1.1000179857883944e-05,8,8
B,600,20,0.1,0.50775,0,0.7383551394578062,0.7387087958348411,-0.00035365637703479845,0.0038612038646076503,18,18
B,600,20,0.5,0.51475,0,0.7168413901611728,0.716303378005807,0.0005380121553656886,0.002416480544334556,18,18
B,600,20,0.9,0.521,0,0.7441724794646577,0.7452304298563707,-0.00105795039171298,0.0006337662234986077,18,18
B,600,20,0.99,0.5165,0,0.7688192657441323,0.7689799252811147,-0.00016065953698234353,6.879865383547556e-05,18,18
B,600,20,0.999,0.515,0,0.771877561365249,0.7718944587744734,-1.6897409224272755e-05,6.939543434308991e-06,18,18
B,601,20,0.1,0.4675,0,0.5001816957777275,0.7322129765298435,-0.23203128075211607,0.004881452894211941,12,16
B,601,20,0.5,0.366,0,0.5226866907789284,0.6914711959885332,-0.16878450520960495,0.003051464365340321,12,16
B,601,20,0.9,0.26225,0,0.6189082180626698,0.6982443364342107,-0.07933611837154086,0.0015438714298746294,12,16
B,601,20,0.99,0.24125,0,0.6668666326074927,0.7066365486536841,-0.03976991604619139,0.0012673338155242402,12,16
B,601,20,0.999,0.24175,0,0.6726376900805132,0.7076197998462092,-0.034982109765695865,0.0012615790569377114,12,16
B,602,20,0.1,0.4725,0,0.5207553267245495,0.6636996185938876,-0.14294429186933824,0.005083685451982505,18,18
B,602,20,0.5,0.41175,0,0.582500128543308,0.6601276294586598,-0.07762750091535173,0.002469396026429408,18,18
B,602,20,0.9,0.34175,0,0.6641644022720792,0.6818634883436484,-0.0176990860715692,0.00044345298799046136,18,18
B,602,20,0.99,0.32025,0,0.6884247949616734,0.6902788572579737,-0.0018540622963001841,4.377846611575621e-05,18,18
B,602,20,0.999,0.318,0,0.691015537081539,0.6912018663202313,-0.0001863292386922552,4.3738068226595735e-06,18,18
B,603,20,0.1,0.48275,0,0.6661787051448675,0.7370648774093186,-0.07088617226445115,0.004349309431613712,17,16
B,603,20,0.5,0.477,0,0.688553704339727,0.703181571498799,-0.01462786715907199,0.0026792962106487266,17,16
B,603,20,0.9,0.492,0,0.7404567464975674,0.7396945741215235,0.0007621723760440048,0.0006294740050054247,17,16
B,603,20,0.99,0.49525,0,0.7615788571587784,0.7614257284012761,0.00015312875750220713,6.544931517818734e-05,17,16
B,603,20,0.999,0.49725,0,0.7639157317418291,0.7638996625727951,1.6069169034080303e-05,6.576272456182475e-06,17,16
B,604,20,0.1,0.49375,0,0.5307707579605571,0.6518256212880076,-0.1210548633274506,0.005286138038027705,18,18
B,604,20,0.5,0.45875,0,0.601819599189847,0.6541862713167079,-0.052366672126861045,0.0034458766441275105,18,18
B,604,20,0.9,0.30475,0,0.7381131775232054,0.7694188808640683,-0.031305703340863,0.0010946397073401122,18,18
B,604,20,0.99,0.2545,0,0.8152314731177873,0.819667188843786,-0.004435715725998631,0.00012953322843216444,18,18
B,604,20,0.999,0.25025,0,0.8248755421576986,0.8253335938259343,-0.00045805166823558206,1.319146734281535e-05,18,18
B,605,20,0.1,0.515,0,0.7360446019020235,0.7381538237368603,-0.0021092218348368395,0.0034333407186212636,15,15
B,605,20,0.5,0.498,0,0.7282433421598369,0.7358098262429003,-0.007566484083063354,0.002086640646477494,15,15
B,605,20,0.9,0.44725,0,0.7865835246315623,0.7910535822896337,-0.004470057658071308,0.000511413596335746,15,15
B,605,20,0.99,0.425,0,0.814080150556983,0.8146447388584723,-0.0005645883014893545,5.42461021759504e-05,15,15
B,605,20,0.999,0.42225,0,0.8171971552983505,0.8172541869731171,-5.703167476668119e-05,5.4566599768800125e-06,15,15
B,606,20,0.1,0.48425,0,0.6604252374018441,0.7497911730848102,-0.08936593568296615,0.0045182171516787864,17,17
B,606,20,0.5,0.3935,0,0.6752015729800892,0.7675676063782514,-0.09236603339816227,0.0031345484745909655,17,17
B,606,20,0.9,0.2495,0,0.7744946493950523,0.8099819779256068,-0.03548732853055451,0.0008493302459935437,17,17
B,606,20,0.99,0.2075,0,0.8247336677147663,0.8290334690776396,-0.0042998013628734325,9.143090589438689e-05,17,17
B,606,20,0.999,0.20125,0,0.8308315035562789,0.831271961039807,-0.00044045748352802806,9.212504654280837e-06,17,17
B,607,20,0.1,0.488,0,0.5056247991550127,0.6576809621979374,-0.1520561630429247,0.005331118724651171,10,11
B,607,20,0.5,0.42975,0,0.546348754520526,0.637560417674776,-0.09121166315425012,0.00308062554744038,10,11
B,607,20,0.9,0.416,0,0.6348427965088652,0.6502448539650318,-0.015402057456166574,0.0007101417163379273,10,11
B,607,20,0.99,0.42675,0,0.6603763584088022,0.661789108836233,-0.001412750427430844,7.486482199853713e-05,10,11
B,607,20,0.999,0.42825,0,0.6630404503693044,0.663180027796436,-0.00013957742713156658,7.527375081015918e-06,10,11
B,608,20,0.1,0.49275,0,0.664076233705242,0.7401270949984129,-0.07605086129317087,0.0035756063830248487,17,17
B,608,20,0.5,0.46525,0,0.6693720760975322,0.7191398198027467,-0.04976774370521437,0.0020667942497069533,17,17
B,608,20,0.9,0.47525,0,0.7285460918092208,0.7397438478062045,-0.011197755996983727,0.000597173203286025,17,17
B,608,20,0.99,0.50125,0,0.7672366595882867,0.7680922392507273,-0.0008555796624405221,6.913223195001008e-05,17,17
B,608,20,0.999,0.5045,0,0.7719028864950664,0.7719853819842392,-8.249548917277573e-05,7.020206262854366e-06,17,17
B,609,20,0.1,0.5,0,0.7352595089334009,0.6725554380179303,0.06270407091547048,0.004388391167554225,15,15
B,609,20,0.5,0.51775,0,0.7158934347575542,0.6939817077305893,0.021911727026964742,0.002863990599994199,15,15
B,609,20,0.9,0.54225,0,0.7656003566067711,0.7582015012654865,0.007398855341284423,0.0007282810733831961,15,15
B,609,20,0.99,0.54725,0,0.7859115505624357,0.7850109399871794,0.0009006105752562567,7.736136482835312e-05,15,15
B,609,20,0.999,0.54675,0,0.7881254960249701,0.7880339990341458,9.149699082419701e-05,7.781101728606798e-06,15,15
B,610,20,0.1,0.48925,0,0.5185725296210061,0.5015313564718035,0.01704117314920248,0.005546116721896809,11,11
B,610,20,0.5,0.53675,0,0.5895405023621553,0.5445891975753572,0.04495130478679815,0.002574922483411671,11,11
B,610,20,0.9,0.63175,0,0.6577812141701688,0.6419668820320079,0.015814332138160973,0.00045542304094785236,11,11
B,610,20,0.99,0.663,0,0.6730221443525227,0.671288301836883,0.0017338425156396386,4.505850004512701e-05,11,11
B,610,20,0.999,0.666,0,0.674553864110718,0.6743789481393958,0.00017491597132215816,4.5030155330506545e-06,11,11
B,611,20,0.1,0.498,0,0.7483342706636424,0.7432123823340725,0.005121888329569884,0.003993886457241066,16,16
B,611,20,0.5,0.5255,0,0.754177757638612,0.7188183437953566,0.03535941384325541,0.0026846600890384187,16,16
B,611,20,0.9,0.55575,0,0.7796402810841414,0.7676924239419309,0.01194785714221045,0.0007072738256098664,16,16
B,611,20,0.99,0.56025,0,0.792286216876829,0.7910813169244925,0.0012048999523364499,7.628707957296178e-05,16,16
B,611,20,0.999,0.561,0,0.7937648855809062,0.7936438945215394,0.00012099105936653115,7.677260609200262e-06,16,16
B,612,20,0.1,0.503,0,0.6604015898140786,0.6722965404552314,-0.011894950641152745,0.004549963289292261,16,16
B,612,20,0.5,0.47425,0,0.6695844116126852,0.6920615874148878,-0.0224771758022026,0.0022916958451367456,16,16
B,612,20,0.9,0.474,0,0.7380513817586505,0.7401068449869374,-0.0020554632282869722,0.0004944515101831331,16,16
B,612,20,0.99,0.495,0,0.7701028725927926,0.7699518903398955,0.00015098225289724047,5.4382320599206846e-05,16,16
B,612,20,0.999,0.497,0,0.773802764200298,0.773783425382529,1.933881776914706e-05,5.4987939515759235e-06,16,16
B,613,20,0.1,0.50375,0,0.742313737458288,0.6630141947494529,0.07929954270883499,0.00427120148085762,16,16
B,613,20,0.5,0.5625,0,0.7361035404723438,0.6654160810236619,0.07068745944868184,0.0026509965936280773,16,16
B,613,20,0.9,0.67425,0,0.7717069926657154,0.7493209891745373,0.02238600349117811,0.0006251356080643893,16,16
B,613,20,0.99,0.71275,0,0.7989727645855997,0.7963370797014241,0.002635684884175701,6.533428189998641e-05,16,16
B,613,20,0.999,0.716,0,0.8025974740535716,0.8023285486395191,0.0002689254140524929,6.558363160968092e-06,16,16
B,614,20,0.1,0.5135,0,0.7347716761037423,0.6662448426486265,0.06852683345511587,0.004455495798040333,8,15
B,614,20,0.5,0.536,0,0.6983687229132217,0.6613702830739836,0.03699843983923811,0.00308013131507152,8,15
B,614,20,0.9,0.56025,0,0.700603487868857,0.6978222141932968,0.0027812736755601845,0.0013071890691892006,8,15
B,614,20,0.99,0.56,0,0.7069274195635,0.7220822499283708,-0.015154830364870723,0.0008777536081274958,8,15
B,614,20,0.999,0.56,0,0.707721763946667,0.72496455326139,-0.017242789314722798,0.0008581340167041615,8,15
B,615,20,0.1,0.479,0,0.4932606940031822,0.7316106378649854,-0.2383499438618033,0.004937499477508838,15,15
B,615,20,0.5,0.3565,0,0.5211495095477655,0.6935503163475614,-0.1724008067997957,0.0030155967510935924,15,15
B,615,20,0.9,0.19625,0,0.6632464358122953,0.72833612169086,-0.06508968587856491,0.0009226596798143419,15,15
B,615,20,0.99,0.164,0,0.7444827356511605,0.7525039435537426,-0.008021207902582032,0.0001100804336228536,15,15
B,615,20,0.999,0.1615,0,0.7544550638321589,0.7552745199606202,-0.0008194561284612305,1.1226709357882025e-05,15,15
B,616,20,0.1,0.5035,0,0.649403657128132,0.665647991093632,-0.016244333965500162,0.004817349386475541,13,13
B,616,20,0.5,0.471,0,0.6141368076582917,0.6814932713666509,-0.06735646370835928,0.0032848795503481183,13,13
B,616,20,0.9,0.35775,0,0.646200475906833,0.7250260353089523,-0.07882555940211906,0.0019405076881517359,13,13
B,616,20,0.99,0.33275,0,0.6745341320059449,0.738632819387741,-0.06409868738179615,0.001875593067971871,13,13
B,616,20,0.999,0.332,0,0.6779032976908714,0.7400810175471365,-0.062177719856265114,0.0018830037341861124,13,13
B,617,20,0.1,0.49075,0,0.7382495499172926,0.7370625941252515,0.0011869557920411008,0.003822104080137983,15,15
B,617,20,0.5,0.49625,0,0.7154989801875641,0.7139590855354215,0.0015398946521424906,0.002415652944148323,15,15
B,617,20,0.9,0.52275,0,0.7562512133036381,0.7502304326955207,0.006020780608117448,0.0006348825408088567,15,15
B,617,20,0.99,0.5675,0,0.79233085138279,0.7911384945486887,0.001192356834101391,6.808304593881743e-05,15,15
B,617,20,0.999,0.574,0,0.7973960213604371,0.7972673195482716,0.00012870181216546192,6.8576289755607485e-06,15,15
B,618,20,0.1,0.47825,0,0.499706101903613,0.6677645794914936,-0.16805847758788056,0.005276686056836919,16,16
B,618,20,0.5,0.4075,0,0.5608121487329871,0.6768335948293922,-0.11602144609640515,0.003514292435873105,16,16
B,618,20,0.9,0.374,0,0.7290187959907878,0.7528542759894562,-0.023835479998668533,0.0011283431674685245,16,16
B,618,20,0.99,0.3705,0,0.791299227367559,0.7938352309597388,-0.0025360035921798245,0.00013034490558069145,16,16
B,618,20,0.999,0.369,0,0.7983453270508456,0.7986033139617005,-0.0002579869108547509,1.3236842644491796e-05,16,16
B,619,20,0.1,0.4895,0,0.5136966721263015,0.6670852132415557,-0.1533885411152542,0.0050226495642988825,16,16
B,619,20,0.5,0.44175,0,0.587284914279744,0.6641873647039614,-0.07690245042421737,0.002397146795579951,16,16
B,619,20,0.9,0.377,0,0.6941083983328563,0.7133938453104431,-0.01928544697758682,0.00045480372387873667,16,16
B,619,20,0.99,0.34525,0,0.7467433872104748,0.7490349718113648,-0.0022915846008900397,4.712017860490866e-05,16,16
B,619,20,0.999,0.34075,0,0.7532550518536791,0.7534890337460846,-0.00023398189240543172,4.7329887221025806e-06,16,16
B,620,20,0.1,0.487,0,0.5137689805556594,0.7287429786249895,-0.2149739980693301,0.005038953598533346,10,10
B,620,20,0.5,0.47775,0,0.5854945739289336,0.692581738035858,-0.10708716410692441,0.003080919409996384,10,10
B,620,20,0.9,0.5825,0,0.7039494789653865,0.7186334278086729,-0.014683948843286252,0.0007717994845784132,10,10
B,620,20,0.99,0.62175,0,0.7396035758039406,0.7407820649225816,-0.0011784891186409569,8.235895347495653e-05,10,10
B,620,20,0.999,0.62675,0,0.743363386744789,0.7434773546436518,-0.0001139678988628224,8.288798469836391e-06,10,10
B,621,20,0.1,0.50225,0,0.7300795926166499,0.662461951390786,0.06761764122586392,0.004334653323636735,15,15
B,621,20,0.5,0.5295,0,0.6837901158548841,0.6579781685724149,0.02581194728246935,0.002586406211225471,15,15
B,621,20,0.9,0.467,0,0.7025840469116958,0.7077158950733533,-0.005131848161657418,0.000698794579981829,15,15
B,621,20,0.99,0.421,0,0.7377579834391711,0.7391145433978321,-0.0013565599586610935,8.170300237529633e-05,15,15
B,621,20,0.999,0.41425,0,0.742699689995718,0.7428450726218924,-0.00014538262617430219,8.305750071367141e-06,15,15
B,622,20,0.1,0.52675,0,0.7316053406197515,0.5172887943303063,0.21431654628944521,0.003625777969253248,12,12
B,622,20,0.5,0.58275,0,0.6871292943247206,0.5753811312308108,0.1117481630939099,0.0020035059874611194,12,12
B,622,20,0.9,0.605,0,0.668082322387989,0.6449996616179117,0.02308266077007743,0.0004998661303821096,12,12
B,622,20,0.99,0.60425,0,0.6663487979569453,0.6640036962067948,0.0023451017501505715,5.338126725126172e-05,12,12
B,622,20,0.999,0.604,0,0.6662141830901592,0.6659793126521957,0.00023487043796373102,5.373141265177351e-06,12,12
B,623,20,0.1,0.48575,0,0.6650879232370833,0.736561867054942,-0.07147394381785864,0.003650026962183277,12,9
B,623,20,0.5,0.451,0,0.6497671509571538,0.6985159471372961,-0.04874879618014246,0.0022268618368811678,12,9
B,623,20,0.9,0.3745,0,0.6794476703171056,0.6982983882560516,-0.018850717938946115,0.0006519656354841652,12,9
B,623,20,0.99,0.358,0,0.7003387401967329,0.7025779142163723,-0.0022391740196393128,7.29345751311427e-05,12,9
B,623,20,0.999,0.357,0,0.7028394559145452,0.7030670468180856,-0.00022759090354044004,7.365073103525393e-06,12,9
B,624,20,0.1,0.5,0,0.5118472994263571,0.6596610719987351,-0.1478137725723781,0.005216416140022405,14,14
B,624,20,0.5,0.4375,0,0.570980099680891,0.6702855535680097,-0.09930545388711846,0.003134949783560721,14,14
B,624,20,0.9,0.3815,0,0.7179398627357105,0.7442816192479832,-0.02634175651227258,0.0011111671533422076,14,14
B,624,20,0.99,0.396,0,0.7847939638834088,0.78714349247006,-0.0023495285866511457,0.0001432600477492051,14,14
B,624,20,0.999,0.399,0,0.7925163448339865,0.7927443311228346,-0.00022798628884799195,1.473829020572005e-05,14,14
B,625,20,0.1,0.517,0,0.656646690172544,0.5190543701400354,0.13759232003250849,0.005367397340465474,18,18
B,625,20,0.5,0.567,0,0.6526891159449981,0.5678714844472841,0.08481763149771393,0.003423308019638282,18,18
B,625,20,0.9,0.62725,0,0.6947563005719756,0.6605995909681368,0.03415670960383882,0.0010542729868610145,18,18
B,625,20,0.99,0.6355,0,0.7103316953740807,0.7060607082677768,0.00427098710630372,0.00012237463854968212,18,18
B,625,20,0.999,0.63725,0,0.7120255357562397,0.7115891717012173,0.00043636405502242104,1.2427995073430745e-05,18,18
B,626,20,0.1,0.47725,0,0.5236978515840446,0.7382662251092451,-0.2145683735252004,0.005148321662225869,18,18
B,626,20,0.5,0.40075,0,0.6108437237658478,0.7281314831604012,-0.1172877593945534,0.003239159143492745,18,18
B,626,20,0.9,0.36925,0,0.7186689805224818,0.7421358538793177,-0.023466873356835852,0.0008526967000158415,18,18
B,626,20,0.99,0.3715,0,0.7522716651091207,0.7545993148082348,-0.0023276496991142376,9.221014756374725e-05,18,18
B,626,20,0.999,0.3715,0,0.7558825757294387,0.7561151170013058,-0.00023254127186711195,9.292576995925624e-06,18,18
B,627,20,0.1,0.53175,0,0.7354826642298804,0.5213569109386927,0.21412575329118755,0.004766264097807277,15,15
B,627,20,0.5,0.5865,0,0.6932795403674289,0.5989860398255519,0.09429350054187702,0.0024222455750463677,15,15
B,627,20,0.9,0.6465,0,0.6860755246829422,0.666712723438289,0.019362801244653283,0.0004787881696908999,15,15
B,627,20,0.99,0.664,0,0.6895111850689599,0.6874538695460035,0.002057315522956404,4.9408493827530854e-05,15,15
B,627,20,0.999,0.6645,0,0.6899351620441859,0.6897280901173635,0.0002070719268224736,4.960865818030437e-06,15,15
B,628,20,0.1,0.47125,0,0.49743287658369734,0.7418630486007435,-0.24443017201704614,0.005290506747684433,1,18
B,628,20,0.5,0.3855,0,0.4974328765836975,0.7202954747997351,-0.22286259821603754,0.004839960874266565,1,18
B,628,20,0.9,0.2735,0,0.4974328765836974,0.7678515197927713,-0.27041864320907394,0.004330929620900788,1,18
B,628,20,0.99,0.2355,0,0.4974328765836975,0.7964510294098959,-0.2990181528261985,0.004156461373354727,1,18
B,628,20,0.999,0.23075,0,0.4974328765836974,0.7997684866624382,-0.3023356100787407,0.004138915890137348,1,18
B,629,20,0.1,0.49725,0,0.7390372950152668,0.738307482087495,0.0007298129277719827,0.0038316272234275154,18,18
B,629,20,0.5,0.49425,0,0.7315770727194834,0.730947152310399,0.0006299204090843677,0.0023720498266588063,18,18
B,629,20,0.9,0.491,0,0.7580701887499225,0.7579352254256169,0.00013496332430565383,0.0006055930885051539,18,18
B,629,20,0.99,0.492,0,0.7694642758521649,0.7694555496975107,8.726154654289637e-06,6.512243946447159e-05,18,18
B,629,20,0.999,0.49075,0,0.7707389164129093,0.7707381919866911,7.244262180856748e-07,6.554890196489735e-06,18,18
B,630,20,0.1,0.49325,0,0.5016695276542469,0.66447730242405,-0.16280777476980313,0.0053048424607144255,14,14
B,630,20,0.5,0.3725,0,0.537344681043691,0.6906639649934502,-0.15331928394975916,0.002929380078012486,14,14
B,630,20,0.9,0.13475,0,0.6879046317641402,0.7532173695731956,-0.06531273780905544,0.0007856935435514635,14,14
B,630,20,0.99,0.09125,0,0.7692205750491453,0.7771885768147997,-0.007968001765654528,8.827919235497239e-05,14,14
B,630,20,0.999,0.088,0,0.7790141905282159,0.7798264619849704,-0.0008122714567545052,8.949991138154358e-06,14,14
B,631,20,0.1,0.51475,0,0.518973118205112,0.4945355959690355,0.02443752223607654,0.005820096677397616,14,3
B,631,20,0.5,0.5525,0,0.5741985863807844,0.4985980769563062,0.07560050942447816,0.004094517132796377,14,3
B,631,20,0.9,0.643,0,0.6598410364967435,0.5026605579435768,0.15718047855316672,0.0037015918215178357,14,3
B,631,20,0.99,0.64825,0,0.7037702747269735,0.5035746161657129,0.2001956585612606,0.0035782038915486646,14,3
B,631,20,0.999,0.64825,0,0.7090149952029637,0.5036660219879263,0.20534897321503734,0.0035645009297360732,14,3
B,632,20,0.1,0.49475,0,0.7355005862016069,0.7475036905445529,-0.012003104342946063,0.0038813999060180364,15,15
B,632,20,0.5,0.47775,0,0.7072050019116173,0.7351877225184414,-0.027982720606824052,0.0022810505989378734,15,15
B,632,20,0.9,0.46225,0,0.7274737902597053,0.7361366318572569,-0.008662841597551518,0.0004945909957693207,15,15
B,632,20,0.99,0.4535,0,0.7383605912940404,0.7392837565287841,-0.0009231652347436754,5.0083816644796906e-05,15,15
B,632,20,0.999,0.4525,0,0.739566822589214,0.7396595848236496,-9.276223443558887e-05,5.012385615703235e-06,15,15
B,633,20,0.1,0.47525,0,0.6655835553639545,0.7393335788488102,-0.07375002348485588,0.0035568711758986815,15,15
B,633,20,0.5,0.38225,0,0.6769908914230275,0.71854052512368,-0.041549633700652504,0.0018733162386609472,15,15
B,633,20,0.9,0.265,0,0.7391492260931132,0.7542680344734881,-0.01511880838037493,0.0004213292263319411,15,15
B,633,20,0.99,0.2165,0,0.7796985445029075,0.7816273078309298,-0.0019287633280221828,4.5291589953345335e-05,15,15
B,633,20,0.999,0.20875,0,0.7847615674140223,0.7849608590374433,-0.0001992916234209629,4.57915925381592e-06,15,15
B,634,20,0.1,0.52425,0,0.6486115846560835,0.5221044159431574,0.12650716871292605,0.005170648583988961,19,19
B,634,20,0.5,0.5725,0,0.629882915054945,0.5689654894594441,0.060917425595500826,0.0025093779785838434,19,19
B,634,20,0.9,0.683,0,0.6972461597558447,0.6783263501666548,0.018919809589190137,0.0004643475263415054,19,19
B,634,20,0.99,0.74075,0,0.7349346782787552,0.732665812134607,0.002268866144148147,4.667843573564618e-05,19,19
B,634,20,0.999,0.74625,0,0.7393933512919991,0.7391620060045712,0.0002313452874280611,4.676233152825076e-06,19,19
B,635,20,0.1,0.4765,0,0.5245110959517748,0.7333207337163813,-0.20880963776460645,0.004882165477648154,16,16
B,635,20,0.5,0.41575,0,0.6057652693547881,0.7029169125750361,-0.09715164322024787,0.0028481382914072257,16,16
B,635,20,0.9,0.35575,0,0.6891559290981999,0.707623211132208,-0.01846728203400827,0.0006267031515709521,16,16
B,635,20,0.99,0.34425,0,0.7148076793550153,0.7167378998010545,-0.0019302204460390658,6.457966301038618e-05,16,16
B,635,20,0.999,0.34325,0,0.7176508361693814,0.7178447666439702,-0.0001939304745888581,6.480943449159593e-06,16,16
B,636,20,0.1,0.506,0,0.749323439690622,0.6491329311456174,0.10019050854500446,0.004370125772060188,15,15
B,636,20,0.5,0.57525,0,0.7278837479449963,0.6323243556862398,0.0955593922587565,0.0031248800199990133,15,15
B,636,20,0.9,0.658,0,0.7332761802222131,0.6933296419248138,0.0399465382973991,0.001087041416762878,15,15
B,636,20,0.99,0.66875,0,0.7386271792139895,0.7338504565159214,0.004776722698068006,0.00012533348140858575,15,15
B,636,20,0.999,0.67025,0,0.7392476126231531,0.7387615035733974,0.00048610904975548324,1.2701121798797713e-05,15,15
B,637,20,0.1,0.49725,0,0.7449344976622027,0.740668703499764,0.004265794162438603,0.003994317509933002,20,20
B,637,20,0.5,0.50425,0,0.740444277183605,0.7308442755722929,0.009600001611312187,0.0025355518716906763,20,20
B,637,20,0.9,0.49625,0,0.7700364801798694,0.7688257507794758,0.0012107294003936252,0.0006737847988596815,20,20
B,637,20,0.99,0.4905,0,0.7848375369609216,0.7847404869256452,9.705003527635676e-05,7.27112703842693e-05,20,20
B,637,20,0.999,0.48975,0,0.7864993785615879,0.7864897988984743,9.579663113550102e-06,7.3245864487628185e-06,20,20
B,638,20,0.1,0.49875,0,0.6698283379442542,0.6723191015204377,-0.0024907635761834026,0.004872932316739337,16,16
B,638,20,0.5,0.47975,0,0.6745289271379099,0.6913451207966951,-0.016816193658785155,0.0034874652932319334,16,16
B,638,20,0.9,0.4085,0,0.7507486914024424,0.7597331989021283,-0.008984507499685929,0.0011218554201089708,16,16
B,638,20,0.99,0.365,0,0.7977532083569933,0.7993484923811405,-0.0015952840241472263,0.00012912291566483499,16,16
B,638,20,0.999,0.3595,0,0.8039137435059464,0.8040832350799757,-0.0001694915740292837,1.3119446341136584e-05,16,16
B,639,20,0.1,0.48875,0,0.650371952008894,0.7450719598822289,-0.09470000787333473,0.00438993071489224,17,17
B,639,20,0.5,0.41025,0,0.6478336762612305,0.7413047472672556,-0.09347107100602511,0.0027112477495660585,17,17
B,639,20,0.9,0.22825,0,0.7380683194174125,0.7761327842628619,-0.03806446484544946,0.0006791529320976172,17,17
B,639,20,0.99,0.17,0,0.7900914335730442,0.7946944356122272,-0.0046030020391829,7.366919566655168e-05,17,17
B,639,20,0.999,0.166,0,0.7963691659406317,0.7968379978608693,-0.00046883192023772485,7.434420012453363e-06,17,17
B,640,20,0.1,0.4735,0,0.5046764030652936,0.7385298308106472,-0.2338534277453536,0.0047677117996771734,18,18
B,640,20,0.5,0.3675,0,0.5500638889060538,0.6968547372108128,-0.14679084830475897,0.0025674423143835948,18,18
B,640,20,0.9,0.206,0,0.6727099023360359,0.7131165280122698,-0.040406625676234015,0.0005690929605718596,18,18
B,640,20,0.99,0.15425,0,0.7372603830184435,0.7420709452045829,-0.0048105621861393765,6.235895058476691e-05,18,18
B,640,20,0.999,0.14775,0,0.7454978117835224,0.7459888976459853,-0.000491085862462897,6.317029714408738e-06,18,18
B,641,20,0.1,0.46925,0,0.5002647855214915,0.6703611008199416,-0.17009631529845015,0.005217660607557393,18,18
B,641,20,0.5,0.377,0,0.526581435668843,0.6636041461496422,-0.13702271048079928,0.0029767702062262827,18,18
B,641,20,0.9,0.3115,0,0.6729727309785296,0.7102261299074035,-0.03725339892887392,0.0008219000046031324,18,18
B,641,20,0.99,0.3,0,0.7391365189455714,0.7432503830365568,-0.004113864090985439,9.246458678232186e-05,18,18
B,641,20,0.999,0.29925,0,0.746719280733804,0.7471353541883619,-0.00041607345455777964,9.356851212076775e-06,18,18
B,642,20,0.1,0.48225,0,0.5254584504638529,0.6688957027504662,-0.14343725228661341,0.005346314831691557,16,16
B,642,20,0.5,0.4315,0,0.5995898389922588,0.6787076554265671,-0.0791178164343082,0.003062895619993523,16,16
B,642,20,0.9,0.3145,0,0.694258373395283,0.7211652687194386,-0.026906895324155692,0.0006987733322072877,16,16
B,642,20,0.99,0.2775,0,0.7374397698413722,0.7406955902152579,-0.003255820373885747,7.507079663994712e-05,16,16
B,642,20,0.999,0.27325,0,0.7425594153718669,0.7428911143031055,-0.0003316989312385943,7.569068238115159e-06,16,16
B,643,20,0.1,0.5045,0,0.7442468199479497,0.7429419137503885,0.0013049061975611623,0.002595780609509984,18,18
B,643,20,0.5,0.50625,0,0.7473904813944346,0.745824642883581,0.0015658385108537152,0.0015196719891256401,18,18
B,643,20,0.9,0.47075,0,0.7797294272438874,0.7818304994994811,-0.0021010722555937175,0.000434825674445571,18,18
B,643,20,0.99,0.45975,0,0.7962532744902958,0.7965275505291657,-0.0002742760388698495,4.8444076389351414e-05,18,18
B,643,20,0.999,0.4585,0,0.7981184855746223,0.798146545647086,-2.806007246365885e-05,4.898704645349452e-06,18,18
B,644,20,0.1,0.48775,0,0.5243737072024056,0.6659845315385217,-0.14161082433611613,0.005448440703720723,16,16
B,644,20,0.5,0.43725,0,0.6076304320828606,0.683542434319113,-0.07591200223625245,0.0036587943924599564,16,16
B,644,20,0.9,0.41725,0,0.7282309194849238,0.7480814344882346,-0.019850515003310965,0.0012124531983774263,16,16
B,644,20,0.99,0.42375,0,0.7798645858007884,0.7819697523549506,-0.002105166554162193,0.00014227771144996581,16,16
B,644,20,0.999,0.42375,0,0.7859097685038132,0.7861217391110585,-0.00021197060724542866,1.446912871744208e-05,16,16
B,645,20,0.1,0.4865,0,0.6598698627276748,0.7383847362108077,-0.07851487348313288,0.003574663290838255,19,19
B,645,20,0.5,0.4485,0,0.6712514098642373,0.712753734049995,-0.04150232418575756,0.00204878016558922,19,19
B,645,20,0.9,0.4065,0,0.7115834831349153,0.7163251646549845,-0.004741681520069396,0.0005929019899051037,19,19
B,645,20,0.99,0.39675,0,0.7260849112061207,0.7262684679574734,-0.00018355675135273125,7.166604232110749e-05,19,19
B,645,20,0.999,0.3975,0,0.7276599530240585,0.72767412103078,-1.4168006721440308e-05,7.325843130596368e-06,19,19
B,646,20,0.1,0.48225,0,0.49726272464935367,0.7323853626821458,-0.23512263803279215,0.0048746675816659,14,14
B,646,20,0.5,0.377,0,0.5435037413734299,0.6982095164989525,-0.15470577512552244,0.002687590447157949,14,14
B,646,20,0.9,0.27175,0,0.6517523386775204,0.6894789086180722,-0.037726569940551714,0.0005745745433411914,14,14
B,646,20,0.99,0.25125,0,0.6855927880653396,0.6895272673995292,-0.003934479334189428,5.8542258880175444e-05,14,14
B,646,20,0.999,0.2495,0,0.6891731208641397,0.6895681620753206,-0.000395041211180954,5.8654731912706845e-06,14,14
B,647,20,0.1,0.4595,0,0.5103284074313953,0.7289494669036318,-0.2186210594722365,0.005002113491859193,5,12
B,647,20,0.5,0.3815,0,0.534379819671888,0.6647979329659072,-0.13041811329401912,0.003064408065878821,5,12
B,647,20,0.9,0.294,0,0.5281560738360532,0.5698479907388037,-0.04169191690275042,0.0008709165387181677,5,12
B,647,20,0.99,0.2755,0,0.5256160307578296,0.5305473417174597,-0.004931310959630069,0.00010113426915010267,5,12
B,647,20,0.999,0.275,0,0.5253601235109051,0.5258623574716326,-0.000502233960727423,1.028676977198928e-05,5,12
B,648,20,0.1,0.49525,0,0.5122504572746231,0.5129250284104576,-0.0006745711358344875,0.005773626831320051,17,17
B,648,20,0.5,0.49725,0,0.590121131320526,0.5892792693736346,0.0008418619468912827,0.003314259766861374,17,17
B,648,20,0.9,0.4825,0,0.7206430652452134,0.7195246034871798,0.0011184617580334017,0.0008814779850433269,17,17
B,648,20,0.99,0.4785,0,0.7662419256114216,0.7660723238682453,0.00016960174317623978,9.782792040061191e-05,17,17
B,648,20,0.999,0.47875,0,0.7712535557775856,0.7712355672046215,1.798857296399123e-05,9.888575700128901e-06,17,17
B,649,20,0.1,0.4905,0,0.6664260068570351,0.7364476450693371,-0.07002163821230206,0.004097884070749443,18,18
B,649,20,0.5,0.46975,0,0.6816116737210951,0.7158594683545594,-0.03424779463346415,0.0020277749052205487,18,18
B,649,20,0.9,0.467,0,0.7358203172209625,0.740238530610889,-0.004418213389926206,0.0004195631320334302,18,18
B,649,20,0.99,0.4695,0,0.7547856552589132,0.7551739501620987,-0.00038829490318554536,4.3029449402857996e-05,18,18
B,649,20,0.999,0.4705,0,0.7568505380730697,0.7568889381759103,-3.840010284065906e-05,4.312863130177505e-06,18,18
B,650,20,0.1,0.49025,0,0.7262249728507899,0.7318043414196446,-0.005579368568854666,0.0027636275897529707,19,19
B,650,20,0.5,0.4765,0,0.676550106299395,0.7000548884435454,-0.023504782144150305,0.0018714274887849686,19,19
B,650,20,0.9,0.41275,0,0.7135131381922517,0.7277328433617847,-0.014219705169533067,0.0005134537664430836,19,19
B,650,20,0.99,0.3855,0,0.7446388735181142,0.7464228328146989,-0.001783959296584608,5.593205625638826e-05,19,19
B,650,20,0.999,0.383,0,0.7484730577679677,0.7486556610068472,-0.0001826032388796175,5.645398607551189e-06,19,19
B,651,20,0.1,0.5095,0,0.7471987385648431,0.6706410642788192,0.07655767428602409,0.0035856391519530567,16,16
B,651,20,0.5,0.549,0,0.7386186897450059,0.6829127300761108,0.05570595966889525,0.002325924183435379,16,16
B,651,20,0.9,0.633,0,0.76079573010006,0.7358671733691236,0.024928556730936472,0.000796999260978967,16,16
B,651,20,0.99,0.646,0,0.7737935750892482,0.7707888139486465,0.0030047611406018543,9.062351232220077e-05,16,16
B,651,20,0.999,0.64675,0,0.7753600852138354,0.7750544896074718,0.0003055956063635148,9.161764085343005e-06,16,16
B,652,20,0.1,0.4685,0,0.49207883375686756,0.7366461990717581,-0.24456736531489062,0.005176601396501943,1,15
B,652,20,0.5,0.378,0,0.4920788337568677,0.7179440558605732,-0.22586522210370558,0.004555872565729111,1,15
B,652,20,0.9,0.27,0,0.4920788337568677,0.7576518041687803,-0.2655729704119127,0.0041555311526219,1,15
B,652,20,0.99,0.21975,0,0.49207883375686773,0.7936406885776744,-0.3015618548208068,0.004212867942456783,1,15
B,652,20,0.999,0.21425,0,0.4920788337568677,0.7990311441915249,-0.3069523104346571,0.004236592344880086,1,15
B,653,20,0.1,0.4785,0,0.49818331751805217,0.6622083595882801,-0.16402504207022797,0.005301565345125672,15,15
B,653,20,0.5,0.40025,0,0.5362426454316946,0.6559287051124377,-0.11968605968074296,0.0030375497000559057,15,15
B,653,20,0.9,0.31725,0,0.6410514520243139,0.6742377224544173,-0.033186270430103235,0.0006535953988122643,15,15
B,653,20,0.99,0.29125,0,0.6841223278756089,0.6878611224063702,-0.003738794530761272,6.740414192913677e-05,15,15
B,653,20,0.999,0.288,0,0.6891421005147544,0.6895210575036912,-0.0003789569889366195,6.764128554756424e-06,15,15
B,654,20,0.1,0.485,0,0.5031950871902755,0.6598424468951135,-0.15664735970483804,0.005361177080712389,5,15
B,654,20,0.5,0.40125,0,0.5018232690839491,0.6517966971020889,-0.1499734280181396,0.0034366415989589127,5,15
B,654,20,0.9,0.17075,0,0.49986118558431303,0.6922530021100961,-0.192391816525783,0.002644232088039269,5,15
B,654,20,0.99,0.12275,0,0.4993505274739969,0.7296045589693881,-0.2302540314953912,0.002909907462664568,5,15
B,654,20,0.999,0.121,0,0.4992983240028953,0.7343001275067204,-0.23500180350382505,0.002957015364040878,5,15
B,655,20,0.1,0.49475,0,0.5199837415346125,0.5183542338492766,0.001629507685335743,0.005678376148533536,15,15
B,655,20,0.5,0.50475,0,0.6004933033856628,0.5956528999094018,0.00484040347626085,0.0032694233389500096,15,15
B,655,20,0.9,0.49725,0,0.6710145000437414,0.669367742973215,0.0016467570705265531,0.0007490729352897813,15,15
B,655,20,0.99,0.4905,0,0.6887105755245402,0.6885506433466244,0.0001599321779156112,7.838921029018336e-05,15,15
B,655,20,0.999,0.4895,0,0.6905620588789753,0.69054610820194,1.595067703529862e-05,7.879416914893818e-06,15,15
B,656,20,0.1,0.48775,0,0.6662530204890618,0.734235028402674,-0.06798200791361217,0.004431786010017788,15,15
B,656,20,0.5,0.4885,0,0.6864600495049439,0.7095704466464977,-0.023110397141553805,0.0029152533085490834,15,15
B,656,20,0.9,0.484,0,0.7533115541975035,0.7580048285767341,-0.004693274379230621,0.000878067468364171,15,15
B,656,20,0.99,0.4615,0,0.7878071511043311,0.788619064609953,-0.0008119135056219903,0.00010203125326244398,15,15
B,656,20,0.999,0.45825,0,0.7921157692230918,0.7922018398399566,-8.607061686469911e-05,1.034512308715941e-05,15,15
B,657,20,0.1,0.5105,0,0.6631215789604992,0.7463504232595871,-0.0832288442990882,0.0035940116419538714,16,16
B,657,20,0.5,0.48125,0,0.688327851590639,0.7440695923627914,-0.055741740772152236,0.0020370344268317736,16,16
B,657,20,0.9,0.41475,0,0.7642480320337524,0.7785115756095145,-0.014263543575762044,0.00047212941909668927,16,16
B,657,20,0.99,0.3695,0,0.8039181749706371,0.8056087734540092,-0.0016905984833720078,5.170812784571759e-05,16,16
B,657,20,0.999,0.36675,0,0.8089089002809207,0.8090803833101967,-0.00017148302927604009,5.234883482777643e-06,16,16
B,658,20,0.1,0.5085,0,0.7340991455932012,0.7315998483035271,0.002499297289673999,0.0035396271202490807,11,11
B,658,20,0.5,0.5365,0,0.7083338515156667,0.6855912469762768,0.022742604539389942,0.0025431432642426216,11,11
B,658,20,0.9,0.62,0,0.7148930171334827,0.6986607814158091,0.016232235717673668,0.0007924450745708237,11,11
B,658,20,0.99,0.63575,0,0.7192141048772785,0.7172163064570127,0.00199779842026586,8.790748363233479e-05,11,11
B,658,20,0.999,0.63775,0,0.7196944865573617,0.7194902967601707,0.00020418979719094492,8.885233907174073e-06,11,11
B,659,20,0.1,0.514,0,0.6508060777637465,0.6712194038769674,-0.02041332611322103,0.004828518395004742,18,18
B,659,20,0.5,0.48775,0,0.6437219627708409,0.6798057580867245,-0.03608379531588358,0.0028548293381799963,18,18
B,659,20,0.9,0.36275,0,0.698225365256965,0.7173907123533144,-0.019165347096349292,0.0006976656448487713,18,18
B,659,20,0.99,0.3115,0,0.736137391898744,0.7387689875996346,-0.0026315957008907088,7.663493588923984e-05,18,18
B,659,20,0.999,0.3055,0,0.7410865469937626,0.7413581092962804,-0.0002715623025177336,7.743294939784938e-06,18,18
B,660,20,0.1,0.48075,0,0.5012896058723505,0.662157919012606,-0.1608683131402556,0.005322413522192475,16,16
B,660,20,0.5,0.4045,0,0.5528254015722847,0.661756464536526,-0.10893106296424117,0.0033763036574124996,16,16
B,660,20,0.9,0.32175,0,0.689209511449445,0.7247183663675928,-0.03550885491814786,0.001031888211695239,16,16
B,660,20,0.99,0.30875,0,0.7532501654056223,0.7576335424398571,-0.004383377034234993,0.00012467399548981537,16,16
B,660,20,0.999,0.30925,0,0.7610285813501039,0.761477110254398,-0.00044852890429402525,1.272986631485225e-05,16,16
B,661,20,0.1,0.506,0,0.7385003148994607,0.6713521633651688,0.0671481515342918,0.004318908578234056,11,12
B,661,20,0.5,0.5205,0,0.6964358173281082,0.672339231747319,0.024096585580789174,0.0025892340757346704,11,12
B,661,20,0.9,0.517,0,0.6897509693332663,0.6886615692041423,0.0010894001291240371,0.0005975801583368176,11,12
B,661,20,0.99,0.51575,0,0.6940423767839922,0.6940286845763485,1.369220764368423e-05,6.19618565215546e-05,11,12
B,661,20,0.999,0.5145,0,0.6945934203513084,0.6945926837675229,7.365837854995394e-07,6.215561964238812e-06,11,12
B,662,20,0.1,0.50325,0,0.7371388563606635,0.7373125521168297,-0.00017369575616613787,0.003655446964475685,14,14
B,662,20,0.5,0.492,0,0.7111802341471344,0.70558193369015,0.005598300456984484,0.0027213902181120525,14,14
B,662,20,0.9,0.51875,0,0.7525445311916702,0.7383859571376413,0.014158574054028985,0.0009362824569906913,14,14
B,662,20,0.99,0.531,0,0.7749869724433982,0.772812991103033,0.0021739813403653125,0.00011071278310894769,14,14
B,662,20,0.999,0.5325,0,0.7775101620452807,0.7772848049880464,0.00022535705723432105,1.1262802692530565e-05,14,14
B,663,20,0.1,0.481,0,0.6620274690803344,0.6731761757277669,-0.011148706647432437,0.0036975320048848966,12,12
B,663,20,0.5,0.44325,0,0.657660226918238,0.7000479989088387,-0.042387771990600724,0.0026624076803453962,12,12
B,663,20,0.9,0.402,0,0.7438258369382973,0.7597855060153826,-0.015959669077085386,0.0010810929964561722,12,12
B,663,20,0.99,0.39875,0,0.7891798644265744,0.7907270923669969,-0.0015472279404225978,0.00013510035663229371,12,12
B,663,20,0.999,0.3975,0,0.7944772976080287,0.7946303317036288,-0.00015303409560026555,1.3828563383695505e-05,12,12
B,664,20,0.1,0.5075,0,0.7326316440288436,0.6659418794952551,0.06668976453358857,0.003579558038584184,14,14
B,664,20,0.5,0.52725,0,0.7029081965316102,0.6813830526665196,0.021525143865090666,0.0019262150123905562,14,14
B,664,20,0.9,0.56475,0,0.7248352354406736,0.7179397565058719,0.006895478934801713,0.00040302185686483125,14,14
B,664,20,0.99,0.59425,0,0.7409666895221264,0.7400560671759717,0.0009106223461546101,4.272817804370334e-05,14,14
B,664,20,0.999,0.5975,0,0.742826200613145,0.7427327395098068,9.346110333817271e-05,4.306119511658269e-06,14,14
B,665,20,0.1,0.52975,0,0.7391256663658405,0.521557626144422,0.21756804022141854,0.004865058778892633,18,18
B,665,20,0.5,0.61225,0,0.7254590410131502,0.5887392386769617,0.13671980233618847,0.0029792316425847278,18,18
B,665,20,0.9,0.7125,0,0.7599531475354709,0.7153941655949663,0.044558981940504755,0.0008383418114491975,18,18
B,665,20,0.99,0.73875,0,0.7786059059886918,0.7732405654766199,0.005365340512071875,9.452651712714914e-05,18,18
B,665,20,0.999,0.741,0,0.7807071346875657,0.7801601077633923,0.0005470269241734444,9.573498835572839e-06,18,18
B,666,20,0.1,0.49675,0,0.6698915866126688,0.7477346495856636,-0.07784306297299476,0.003606350709699679,18,18
B,666,20,0.5,0.47875,0,0.7075232581665334,0.7394438790529884,-0.03192062088645497,0.0020371304393537017,18,18
B,666,20,0.9,0.488,0,0.7651715862289463,0.7681238925804185,-0.002952306351471983,0.0004538982144691201,18,18
B,666,20,0.99,0.49375,0,0.7841256302650299,0.7843139464635385,-0.00018831619850851304,4.73509378463431e-05,18,18
B,666,20,0.999,0.494,0,0.7861673822018204,0.7861851189121671,-1.773671034678559e-05,4.75867131751204e-06,18,18
B,667,20,0.1,0.517,0,0.7285920436291553,0.5048077784831623,0.223784265145993,0.005024146418483626,10,4
B,667,20,0.5,0.59175,0,0.691279487356403,0.5304347438610612,0.16084474349534195,0.003896153699374224,10,4
B,667,20,0.9,0.69125,0,0.7270965346386459,0.5729369737804338,0.154159560858212,0.003216482240084487,10,4
B,667,20,0.99,0.7115,0,0.7630178359105944,0.5837512979701899,0.1792665379404046,0.002924247130302934,10,4
B,667,20,0.999,0.71125,0,0.7679774614726216,0.5848508832355577,0.18312657823706394,0.0028880028932027485,10,4
B,668,20,0.1,0.4875,0,0.5017632039376246,0.5017632039376245,2.0136670109138778e-17,6.950492322357762e-18,20,20
B,668,20,0.5,0.4875,0,0.5504726358588548,0.5504726358588548,2.9420910152566647e-18,1.4798633397060666e-18,20,20
B,668,20,0.9,0.4875,0,0.6931709449008189,0.6931709449008189,-1.3780643293159755e-17,1.2437855253958714e-18,20,20
B,668,20,0.99,0.4875,0,0.744393691976695,0.744393691976695,-3.011479954295737e-18,1.5708546797607747e-18,20,20
B,668,20,0.999,0.4875,0,0.7500116879632869,0.7500116879632869,-1.6792123247455492e-17,1.3295376714293597e-18,20,20
B,669,20,0.1,0.49975,0,0.503173665859164,0.6614005217773524,-0.15822685591818833,0.0034718332589971576,3,19
B,669,20,0.5,0.39575,0,0.5024182789249504,0.6578972878325409,-0.1554790089075905,0.002784672389661991,3,19
B,669,20,0.9,0.1685,0,0.5022688031471864,0.7109362240810065,-0.2086674209338202,0.002759488557617504,3,19
B,669,20,0.99,0.11975,0,0.5022713161100462,0.7352391304900278,-0.2329678143799815,0.002932939598403446,3,19
B,669,20,0.999,0.116,0,0.5022719896851704,0.7379322873689111,-0.2356602976837408,0.0029549939191098984,3,19
B,670,20,0.1,0.4975,0,0.6527337738826473,0.6527279365991897,5.8372834574434984e-06,0.00483662163932019,16,16
B,670,20,0.5,0.534,0,0.6334173760501954,0.6303450724034658,0.003072303646729602,0.003134174848871837,16,16
B,670,20,0.9,0.7195,0,0.713556947871441,0.6958412696103596,0.017715678261081478,0.0009474684891577628,16,16
B,670,20,0.99,0.7895,0,0.7537472079278044,0.751013080118977,0.0027341278088272416,0.00010779578096634843,16,16
B,670,20,0.999,0.79675,0,0.7582223180468896,0.7579378627907897,0.00028445525609972777,1.0914690220050118e-05,16,16
B,671,20,0.1,0.51375,0,0.7541540919085309,0.6598922889462372,0.09426180296229367,0.004406578018545538,15,17
B,671,20,0.5,0.60625,0,0.7741709106742182,0.6714950616416723,0.10267584903254595,0.00299945618736506,15,17
B,671,20,0.9,0.79075,0,0.8183886238648286,0.783021569374514,0.03536705449031454,0.0010825412455331787,15,17
B,671,20,0.99,0.82775,0,0.8345657789877747,0.8377166289814536,-0.0031508499936789397,0.0005919693072675483,15,17
B,671,20,0.999,0.83075,0,0.8363252513847933,0.8439563107405942,-0.00763105935580084,0.0005650586536767628,15,17
B,672,20,0.1,0.4895,0,0.6696905491658649,0.746094347498351,-0.07640379833248602,0.004384342681565243,16,16
B,672,20,0.5,0.458,0,0.6913015106720813,0.7311190170535486,-0.03981750638146731,0.0026811825469343457,16,16
B,672,20,0.9,0.45,0,0.7317219073788495,0.740734039951591,-0.009012132572741619,0.0006797945346165114,16,16
B,672,20,0.99,0.4475,0,0.7467130244821415,0.7476740588973722,-0.0009610344152306307,7.26781919778247e-05,16,16
B,672,20,0.999,0.448,0,0.7483786212302738,0.7484755075313421,-9.688630106824868e-05,7.316645613508243e-06,16,16
B,673,20,0.1,0.5035,0,0.7463199423761835,0.736406827897025,0.009913114479158424,0.0032629916675906427,15,15
B,673,20,0.5,0.51575,0,0.7318047695855588,0.7066884412148763,0.025116328370682547,0.0019845247414242324,15,15
B,673,20,0.9,0.53625,0,0.7428131378803304,0.7284431745123918,0.014369963367938566,0.0006404847718218192,15,15
B,673,20,0.99,0.5415,0,0.7522000793894945,0.750351432172115,0.0018486472173794692,7.51040535605283e-05,15,15
B,673,20,0.999,0.54075,0,0.7533720931983974,0.7531833211453927,0.00018877205300454848,7.6062743241533315e-06,15,15
B,674,20,0.1,0.51325,0,0.7282899014588898,0.5195722806245193,0.20871762083437045,0.005079265256083996,14,14
B,674,20,0.5,0.56975,0,0.6821656589706729,0.5871935968352715,0.09497206213540144,0.003329995717731581,14,14
B,674,20,0.9,0.56225,0,0.7044584996428357,0.6893424253892954,0.015116074253540387,0.0009191248436277963,14,14
B,674,20,0.99,0.5515,0,0.7245836286993952,0.7231466821189908,0.0014369465804043495,0.00010023603476107142,14,14
B,674,20,0.999,0.55025,0,0.7269793284023032,0.7268360898890814,0.00014323851322168294,1.0099476413352346e-05,14,14
B,675,20,0.1,0.511,0,0.6544925026173583,0.6561216497917606,-0.0016291471744022178,0.004675371718147761,8,11
B,675,20,0.5,0.49525,0,0.627360113289905,0.6450632164588462,-0.01770310316894125,0.0028133576410697045,8,11
B,675,20,0.9,0.49075,0,0.633772851755301,0.6691993729923154,-0.03542652123701427,0.0016405253233305996,8,11
B,675,20,0.99,0.4935,0,0.6392995276007307,0.6828496189923392,-0.043550091391608516,0.0015098197590278015,8,11
B,675,20,0.999,0.49375,0,0.6399264051514707,0.6844170329381681,-0.04449062778669759,0.0015009203182964348,8,11
B,676,20,0.1,0.52875,0,0.6676253341175491,0.5119993953489389,0.15562593876861022,0.005411075447046433,15,15
B,676,20,0.5,0.55675,0,0.6591463750587557,0.5798497132872003,0.07929666177155537,0.003122629642766018,15,15
B,676,20,0.9,0.46225,0,0.6963435317480505,0.6922781719067592,0.004065359841291373,0.0007158536424196537,15,15
B,676,20,0.99,0.39875,0,0.7314597338411091,0.731803287387606,-0.00034355354649703656,7.705499376236855e-05,15,15
B,676,20,0.999,0.3915,0,0.7361131480222628,0.7361557838862325,-4.263586396966551e-05,7.77150677278597e-06,15,15
B,677,20,0.1,0.48125,0,0.5012764290044056,0.6610110432965655,-0.1597346142921599,0.005445575486642648,10,12
B,677,20,0.5,0.40125,0,0.5434691165250571,0.6635967296550501,-0.12012761312999279,0.0036618007240007836,10,12
B,677,20,0.9,0.32425,0,0.6165196685054116,0.6980474136260273,-0.08152774512061578,0.002143654434810499,10,12
B,677,20,0.99,0.318,0,0.6372366335476877,0.7110227341450864,-0.07378610059739885,0.0019702907812595895,10,12
B,677,20,0.999,0.3175,0,0.6394068081420122,0.7124561506274352,-0.07304934248542296,0.001959581975923974,10,12
B,678,20,0.1,0.522,0,0.738360604879757,0.5252702855055765,0.2130903193741804,0.004983650225947711,16,16
B,678,20,0.5,0.5645,0,0.7052036491940804,0.6177707047717448,0.08743294442233557,0.003233921328287754,16,16
B,678,20,0.9,0.53275,0,0.7528117672946498,0.7484618120766848,0.004349955217964905,0.000928894792440087,16,16
B,678,20,0.99,0.51875,0,0.790238948832062,0.7902482985339548,-9.349701892753527e-06,0.00010468555894358989,16,16
B,678,20,0.999,0.51825,0,0.7947396951815667,0.7947440575841304,-4.3624025635859435e-06,1.0598798744084135e-05,16,16
B,679,20,0.1,0.4675,0,0.4967661774168754,0.7460352057489966,-0.24926902833212122,0.0049816678504853275,13,13
B,679,20,0.5,0.3425,0,0.5342291181390362,0.7216669766955792,-0.18743785855654316,0.0031498289394286797,13,13
B,679,20,0.9,0.18825,0,0.6715812501454238,0.743304986631387,-0.07172373648596311,0.0009660264885784744,13,13
B,679,20,0.99,0.15975,0,0.7524663800379512,0.7613745225828643,-0.008908142544913008,0.00011550034889009683,13,13
B,679,20,0.999,0.15725,0,0.7625594380249825,0.7634712481609108,-0.0009118101359284034,1.177533170458717e-05,13,13
B,680,20,0.1,0.5,0,0.7456919433861372,0.6603624484544041,0.08532949493173309,0.0036332904568978095,11,11
B,680,20,0.5,0.5675,0,0.7334228641834154,0.6586569423742162,0.07476592180919918,0.002072964542232992,11,11
B,680,20,0.9,0.659,0,0.7186120246286263,0.6995882899125732,0.019023734716053134,0.0004367733084789728,11,11
B,680,20,0.99,0.68075,0,0.7158804370127415,0.7139042037251248,0.0019762332876168127,4.420153865084857e-05,11,11
B,680,20,0.999,0.68175,0,0.7156230894197769,0.7154248500478241,0.0001982393719528376,4.424690282078805e-06,11,11
B,681,20,0.1,0.48925,0,0.5183472105178852,0.6671786839264692,-0.1488314734085838,0.005384414468446822,17,17
B,681,20,0.5,0.40075,0,0.6026661923505054,0.7008413640629799,-0.09817517171247442,0.0035533973362032165,17,17
B,681,20,0.9,0.23625,0,0.7492756988430621,0.7834280554123996,-0.03415235656933757,0.0009320384084172886,17,17
B,681,20,0.99,0.2025,0,0.8182026894346088,0.8222485459747633,-0.0040458565401543765,9.996173811142836e-05,17,17
B,681,20,0.999,0.1985,0,0.8266480518669062,0.8270599107040109,-0.00041185883710462257,1.0077131673352523e-05,17,17
B,682,20,0.1,0.49025,0,0.5036063635031399,0.5170270959198714,-0.013420732416731444,0.005778970613567018,19,19
B,682,20,0.5,0.46525,0,0.5549683415882273,0.600828379644669,-0.045860038056441656,0.0032326227440857606,19,19
B,682,20,0.9,0.453,0,0.6792862753240333,0.6907488704214158,-0.011462595097382351,0.0007581225673300541,19,19
B,682,20,0.99,0.47025,0,0.7216990396041092,0.7226792824404245,-0.000980242836315256,8.062141295242464e-05,19,19
B,682,20,0.999,0.4725,0,0.7263321765296412,0.7264281966106317,-9.602008099070429e-05,8.12068596546804e-06,19,19
B,683,20,0.1,0.5295,0,0.7336059696281807,0.4964314530698518,0.23717451655832894,0.005128919321969974,16,16
B,683,20,0.5,0.65625,0,0.7127839635784021,0.5052134882358619,0.20757047534254028,0.0032709518261621476,16,16
B,683,20,0.9,0.8875,0,0.7409743904495323,0.6424299348634229,0.09854445558610946,0.0010384897145367647,16,16
B,683,20,0.99,0.9175,0,0.7571321244610856,0.7445595908414835,0.01257253361960208,0.00012567920466803378,16,16
B,683,20,0.999,0.92075,0,0.7589438070751529,0.7576547980367645,0.0012890090383883526,1.2840577685074883e-05,16,16
B,684,20,0.1,0.474,0,0.5208742799034962,0.7376001355479354,-0.216725855644439,0.00499112854204938,18,18
B,684,20,0.5,0.40325,0,0.5982944008596448,0.7154496348165595,-0.11715523395691477,0.0029493690224041734,18,18
B,684,20,0.9,0.2885,0,0.6921814818927416,0.7324603286246754,-0.040278846731933625,0.0008216078756755053,18,18
B,684,20,0.99,0.24225,0,0.7483385409796883,0.7541878051284878,-0.005849264148799587,0.00010881324226476995,18,18
B,684,20,0.999,0.2395,0,0.7563605203183991,0.7569676306753663,-0.0006071103569673492,1.1245230660815089e-05,18,18
B,685,20,0.1,0.50975,0,0.49699935131967005,0.5222446651029422,-0.02524531378327224,0.005876514111176251,15,8
B,685,20,0.5,0.462,0,0.5467027503417369,0.6046243781666563,-0.05792162782491934,0.003775173201051314,15,8
B,685,20,0.9,0.3955,0,0.6856750526870715,0.696001272856565,-0.010326220169493625,0.001604185783632233,15,8
B,685,20,0.99,0.38325,0,0.7422371515302559,0.7195388023022624,0.02269834922799351,0.0011184611645876437,15,8
B,685,20,0.999,0.382,0,0.7486242960108276,0.7219596487812484,0.026664647229579102,0.0010859225836140902,15,8
B,686,20,0.1,0.507,0,0.6540508593639325,0.5235543175408423,0.13049654182309012,0.005150820658719572,15,15
B,686,20,0.5,0.52825,0,0.6385046837938221,0.6007712708163029,0.037733412977519296,0.002712285743634141,15,15
B,686,20,0.9,0.4195,0,0.7103562248022037,0.7157622301398529,-0.005406005337648957,0.0006137171512915333,15,15
B,686,20,0.99,0.35275,0,0.7560665410017081,0.7571530057167501,-0.001086464715042029,6.34905894897529e-05,15,15
B,686,20,0.999,0.34575,0,0.7617497768065011,0.7618647696882966,-0.0001149928817955536,6.376225642811111e-06,15,15
B,687,20,0.1,0.492,0,0.5102478837323207,0.5006008797609295,0.009647003971391238,0.005801958702850924,19,19
B,687,20,0.5,0.539,0,0.5944274619877945,0.5476643884228284,0.04676307356496609,0.003582692901802314,19,19
B,687,20,0.9,0.60875,0,0.722364434398092,0.6995154662942514,0.022848968103840513,0.000932809124912462,19,19
B,687,20,0.99,0.627,0,0.7661506882618689,0.7634043377958878,0.002746350465981026,0.00010144430147855104,19,19
B,687,20,0.999,0.63075,0,0.7709669110338275,0.7706872015344611,0.000279709499366276,1.0228203846540182e-05,19,19
B,688,20,0.1,0.5245,0,0.7328761103199272,0.5187897954319665,0.21408631488796073,0.0048106901114283295,16,16
B,688,20,0.5,0.6295,0,0.7054057397097648,0.5816023795413913,0.12380336016837344,0.0026144582884152817,16,16
B,688,20,0.9,0.791,0,0.7192672801502753,0.6848084035656982,0.03445887658457713,0.000599014953699953,16,16
B,688,20,0.99,0.845,0,0.7467857627393342,0.7425093156097964,0.00427644712953766,6.71621988196314e-05,16,16
B,688,20,0.999,0.85125,0,0.7505068236498157,0.7500681553832758,0.0004386682665398842,6.820211142788242e-06,16,16
B,689,20,0.1,0.51175,0,0.6588030689347185,0.5247671685159714,0.1340359004187471,0.005349451480888688,13,13
B,689,20,0.5,0.538,0,0.6649825289332758,0.6044949053309058,0.06048762360237008,0.003329103441437154,13,13
B,689,20,0.9,0.514,0,0.7251334480223,0.7100110819872725,0.015122366035027398,0.000997555378174302,13,13
B,689,20,0.99,0.4865,0,0.7495181489829599,0.7477986705223724,0.0017194784605875327,0.00011335800961643732,13,13
B,689,20,0.999,0.4845,0,0.7522388754837637,0.7520645022335857,0.0001743732501780133,1.1475548263231697e-05,13,13
B,690,20,0.1,0.472,0,0.5257638111967269,0.6751248782893695,-0.14936106709264257,0.005481304737350527,18,18
B,690,20,0.5,0.4495,0,0.6265949064341075,0.7047998421359966,-0.07820493570188894,0.0036766309022731505,18,18
B,690,20,0.9,0.46475,0,0.7505406430011273,0.7645754870593553,-0.014034844058227823,0.0010085715633974257,18,18
B,690,20,0.99,0.465,0,0.7865656563615386,0.7879482235685528,-0.001382567207013973,0.0001085559768711967,18,18
B,690,20,0.999,0.4635,0,0.7903994830755506,0.7905374357184659,-0.00013795264291524767,1.0934619526170682e-05,18,18
B,691,20,0.1,0.47875,0,0.48451566603205054,0.6636637749756453,-0.1791481089435947,0.005193227770863804,18,18
B,691,20,0.5,0.371,0,0.5114899890534941,0.6723521366721708,-0.16086214761867676,0.00324223829954976,18,18
B,691,20,0.9,0.239,0,0.6469192256813394,0.7052844064035485,-0.058365180722209045,0.0009669634319849713,18,18
B,691,20,0.99,0.2115,0,0.711959062279454,0.7187138576838326,-0.006754795404378486,0.00010927575175726587,18,18
B,691,20,0.999,0.2105,0,0.7195485695591018,0.720234092288935,-0.0006855227298331985,1.1069034315679513e-05,18,18
B,692,20,0.1,0.497,0,0.7463516595535794,0.7320296803900236,0.01432197916355578,0.0038851390370670787,17,17
B,692,20,0.5,0.51325,0,0.7326584137934407,0.7081095684764995,0.024548845316941226,0.002321393932529631,17,17
B,692,20,0.9,0.53125,0,0.7379779409764844,0.7316495448854625,0.006328396091021851,0.0005464516300736384,17,17
B,692,20,0.99,0.531,0,0.7464042755497436,0.7457758244239859,0.0006284511257577144,5.7639735995275076e-05,17,17
B,692,20,0.999,0.52975,0,0.7474596577420655,0.747396846791451,6.281095061450979e-05,5.796168008270341e-06,17,17
B,693,20,0.1,0.48575,0,0.655514244249009,0.726856367430446,-0.07134212318143715,0.0034936988008393613,16,16
B,693,20,0.5,0.4565,0,0.6586732771912663,0.6986669631209282,-0.03999368592966186,0.001875578032901761,16,16
B,693,20,0.9,0.43925,0,0.7344164400605048,0.7416344144624376,-0.00721797440193264,0.0003589624635757744,16,16
B,693,20,0.99,0.43825,0,0.7691818974968418,0.7699148985090399,-0.0007330010121980486,3.679442837895811e-05,16,16
B,693,20,0.999,0.43775,0,0.7730232230355774,0.7730968221531717,-7.359911759411722e-05,3.6907618527860203e-06,16,16
B,694,20,0.1,0.494,0,0.7333572072657075,0.7462838436566122,-0.0129266363909046,0.003494561360255506,18,18
B,694,20,0.5,0.4675,0,0.71578411859406,0.7434300793562263,-0.027645960762166234,0.0022766238220193855,18,18
B,694,20,0.9,0.47825,0,0.7930994456912379,0.7936705613773823,-0.0005711156861445421,0.0007326256071335077,18,18
B,694,20,0.99,0.5105,0,0.8291543528932006,0.8283060565808328,0.0008482963123677119,9.61454987807952e-05,18,18
B,694,20,0.999,0.512,0,0.8331549733860081,0.8330599169164098,9.50564695983399e-05,9.867320573907425e-06,18,18
B,695,20,0.1,0.495,0,0.517364474383018,0.4969696866970457,0.02039478768597223,0.005926492120503412,10,2
B,695,20,0.5,0.5685,0,0.6183027544463043,0.4969169880350241,0.12138576641128031,0.0045908756942960975,10,2
B,695,20,0.9,0.7915,0,0.7438496898830141,0.4968864782833273,0.2469632115996867,0.0037814251308330793,10,2
B,695,20,0.99,0.836,0,0.7832268434221826,0.4968813038907655,0.286345539531417,0.003619305727645078,10,2
B,695,20,0.999,0.83875,0,0.7876100797356094,0.4968808120775729,0.29072926765803647,0.0036032058003016886,10,2
B,696,20,0.1,0.47425,0,0.5225250852963862,0.7403651232153432,-0.21784003791895695,0.0037429397811786515,19,19
B,696,20,0.5,0.3925,0,0.6094836050149888,0.7257670039594827,-0.11628339894449391,0.002107681539915419,19,19
B,696,20,0.9,0.3095,0,0.7133012737423305,0.7390125971867555,-0.025711323444424925,0.00046463112225131873,19,19
B,696,20,0.99,0.29075,0,0.7454845189783096,0.7481888324991233,-0.0027043135208137275,4.828934689990478e-05,19,19
B,696,20,0.999,0.28825,0,0.7489839711886375,0.7492562783741925,-0.00027230718555510227,4.852592985462993e-06,19,19
B,697,20,0.1,0.4615,0,0.5209552744187609,0.741760993509966,-0.2208057190912051,0.003755373473630844,11,13
B,697,20,0.5,0.391,0,0.5878236142109975,0.7157635539188358,-0.12793993970783835,0.002270486396081101,11,13
B,697,20,0.9,0.33625,0,0.6657841497330499,0.7185073528475149,-0.052723203114465135,0.0012770200712714488,11,13
B,697,20,0.99,0.324,0,0.6890956447946357,0.7236449714794195,-0.03454932668478381,0.001249016569174866,11,13
B,697,20,0.999,0.32225,0,0.6915434665269701,0.724225266358322,-0.032681799831351804,0.0012538351012329305,11,13
B,698,20,0.1,0.4935,0,0.747700237148136,0.7380503914081868,0.009649845739949056,0.003735342869191067,15,15
B,698,20,0.5,0.53225,0,0.7465741032653772,0.7167872222076159,0.0297868810577612,0.002014792898143595,15,15
B,698,20,0.9,0.649,0,0.7611467888417658,0.7451276498357183,0.016019139006047445,0.0005000317626824059,15,15
B,698,20,0.99,0.682,0,0.7690352957600289,0.7670439587780384,0.001991336981990472,5.4984448488482586e-05,15,15
B,698,20,0.999,0.68425,0,0.7699352621079469,0.7697320643947787,0.000203197713168264,5.5491205698719056e-06,15,15
B,699,20,0.1,0.504,0,0.6685740237011127,0.6597451495219325,0.008828874179180317,0.004925965965970264,14,14
B,699,20,0.5,0.50975,0,0.6919906609842702,0.6620585512086742,0.029932109775596027,0.003699529344709228,14,14
B,699,20,0.9,0.60275,0,0.7624466047758732,0.7241903543621957,0.03825625041367751,0.001455680043423527,14,14
B,699,20,0.99,0.64675,0,0.7959211209410818,0.7898952149936063,0.006025905947475518,0.00017896256929428273,14,14
B,699,20,0.999,0.65325,0,0.799802702537474,0.7991742685117007,0.0006284340257733382,1.8244361178123003e-05,14,14
B,700,20,0.1,0.5035,0,0.6656988266040242,0.4986371276969029,0.1670616989071214,0.005155117698763589,17,17
B,700,20,0.5,0.58125,0,0.640944973361236,0.5395495654464271,0.10139540791480896,0.0028651856933994556,17,17
B,700,20,0.9,0.643,0,0.6637399430902814,0.6396685699036591,0.024071373186622246,0.0006761154651898578,17,17
B,700,20,0.99,0.65825,0,0.6795608469992436,0.6769406866382391,0.0026201603610044666,7.233069304911431e-05,17,17
B,700,20,0.999,0.65975,0,0.6813897485308378,0.6811253658839634,0.00026438264687433764,7.287452629546732e-06,17,17
B,701,20,0.1,0.52,0,0.665661298157733,0.5154862300778573,0.15017506807987566,0.00342876812085957,19,19
B,701,20,0.5,0.576,0,0.68253099247421,0.596936680715974,0.08559431175823604,0.0020052272584318736,19,19
B,701,20,0.9,0.63275,0,0.7566663122554302,0.7349403423135186,0.021725969941911717,0.0005107360922274381,19,19
B,701,20,0.99,0.65975,0,0.7961389342349093,0.7935816601595314,0.0025572740753779825,5.7915233262477514e-05,19,19
B,701,20,0.999,0.66175,0,0.8007432762503103,0.8004822503390806,0.00026102591122974294,5.883647529290796e-06,19,19
B,702,20,0.1,0.51575,0,0.7373037451471111,0.5266420535398185,0.21066169160729245,0.004868619477999523,12,12
B,702,20,0.5,0.60825,0,0.7228519556661974,0.6130435772914917,0.10980837837470568,0.0025119647427497725,12,12
B,702,20,0.9,0.71475,0,0.7463110501106847,0.7220034649912948,0.024307585119389827,0.000475691922242545,12,12
B,702,20,0.99,0.7555,0,0.7603852046689128,0.7578137046113915,0.0025715000575213328,4.774993647295544e-05,12,12
B,702,20,0.999,0.7585,0,0.7620120453844886,0.7617532685380211,0.0002587768464676912,4.78056053260651e-06,12,12
B,703,20,0.1,0.5345,0,0.736988908167247,0.5184192037401645,0.2185697044270825,0.004965394532565469,14,13
B,703,20,0.5,0.5925,0,0.6982638356669959,0.6002153587512286,0.09804847691576743,0.002727494601218777,14,13
B,703,20,0.9,0.63725,0,0.7197779013179971,0.6984396810625674,0.02133822025542983,0.0006713254857272186,14,13
B,703,20,0.99,0.635,0,0.7382200871405364,0.7359183803334354,0.0023017068071008663,7.465037988012537e-05,14,13
B,703,20,0.999,0.6345,0,0.7403516151363765,0.7401203521237176,0.00023126301265875197,7.548535786836434e-06,14,13
B,704,20,0.1,0.5185,0,0.6574132566716842,0.5213366202477244,0.13607663642395967,0.005393084240433981,18,18
B,704,20,0.5,0.53925,0,0.6490689485217929,0.6037302614509918,0.045338687070801055,0.0034950335813947165,18,18
B,704,20,0.9,0.542,0,0.7048996781402179,0.7010950255527564,0.003804652587461544,0.0009016885951523453,18,18
B,704,20,0.99,0.55625,0,0.7350049446176544,0.7345908545259672,0.00041409009168722876,9.462204404157121e-05,18,18
B,704,20,0.999,0.559,0,0.7385211922189615,0.7384780156717144,4.3176547246987914e-05,9.525473599332724e-06,18,18
B,705,20,0.1,0.46775,0,0.5141638247907847,0.7354051089314703,-0.22124128414068564,0.00490253118760133,15,15
B,705,20,0.5,0.40975,0,0.5850499024402848,0.7065910330161689,-0.1215411305758841,0.0028706585785320507,15,15
B,705,20,0.9,0.3995,0,0.7030809777291,0.7326050468629742,-0.02952406913387406,0.0008570777227328232,15,15
B,705,20,0.99,0.412,0,0.7458606019083037,0.7491009642888755,-0.003240362380571748,9.913610805493704e-05,15,15
B,705,20,0.999,0.4145,0,0.7506768463773706,0.7510028880779711,-0.00032604170060039807,1.0051634354202263e-05,15,15
B,706,20,0.1,0.527,0,0.7333103694343254,0.49767037441685186,0.23563999501747354,0.004839572032480203,15,15
B,706,20,0.5,0.64675,0,0.6809044489937278,0.5053798533439436,0.17552459564978418,0.002929581390504734,15,15
B,706,20,0.9,0.793,0,0.6810676938104395,0.6175009730898723,0.0635667207205673,0.0009399593847197367,15,15
B,706,20,0.99,0.824,0,0.6974360333870036,0.6898760336669343,0.007559999720069223,0.00011201806620038657,15,15
B,706,20,0.999,0.82575,0,0.6995569072645319,0.6987868129522544,0.000770094312277539,1.1413714812166097e-05,15,15
B,707,20,0.1,0.53325,0,0.7430801121309534,0.5249294118913697,0.2181507002395837,0.0037683889207260255,16,16
B,707,20,0.5,0.58475,0,0.7413474095446694,0.6209259190752345,0.1204214904694349,0.0023888120604920464,16,16
B,707,20,0.9,0.59375,0,0.786407971737461,0.7597477623076481,0.02666020942981302,0.0006749808161422776,16,16
B,707,20,0.99,0.5855,0,0.8159027903313321,0.8132639193886602,0.002638870942671936,7.376704984999498e-05,16,16
B,707,20,0.999,0.5855,0,0.8196932345138092,0.8194291096953851,0.0002641248184241103,7.448324063213866e-06,16,16
B,708,20,0.1,0.5235,0,0.7422984806342472,0.5087910956676244,0.23350738496662285,0.005068250559590969,17,17
B,708,20,0.5,0.5845,0,0.738027951285524,0.6012222494937146,0.13680570179180937,0.003123998963910858,17,17
B,708,20,0.9,0.59775,0,0.7812676023348046,0.7541907275627743,0.027076874772030416,0.0007874333076450043,17,17
B,708,20,0.99,0.59175,0,0.8057658525516076,0.8031506563893382,0.0026151961622695222,8.466013619237348e-05,17,17
B,708,20,0.999,0.59225,0,0.808654264721181,0.8083930539635732,0.00026121075760782473,8.525375924560587e-06,17,17
B,709,20,0.1,0.50225,0,0.654544181179386,0.7382201780692356,-0.08367599688984942,0.0036335621424387625,15,15
B,709,20,0.5,0.463,0,0.648936933273903,0.7092680192277828,-0.060331085953879794,0.002237874517518231,15,15
B,709,20,0.9,0.408,0,0.7400065829910619,0.7552135581205344,-0.015206975129472536,0.0005383743855488552,15,15
B,709,20,0.99,0.39525,0,0.7805020212880576,0.7821483038108273,-0.0016462825227697394,5.720659437884269e-05,15,15
B,709,20,0.999,0.39275,0,0.7850465751085045,0.7852128932650514,-0.0001663181565468211,5.758406537382838e-06,15,15
B,710,20,0.1,0.50925,0,0.7397052313832652,0.6719527107647958,0.06775252061846937,0.004286447873343306,16,16
B,710,20,0.5,0.515,0,0.7199743831299295,0.6961586005164907,0.02381578261343881,0.0024584282139759324,16,16
B,710,20,0.9,0.5455,0,0.7697541873067111,0.7608209704096166,0.008933216897094446,0.0006608258741364555,16,16
B,710,20,0.99,0.559,0,0.7942131775079818,0.7930439368157067,0.0011692406922750576,7.404454238100605e-05,16,16
B,710,20,0.999,0.55775,0,0.796935676735397,0.7968153071872914,0.00012036954810569089,7.4843247073919006e-06,16,16
B,711,20,0.1,0.51975,0,0.7477308987574284,0.5119752322965845,0.23575566646084373,0.005100609467438723,12,12
B,711,20,0.5,0.621,0,0.7415536134459753,0.5566251890026807,0.1849284244432947,0.0033086869508053736,12,12
B,711,20,0.9,0.70675,0,0.741556571462866,0.6901004358185135,0.05145613564435238,0.0008672402061471751,12,12
B,711,20,0.99,0.71275,0,0.743082513569271,0.7375710784425651,0.00551143512670589,9.327170508496866e-05,12,12
B,711,20,0.999,0.713,0,0.7432698931111649,0.7427150427013615,0.0005548504098034598,9.397694683910243e-06,12,12
B,712,20,0.1,0.5165,0,0.5308538078198715,0.5016211992702796,0.02923260854959183,0.005727065228780524,13,14
B,712,20,0.5,0.568,0,0.6123419129197359,0.5455665758386418,0.06677533708109416,0.0033314144662947,13,14
B,712,20,0.9,0.64275,0,0.6929245112468757,0.6674780990334491,0.025446412213426518,0.0008180633548278156,13,14
B,712,20,0.99,0.652,0,0.7140986319687072,0.711223368686202,0.0028752632825051394,8.75790225670473e-05,13,14
B,712,20,0.999,0.653,0,0.716305437068191,0.7160142203851183,0.0002912166830727434,8.831022766193733e-06,13,14
B,713,20,0.1,0.5055,0,0.6579289318619526,0.5076614535502498,0.15026747831170273,0.005478710683621036,11,11
B,713,20,0.5,0.541,0,0.6613450544929758,0.58042684472916,0.08091820976381574,0.004015753788595126,11,11
B,713,20,0.9,0.57875,0,0.7281817327638194,0.7039356189016646,0.024246113862154715,0.001344417250711766,11,11
B,713,20,0.99,0.58875,0,0.7585973181587008,0.7557055112534552,0.0028918069052455728,0.00015460055793386704,11,11
B,713,20,0.999,0.59,0,0.7620706628377124,0.7617760641707226,0.00029459866698988447,1.5665256407744212e-05,11,11
B,714,20,0.1,0.4925,0,0.7488699004092787,0.7485966180439593,0.0002732823653193899,0.003383381280550363,14,14
B,714,20,0.5,0.48975,0,0.7506909508498966,0.7517623800083926,-0.0010714291584960822,0.0021489560279397144,14,14
B,714,20,0.9,0.50425,0,0.7970053596926091,0.7977567787863007,-0.0007514190936916662,0.0006267682517812539,14,14
B,714,20,0.99,0.52875,0,0.8203991897231544,0.8204171529371755,-1.7963214021165062e-05,7.015129269885719e-05,14,14
B,714,20,0.999,0.53125,0,0.823082712975098,0.823084341328597,-1.628353499094723e-06,7.0955520804487726e-06,14,14
B,715,20,0.1,0.5135,0,0.6680040740935876,0.7422284691855732,-0.07422439509198576,0.0044527914365144325,18,18
B,715,20,0.5,0.5085,0,0.6973478817238313,0.7283842429352794,-0.03103636121144821,0.003098927162416223,18,18
B,715,20,0.9,0.5495,0,0.7858298355857489,0.78794005474548,-0.002110219159730931,0.0009717150063567437,18,18
B,715,20,0.99,0.55475,0,0.8232081611899423,0.8233964690323047,-0.00018830784236239972,0.00011063836939449591,18,18
B,715,20,0.999,0.55625,0,0.8275626280328257,0.8275819830704849,-1.9355037659204877e-05,1.1204058633330604e-05,18,18
B,716,20,0.1,0.48575,0,0.5275246614780011,0.6526136512910844,-0.1250889898130832,0.005367519873927889,14,14
B,716,20,0.5,0.4835,0,0.6226918980664055,0.6386455898428037,-0.01595369177639813,0.003584751244025871,14,14
B,716,20,0.9,0.58,0,0.7170372001326655,0.7014386474771331,0.015598552655532288,0.001047633026179346,14,14
B,716,20,0.99,0.60025,0,0.7389223815855904,0.7368451528971489,0.002077228688441454,0.00011439218684140262,14,14
B,716,20,0.999,0.60225,0,0.74115588293918,0.7409417992804668,0.0002140836587131379,1.1551622957684644e-05,14,14
B,717,20,0.1,0.49975,0,0.5245820434205221,0.6507376287920834,-0.12615558537156132,0.005050999894224822,15,16
B,717,20,0.5,0.48125,0,0.5981899024823911,0.6390828730932044,-0.04089297061081308,0.00248805809412799,15,16
B,717,20,0.9,0.4725,0,0.6841279737104974,0.6903582756441405,-0.006230301933643055,0.00047552269215690935,15,16
B,717,20,0.99,0.47675,0,0.7328228348803552,0.7334158732992785,-0.0005930384189234701,4.827262591477825e-05,15,16
B,717,20,0.999,0.47775,0,0.7392783990000251,0.7393371704108722,-5.877141084703728e-05,4.83794093373743e-06,15,16
B,718,20,0.1,0.49525,0,0.7395094824024203,0.743010988035836,-0.00350150563341572,0.004010181692929047,19,19
B,718,20,0.5,0.485,0,0.7087529593217397,0.7325293643435487,-0.02377640502180897,0.0025867122349301714,19,19
B,718,20,0.9,0.3735,0,0.7493698120026968,0.768688758550601,-0.019318946547904305,0.0007693256461897965,19,19
B,718,20,0.99,0.343,0,0.7837570899422335,0.7861270961504699,-0.0023700062082364004,8.670850461991361e-05,19,19
B,718,20,0.999,0.34125,0,0.7878354598777989,0.7880765168270059,-0.00024105694920703656,8.766659976469007e-06,19,19
B,719,20,0.1,0.51875,0,0.6693278982530239,0.4929670644162176,0.17636083383680615,0.005245216698551999,16,16
B,719,20,0.5,0.6235,0,0.6868872223292765,0.5280516442445469,0.15883557808472948,0.00312267555591109,16,16
B,719,20,0.9,0.82225,0,0.7408308407447661,0.6642761951496375,0.07655464559512863,0.0009963577322990153,16,16
B,719,20,0.99,0.88275,0,0.7857387893358064,0.7749334686954397,0.010805320640366827,0.000120547582375388,16,16
B,719,20,0.999,0.8865,0,0.7914317876230476,0.7903120596167338,0.0011197280063137698,1.2360067718396348e-05,16,16
B,720,20,0.1,0.51425,0,0.669732446276046,0.5015235748401584,0.16820887143588736,0.005404107790025735,7,5
B,720,20,0.5,0.65575,0,0.7048784203625262,0.5098801709363238,0.19499824942620242,0.0037443528706228675,7,5
B,720,20,0.9,0.8585,0,0.7489396708967112,0.5708885661064096,0.17805110479030162,0.0027583434974023766,7,5
B,720,20,0.99,0.88475,0,0.7603594112878573,0.598457285714419,0.1619021255734383,0.003008555376220384,7,5
B,720,20,0.999,0.8865,0,0.7615329590086563,0.6015691757942145,0.1599637832144416,0.0030498488054815916,7,5
B,721,20,0.1,0.51275,0,0.6674375360135796,0.5066816563447076,0.16075587966887198,0.005379597613254141,15,16
B,721,20,0.5,0.60725,0,0.6884720113661713,0.5585914869000121,0.12988052446615922,0.003246412048739703,15,16
B,721,20,0.9,0.71225,0,0.7449426608384966,0.7047919548189532,0.04015070601954344,0.0008437979333242601,15,16
B,721,20,0.99,0.72775,0,0.7685636743025175,0.7639937390662515,0.004569935236266162,9.417379780597121e-05,15,16
B,721,20,0.999,0.7285,0,0.7712326955919679,0.7707700880103221,0.0004626075816458611,9.528670372738065e-06,15,16
B,722,20,0.1,0.465,0,0.5204276459637935,0.6622584911935212,-0.14183084522972766,0.005353540417101458,20,20
B,722,20,0.5,0.41175,0,0.5814921947694226,0.6755207791300869,-0.0940285843606643,0.0034289829450334405,20,20
B,722,20,0.9,0.38075,0,0.6984147322819656,0.731913558474528,-0.03349882619256236,0.00118237741962821,20,20
B,722,20,0.99,0.38075,0,0.7626221389189429,0.7667875500315925,-0.004165411112649553,0.00014533151500218798,20,20
B,722,20,0.999,0.3815,0,0.7709894398936413,0.7714187477682437,-0.0004293078746022431,1.492566015697593e-05,20,20
B,723,20,0.1,0.486,0,0.6746244446925346,0.6583909646553919,0.01623348003714267,0.004810010435869141,12,12
B,723,20,0.5,0.486,0,0.6867913436908445,0.6678435845399041,0.018947759150940484,0.0032833863979498203,12,12
B,723,20,0.9,0.3895,0,0.763625211326001,0.760343808316044,0.0032814030099568886,0.0014182595491864468,12,12
B,723,20,0.99,0.347,0,0.8179441715106921,0.8165742199738997,0.0013699515367923936,0.0002019864197357581,12,12
B,723,20,0.999,0.344,0,0.8246767875665237,0.8245208646176634,0.00015592294886035196,2.0953144926818977e-05,12,12
B,724,20,0.1,0.49875,0,0.5217418841864779,0.5121561519047425,0.00958573228173547,0.0058752866740770385,16,16
B,724,20,0.5,0.51725,0,0.6031125648928988,0.5848877880156822,0.018224776877216534,0.003373492442754833,16,16
B,724,20,0.9,0.514,0,0.6945161544103466,0.6901600589620549,0.004356095448291613,0.000742550114830272,16,16
B,724,20,0.99,0.51175,0,0.7281747610004313,0.7277585286779406,0.0004162323224907496,7.694105067063835e-05,16,16
B,724,20,0.999,0.51,0,0.7320233725299415,0.7319825160216814,4.085650826009681e-05,7.731489549361834e-06,16,16
B,725,20,0.1,0.479,0,0.5223002459080126,0.7457566190138508,-0.22345637310583824,0.005165538523917227,14,14
B,725,20,0.5,0.40525,0,0.5992019888750844,0.7303248648771434,-0.131122876002059,0.004033866381456535,14,14
B,725,20,0.9,0.3415,0,0.7340388299001112,0.77036449875028,-0.03632566885016899,0.0015148695610762812,14,14
B,725,20,0.99,0.30675,0,0.8103009879224176,0.8146784846779274,-0.0043774967555097535,0.00017837794549325527,14,14
B,725,20,0.999,0.3015,0,0.8204521601799476,0.8209002492464993,-0.000448089066551676,1.8140618744723933e-05,14,14
B,726,20,0.1,0.49575,0,0.6715773656389196,0.7400938355575322,-0.06851646991861261,0.004388657280771445,16,18
B,726,20,0.5,0.47725,0,0.6833531448876773,0.7292362057536729,-0.04588306086599544,0.002984662191835209,16,18
B,726,20,0.9,0.465,0,0.7337288960644212,0.7640734892320511,-0.030344593167629788,0.0012262850489937176,16,18
B,726,20,0.99,0.461,0,0.7623280317026769,0.7821357519404999,-0.019807720237822936,0.0009140469987915882,16,18
B,726,20,0.999,0.4605,0,0.7657155925644843,0.7841810537363539,-0.01846546117186969,0.0009157688965057969,16,18
B,727,20,0.1,0.491,0,0.5326408760252909,0.6703016635799242,-0.13766078755463337,0.005363242419531307,18,18
B,727,20,0.5,0.4355,0,0.6147088657186341,0.6815868066489599,-0.06687794093032585,0.003579703394947986,18,18
B,727,20,0.9,0.409,0,0.7516631431167771,0.7636542620016619,-0.011991118884884772,0.0010846896018095722,18,18
B,727,20,0.99,0.4115,0,0.8140189142366722,0.81517757376694,-0.001158659530267717,0.00013181986565259836,18,18
B,727,20,0.999,0.40975,0,0.8215818790872302,0.8216961650759697,-0.00011428598873936655,1.3530020951951848e-05,18,18
B,728,20,0.1,0.48925,0,0.6719789528661082,0.7415832606617736,-0.06960430779566538,0.004340745738451682,18,18
B,728,20,0.5,0.45675,0,0.6982748410383626,0.7393933414043974,-0.041118500366034844,0.002380284663202221,18,18
B,728,20,0.9,0.38225,0,0.7740708181646566,0.7868915843141971,-0.01282076614954061,0.0005212387991949975,18,18
B,728,20,0.99,0.347,0,0.8051091646159156,0.8065655425113034,-0.0014563778953878086,5.368749384888302e-05,18,18
B,728,20,0.999,0.34425,0,0.8085786142837057,0.8087259585638276,-0.00014734428012184875,5.38952917331618e-06,18,18
B,729,20,0.1,0.47275,0,0.5265146082952329,0.6521383010278746,-0.12562369273264182,0.0052139850725884665,15,15
B,729,20,0.5,0.48675,0,0.6144248156948142,0.6365018463325852,-0.022077030637770934,0.0027158709637903253,15,15
B,729,20,0.9,0.61475,0,0.6993199355246377,0.6909905982030459,0.008329337321591624,0.0005578302664992009,15,15
B,729,20,0.99,0.66,0,0.7223785531157392,0.7211795032403443,0.0011990498753949779,5.687936173554591e-05,15,15
B,729,20,0.999,0.66525,0,0.7248217097149439,0.7246979122400644,0.00012379747487946646,5.702053580360944e-06,15,15
B,730,20,0.1,0.51325,0,0.6644685710893332,0.5065236026564887,0.15794496843284458,0.005767086439247862,14,1
B,730,20,0.5,0.58225,0,0.671666979558058,0.5065236026564889,0.1651433769015692,0.005341962979454267,14,1
B,730,20,0.9,0.7195,0,0.7635168948155044,0.5065236026564888,0.2569932921590157,0.0045933722204828924,14,1
B,730,20,0.99,0.779,0,0.8164123848532926,0.5065236026564889,0.3098887821968038,0.004323720276070455,14,1
B,730,20,0.999,0.78525,0,0.8229375418448673,0.5065236026564888,0.3164139391883785,0.004297427230973349,14,1
B,731,20,0.1,0.49925,0,0.5017057246288027,0.515008562458956,-0.013302837830153404,0.005508217220693995,19,19
B,731,20,0.5,0.464,0,0.5370615545879543,0.5738954776393452,-0.03683392305139091,0.002551944707033541,19,19
B,731,20,0.9,0.35075,0,0.6432316483311695,0.6591209835305701,-0.01588933519940068,0.0004560106316540175,19,19
B,731,20,0.99,0.27975,0,0.7159929697440427,0.7181724176047243,-0.0021794478606816116,4.716212647255266e-05,19,19
B,731,20,0.999,0.27075,0,0.7261142035547031,0.7263403162394059,-0.00022611268470284007,4.75690194161291e-06,19,19
B,732,20,0.1,0.5055,0,0.4985420281052094,0.5305570146479763,-0.0320149865427669,0.005495934026703981,8,8
B,732,20,0.5,0.45925,0,0.542294100793945,0.5896033942096549,-0.047309293415709816,0.0026359668835484874,8,8
B,732,20,0.9,0.3935,0,0.6089606413511809,0.6216246229037303,-0.012663981552549481,0.00047226040837687784,8,8
B,732,20,0.99,0.376,0,0.6252805734045573,0.6265966922533079,-0.0013161188487507529,4.6215897221448915e-05,8,8
B,732,20,0.999,0.37375,0,0.6269272461581881,0.6270593206714813,-0.0001320745132932287,4.611924388575579e-06,8,8
B,733,20,0.1,0.51475,0,0.7400940331603908,0.6625689549388303,0.07752507822156046,0.003620987561929478,19,19
B,733,20,0.5,0.558,0,0.706664216863495,0.6516492565065157,0.055014960356979156,0.001996895534255367,19,19
B,733,20,0.9,0.63325,0,0.7513381830264175,0.7322806881915219,0.0190574948348957,0.00042955025855551397,19,19
B,733,20,0.99,0.66275,0,0.7876873956478357,0.7853937840059357,0.002293611641900036,4.540206117135112e-05,19,19
B,733,20,0.999,0.6675,0,0.7920470513122291,0.7918131582326842,0.00023389307954491568,4.569770151064275e-06,19,19
B,734,20,0.1,0.51,0,0.6570479849136945,0.5113986346521854,0.1456493502615092,0.005323340739433927,14,14
B,734,20,0.5,0.59375,0,0.6484647074421684,0.5725451313067565,0.075919576135412,0.0034352290498226054,14,14
B,734,20,0.9,0.82425,0,0.7551300937036624,0.7211220386030003,0.03400805510066205,0.0010747687234915588,14,14
B,734,20,0.99,0.8905,0,0.8196235795258549,0.8148799034617833,0.0047436760640715775,0.0001229599306600968,14,14
B,734,20,0.999,0.8955,0,0.8276373648858641,0.8271456977518615,0.0004916671340026749,1.2448560574787e-05,14,14
B,735,20,0.1,0.49075,0,0.505148877403054,0.673054561003209,-0.16790568360015504,0.005273720128404854,17,17
B,735,20,0.5,0.3605,0,0.5401767549696059,0.6936541531481929,-0.15347739817858702,0.003332479788394065,17,17
B,735,20,0.9,0.1565,0,0.677027289777074,0.7338622049743756,-0.05683491519730161,0.0009220823046382788,17,17
B,735,20,0.99,0.12225,0,0.7443808391450136,0.7510786556912369,-0.006697816546223227,0.00010317141564300854,17,17
B,735,20,0.999,0.12,0,0.7523162766760496,0.7529969061635283,-0.0006806294874787491,1.0449786464024668e-05,17,17
B,736,20,0.1,0.50975,0,0.7253915445772803,0.6604807012508666,0.06491084332641364,0.0038381370491263568,16,16
B,736,20,0.5,0.526,0,0.6570104178495146,0.6539772906824358,0.0030331271670787684,0.0028572246243524935,16,16
B,736,20,0.9,0.60325,0,0.70371034754261,0.6973469286239294,0.006363418918680661,0.0009860712431474501,16,16
B,736,20,0.99,0.66175,0,0.7485136834047825,0.7463577846490235,0.0021558987557592155,0.0001228791359660973,16,16
B,736,20,0.999,0.66975,0,0.7540489815395265,0.7538090401670838,0.00023994137244263774,1.2632180948510037e-05,16,16
B,737,20,0.1,0.51,0,0.753822523227209,0.6717906895706472,0.08203183365656162,0.004537868128680113,16,16
B,737,20,0.5,0.5675,0,0.7613434984514483,0.6976813083451812,0.06366219010626725,0.003208927577950099,16,16
B,737,20,0.9,0.6545,0,0.7950558253182131,0.7791756604490966,0.01588016486911655,0.0009486065803833067,16,16
B,737,20,0.99,0.6765,0,0.8122949217388471,0.8106491471235799,0.0016457746152670932,0.00010495673751791732,16,16
B,737,20,0.999,0.67825,0,0.8143131789411403,0.8141476342332779,0.00016554470786252942,1.0607864265950719e-05,16,16
B,738,20,0.1,0.51325,0,0.6703325679179568,0.5248509295769713,0.14548163834098554,0.005260806714301729,16,16
B,738,20,0.5,0.57575,0,0.6977458074601263,0.5975692948018735,0.10017651265825261,0.003315948632222222,16,16
B,738,20,0.9,0.722,0,0.7534632320261906,0.7041041401947039,0.049359091831486734,0.0010386683529227927,16,16
B,738,20,0.99,0.76375,0,0.7753272335586036,0.7687145505784452,0.00661268298015844,0.00012255752122262403,16,16
B,738,20,0.999,0.76675,0,0.7777218717698922,0.7770417327136094,0.0006801390562826858,1.2489592596350732e-05,16,16
B,739,20,0.1,0.49575,0,0.6679439012089431,0.6804841888035341,-0.01254028759459093,0.004873839188195924,19,19
B,739,20,0.5,0.479,0,0.6986194206037384,0.7152198835885115,-0.016600462984773197,0.003247281918749099,19,19
B,739,20,0.9,0.43325,0,0.7788168415760466,0.7859683720078277,-0.007151530431781025,0.0008987370711704603,19,19
B,739,20,0.99,0.39875,0,0.8149077245397808,0.8159682186864157,-0.0010604941466347006,9.991660976416236e-05,19,19
B,739,20,0.999,0.396,0,0.8193321673820624,0.8194428180301533,-0.00011065064809083514,1.011173789374028e-05,19,19
B,740,20,0.1,0.50325,0,0.7386422984829776,0.6697522408555144,0.06889005762746314,0.004418510276749464,17,17
B,740,20,0.5,0.513,0,0.7231185982715425,0.6927561036967954,0.030362494574747073,0.003058397514900723,17,17
B,740,20,0.9,0.45325,0,0.7696266576521953,0.766688504313876,0.0029381533383191975,0.0010651966627172214,17,17
B,740,20,0.99,0.41675,0,0.8014473674852215,0.8013478534067919,9.951407842945939e-05,0.00012552122164847347,17,17
B,740,20,0.999,0.412,0,0.8053951590850172,0.8053871610923471,7.997992670175189e-06,1.2768695603131572e-05,17,17
B,741,20,0.1,0.48125,0,0.6725966294377486,0.7505800655012381,-0.07798343606348959,0.0036854290682622457,17,17
B,741,20,0.5,0.43525,0,0.6766697675355896,0.7445902878838754,-0.06792052034828577,0.0023890382573031415,17,17
B,741,20,0.9,0.3695,0,0.7159505172288896,0.7410235261073416,-0.025073008878452027,0.0007566704814043968,17,17
B,741,20,0.99,0.35775,0,0.7382017989415969,0.7411397287781233,-0.0029379298365264615,8.723032055686769e-05,17,17
B,741,20,0.999,0.35625,0,0.7408761991870366,0.7411750268470514,-0.00029882766001487385,8.847306849130354e-06,17,17
B,742,20,0.1,0.485,0,0.6681046736557009,0.7455231026226354,-0.07741842896693453,0.00386221318134632,19,19
B,742,20,0.5,0.4555,0,0.7010976573137379,0.7565739462817996,-0.055476288968061796,0.0027325469950575023,19,19
B,742,20,0.9,0.42125,0,0.7805223576715387,0.8039697857783774,-0.023447428106838652,0.0008096720378890112,19,19
B,742,20,0.99,0.401,0,0.8220648367990828,0.8250979662866844,-0.00303312948760152,9.191475797807928e-05,19,19
B,742,20,0.999,0.39925,0,0.8271792963648966,0.8274904379427673,-0.00031114157787078456,9.301610013733336e-06,19,19
B,743,20,0.1,0.513,0,0.736251033458022,0.7457783909993514,-0.009527357541329233,0.003946597722906685,13,14
B,743,20,0.5,0.48475,0,0.7144540065674664,0.7386957653102608,-0.024241758742794446,0.002908139414978615,13,14
B,743,20,0.9,0.43575,0,0.7483490044436147,0.7522929085560659,-0.003943904112451187,0.0009516583142177135,13,14
B,743,20,0.99,0.429,0,0.7670576097363468,0.7672725715579843,-0.0002149618216372841,0.0001076844327813837,13,14
B,743,20,0.999,0.4265,0,0.7691781832457739,0.7691980421157528,-1.9858869979060433e-05,1.0911652248746234e-05,13,14
B,744,20,0.1,0.5285,0,0.7361322530861931,0.5007351477195071,0.23539710536668607,0.003871140613648549,19,19
B,744,20,0.5,0.6545,0,0.7002115769172466,0.5201143871640836,0.18009718975316286,0.0026345094233645376,19,19
B,744,20,0.9,0.87725,0,0.7293842850193117,0.6538822869019005,0.07550199811741116,0.0008736049888024956,19,19
B,744,20,0.99,0.91425,0,0.7489948906951361,0.7395199528375483,0.009474937857587986,0.00010574345428954219,19,19
B,744,20,0.999,0.9185,0,0.7512146732282713,0.7502446747723264,0.0009699984559448435,1.0799212660831556e-05,19,19
B,745,20,0.1,0.504,0,0.6691733905635799,0.742411423278732,-0.07323803271515197,0.003702329048503469,18,18
B,745,20,0.5,0.487,0,0.6838967168400913,0.7278343006762062,-0.043937583836114825,0.002317860864069781,18,18
B,745,20,0.9,0.51475,0,0.7357125437639984,0.7374219572608144,-0.0017094134968159978,0.0007056953385067319,18,18
B,745,20,0.99,0.536,0,0.7597201123726097,0.759312297248041,0.00040781512456880016,8.284705042044745e-05,18,18
B,745,20,0.999,0.5395,0,0.7624212675453065,0.762373037485366,4.823005994049709e-05,8.43316510562975e-06,18,18
B,746,20,0.1,0.5035,0,0.5267071378593862,0.5085139654927135,0.01819317236667262,0.0058028024144184094,17,17
B,746,20,0.5,0.54725,0,0.6041383946051276,0.5523629461798603,0.05177544842526732,0.003403600754510026,17,17
B,746,20,0.9,0.6255,0,0.6998918790797733,0.6793286950045927,0.02056318407518081,0.0008603882634158,17,17
B,746,20,0.99,0.6235,0,0.7378652837021251,0.7356310793895738,0.0022342043125511985,9.500511724202426e-05,17,17
B,746,20,0.999,0.6225,0,0.7424339007855467,0.74220953141667,0.00022436936887689252,9.604851160801107e-06,17,17
B,747,20,0.1,0.50675,0,0.6694755067480073,0.653971902647595,0.015503604100412356,0.0046997257740126605,17,15
B,747,20,0.5,0.51975,0,0.6734068199863086,0.6278726440459832,0.04553417594032536,0.00284848468939641,17,15
B,747,20,0.9,0.57675,0,0.7293975783669544,0.6942427409240577,0.03515483744289674,0.0012983493116064343,17,15
B,747,20,0.99,0.6345,0,0.7814911239180758,0.7600716654192218,0.021419458498854026,0.0009255657336110284,17,15
B,747,20,0.999,0.6405,0,0.7887446781230669,0.7701916330661673,0.018553045056899628,0.0009077123462307912,17,15
B,748,20,0.1,0.50525,0,0.732682008262565,0.7230041422293234,0.009677866033241582,0.003625163497738804,20,20
B,748,20,0.5,0.50475,0,0.710082535387958,0.7025523052563941,0.0075302301315638386,0.0026495496843322247,20,20
B,748,20,0.9,0.4215,0,0.7600718593818415,0.7680273713246242,-0.007955511942782637,0.0008988368831656348,20,20
B,748,20,0.99,0.36925,0,0.8045428046647737,0.8062210701477288,-0.0016782654829551329,0.00010376336722163433,20,20
B,748,20,0.999,0.36275,0,0.8104663105155963,0.8106446298027716,-0.0001783192871753229,1.0542880679465748e-05,20,20
B,749,20,0.1,0.48775,0,0.6649458026123523,0.7448054187119318,-0.07985961609957945,0.004200936276641523,17,17
B,749,20,0.5,0.433,0,0.6763145309150534,0.7327709080965237,-0.056456377181470487,0.002283867319567523,17,17
B,749,20,0.9,0.333,0,0.7541921687103956,0.7722463495203463,-0.018054180809950724,0.0005063771261069365,17,17
B,749,20,0.99,0.29425,0,0.7892713853434536,0.7912925369889283,-0.0020211516454746274,5.297708317036351e-05,17,17
B,749,20,0.999,0.28825,0,0.793175085361584,0.7933797279108734,-0.00020464254928929452,5.3181896624372445e-06,17,17
B,750,20,0.1,0.48725,0,0.6592353040239878,0.7321186936005648,-0.07288338957657714,0.0036192288218047865,8,8
B,750,20,0.5,0.4825,0,0.6453587888321074,0.6852251838964949,-0.03986639506438743,0.0022060911584883365,8,8
B,750,20,0.9,0.51825,0,0.6686314836005692,0.6781091705346959,-0.009477686934126608,0.0005844777769573492,8,8
B,750,20,0.99,0.52825,0,0.6824235638028282,0.6834071049840138,-0.0009835411811856263,6.293519445453363e-05,8,8
B,750,20,0.999,0.5305,0,0.6840021243018809,0.6841014394817377,-9.931517985689131e-05,6.348890530715261e-06,8,8
B,751,20,0.1,0.49875,0,0.6688849153480819,0.752572402847986,-0.08368748749990433,0.004248878339684777,16,16
B,751,20,0.5,0.474,0,0.6915040603087652,0.7376165493719352,-0.04611248906317,0.002409506597059704,16,16
B,751,20,0.9,0.4665,0,0.7292517737195708,0.7372434636189775,-0.007991689899406856,0.0005230124911280663,16,16
B,751,20,0.99,0.468,0,0.7409428462259466,0.741729203452682,-0.0007863572267354546,5.365661586336599e-05,16,16
B,751,20,0.999,0.468,0,0.7421877358081805,0.7422658822996918,-7.814649151127387e-05,5.378175559425717e-06,16,16
B,752,20,0.1,0.49575,0,0.5250682795815953,0.5182963118494918,0.006771967732103588,0.005891638266956482,11,4
B,752,20,0.5,0.5245,0,0.598074879643553,0.5630687140314371,0.03500616561211588,0.003728940161136354,11,4
B,752,20,0.9,0.6135,0,0.6722004150420043,0.5906019915398957,0.08159842350210854,0.002248456531865589,11,4
B,752,20,0.99,0.644,0,0.6918165057395007,0.5952511468314288,0.09656535890807205,0.0021237413213123567,11,4
B,752,20,0.999,0.6475,0,0.6938524234550937,0.5956910245630678,0.09816139889202591,0.0021178535494282566,11,4
B,753,20,0.1,0.5155,0,0.6709486532985597,0.5242213240096535,0.1467273292889062,0.005374306928519063,16,16
B,753,20,0.5,0.56575,0,0.692515624887719,0.6029119080953597,0.08960371679235948,0.0034469958611210894,16,16
B,753,20,0.9,0.63725,0,0.7465001117425404,0.7138162683182079,0.03268384342433251,0.001004793111586696,16,16
B,753,20,0.99,0.6565,0,0.7645091589104198,0.7604490424283461,0.004060116482073755,0.00011332609095468265,16,16
B,753,20,0.999,0.65775,0,0.7663989813303197,0.7659831322949509,0.0004158490353687587,1.1472927058374379e-05,16,16
B,754,20,0.1,0.48925,0,0.7424793430049147,0.6719600143446277,0.07051932866028693,0.004340512649503419,19,19
B,754,20,0.5,0.50325,0,0.7314671806120768,0.7007841677182524,0.030683012893824604,0.002758225206465652,19,19
B,754,20,0.9,0.435,0,0.7556859988549518,0.761323478232879,-0.005637479377927351,0.0008288903008138839,19,19
B,754,20,0.99,0.39,0,0.7855108797774273,0.7871008355821267,-0.0015899558046994235,0.00010177561539604531,19,19
B,754,20,0.999,0.385,0,0.7898049809451309,0.7899759613289913,-0.00017098038386035802,1.0414494595471645e-05,19,19
B,755,20,0.1,0.50525,0,0.6746469847588433,0.745156358130321,-0.07050937337147761,0.00423173587462841,18,18
B,755,20,0.5,0.46625,0,0.7007156397131887,0.7323042517449089,-0.0315886120317204,0.0023352287491041875,18,18
B,755,20,0.9,0.432,0,0.7248519491674226,0.7256690215601728,-0.000817072392750198,0.0005988054003924433,18,18
B,755,20,0.99,0.42925,0,0.7313587615011329,0.7312060094017931,0.00015275209933973048,6.597823537200601e-05,18,18
B,755,20,0.999,0.42975,0,0.7320515927296972,0.7320341384396369,1.7454290060241294e-05,6.653716339803918e-06,18,18
B,756,20,0.1,0.51375,0,0.5036677481800943,0.5207838462766947,-0.01711609809660034,0.006014892515213261,14,14
B,756,20,0.5,0.44925,0,0.5283675739960826,0.6121578737267803,-0.08379029973069771,0.003953925181595862,14,14
B,756,20,0.9,0.31125,0,0.6665021348103749,0.7147264811074661,-0.04822434629709137,0.0011550286458973727,14,14
B,756,20,0.99,0.28475,0,0.7372856668337594,0.7434618599971006,-0.006176193163341098,0.00013175789545480927,14,14
B,756,20,0.999,0.28225,0,0.7458806657027712,0.746513599971956,-0.0006329342691846951,1.3364703051673109e-05,14,14
B,757,20,0.1,0.513,0,0.7421745309267116,0.6643635680736327,0.07781096285307891,0.004224400597160922,16,16
B,757,20,0.5,0.558,0,0.7208588892959226,0.6588884607304574,0.06197042856546538,0.002326803315942231,16,16
B,757,20,0.9,0.62575,0,0.7195290004670197,0.7014707529224631,0.018058247544556615,0.0004715177706772372,16,16
B,757,20,0.99,0.6395,0,0.7221473292163821,0.7202188323439143,0.001928496872467628,4.7610097624119454e-05,16,16
B,757,20,0.999,0.64075,0,0.7224527431799695,0.7222586740185705,0.00019406916139902113,4.765296416593655e-06,16,16
B,758,20,0.1,0.51425,0,0.7339449087959349,0.6698323822835823,0.0641125265123525,0.004416090757968294,18,18
B,758,20,0.5,0.536,0,0.7146869928727153,0.6824336464987678,0.032253346373947646,0.002821674341052689,18,18
B,758,20,0.9,0.5885,0,0.7480412077283763,0.737052339390194,0.010988868338182358,0.0006744940501033743,18,18
B,758,20,0.99,0.596,0,0.7610025498380075,0.7597503824963211,0.0012521673416864276,6.997613766972452e-05,18,18
B,758,20,0.999,0.5975,0,0.7623667370851118,0.7622398855227414,0.00012685156237061222,7.020225628155789e-06,18,18
B,759,20,0.1,0.49225,0,0.6708036203069788,0.7456934575600085,-0.07488983725302961,0.0043186680530555,18,18
B,759,20,0.5,0.47475,0,0.6876504768867838,0.7281319443908819,-0.04048146750409807,0.0024960118102823176,18,18
B,759,20,0.9,0.47225,0,0.7190126529700714,0.7341786092400868,-0.015165956270015286,0.0007180537776812974,18,18
B,759,20,0.99,0.4735,0,0.7371318868248083,0.7391537050622751,-0.0020218182374668386,8.652111674413246e-05,18,18
B,759,20,0.999,0.47325,0,0.7395233027985767,0.7397313522426539,-0.0002080494440770901,8.809225632298105e-06,18,18
B,760,20,0.1,0.5215,0,0.739563392121001,0.5259201424322232,0.21364324968877785,0.00488697510197364,16,16
B,760,20,0.5,0.5915,0,0.6954234669260063,0.5574943075227452,0.13792915940326111,0.003219770272865105,16,16
B,760,20,0.9,0.6355,0,0.7046873355804807,0.6475168843103492,0.05717045127013154,0.001320613801821903,16,16
B,760,20,0.99,0.63775,0,0.7306196649061422,0.7236741911306479,0.006945473775494234,0.00016597600233034503,16,16
B,760,20,0.999,0.63525,0,0.7342901181408031,0.73358371236638,0.0007064057744232374,1.6995743981776677e-05,16,16
B,761,20,0.1,0.5035,0,0.6612879694650114,0.6545921937388504,0.0066957757261611114,0.004811191702450555,14,14
B,761,20,0.5,0.52475,0,0.6619426986539758,0.6388472570007454,0.023095441653230638,0.00328391521955117,14,14
B,761,20,0.9,0.592,0,0.7239983113272467,0.7139107096970183,0.010087601630228307,0.0011992700769278722,14,14
B,761,20,0.99,0.6215,0,0.762054035269436,0.7610821980508443,0.0009718372185917441,0.00014830808216987262,14,14
B,761,20,0.999,0.62625,0,0.7669302466003207,0.7668343851158839,9.586148443696038e-05,1.5178579974518666e-05,14,14
B,762,20,0.1,0.474,0,0.5142250324194204,0.7446865373904472,-0.23046150497102688,0.004917844998825612,7,7
B,762,20,0.5,0.35925,0,0.5925259952531117,0.7411600071075091,-0.14863401185439734,0.0030607159558560314,7,7
B,762,20,0.9,0.2235,0,0.7151466943666793,0.7514180628088704,-0.036271368442191,0.0007458778499499191,7,7
B,762,20,0.99,0.19975,0,0.7522521579428992,0.7560374565631357,-0.0037852986202364944,7.793789818699483e-05,7,7
B,762,20,0.999,0.1985,0,0.7561738534199705,0.7565541618616902,-0.0003803084417197443,7.824809394277463e-06,7,7
B,763,20,0.1,0.512,0,0.7376140925238409,0.7356607586205312,0.0019533339033097736,0.00405795928021434,18,18
B,763,20,0.5,0.49125,0,0.7202367675823717,0.7100836682884712,0.010153099293900417,0.0029488901595967373,18,18
B,763,20,0.9,0.41875,0,0.7618737478789603,0.7614765091434694,0.00039723873549087405,0.00099128129996585,18,18
B,763,20,0.99,0.39075,0,0.7911052101490615,0.7912058425379819,-0.0001006323889203179,0.00011393031103075268,18,18
B,763,20,0.999,0.38675,0,0.7946881550957384,0.7946996784576108,-1.152336187254656e-05,1.1584062905131123e-05,18,18
B,764,20,0.1,0.5045,0,0.6747286950204557,0.6654221268536519,0.009306568166803742,0.003631849041980766,13,13
B,764,20,0.5,0.5305,0,0.7022310523659926,0.6749631334392511,0.02726791892674142,0.002127719567340424,13,13
B,764,20,0.9,0.5735,0,0.7185492087505806,0.7075812410851159,0.010967967665464784,0.0005322598773188466,13,13
B,764,20,0.99,0.5845,0,0.721766893197195,0.7205078924016587,0.0012590007955362895,5.6767610477373636e-05,13,13
B,764,20,0.999,0.58525,0,0.7220824100672039,0.7219547870717872,0.00012762299541660798,5.7134603097496745e-06,13,13
B,765,20,0.1,0.497,0,0.5280643210592723,0.5205241012145425,0.007540219844729824,0.0059701713303426706,15,15
B,765,20,0.5,0.50525,0,0.6118468476630831,0.6017442605157353,0.010102587147347821,0.0037550105257775114,15,15
B,765,20,0.9,0.51175,0,0.7182314370390379,0.7094061662525284,0.008825270786509683,0.0010136013005902357,15,15
B,765,20,0.99,0.50825,0,0.751634991002341,0.750548418782558,0.0010865722197828935,0.0001097944815759675,15,15
B,765,20,0.999,0.50875,0,0.7552951621686186,0.7551847628509734,0.00011039931764543164,1.1055891573279787e-05,15,15
B,766,20,0.1,0.51625,0,0.7474848710739819,0.6632318477990709,0.08425302327491105,0.004315991035864414,17,17
B,766,20,0.5,0.565,0,0.7317739665733702,0.674292074038718,0.05748189253465209,0.002445070682342115,17,17
B,766,20,0.9,0.65375,0,0.7592642895923577,0.7383908453858078,0.020873444206549914,0.0005994200121419452,17,17
B,766,20,0.99,0.67675,0,0.7721828157583607,0.7697423054710315,0.0024405102873292037,6.507762271934378e-05,17,17
B,766,20,0.999,0.679,0,0.7736155333492912,0.7733677078133769,0.0002478255359143648,6.56586780090028e-06,17,17
B,767,20,0.1,0.51125,0,0.4899998168047788,0.5155943934825035,-0.025594576677724634,0.005849034911066614,15,15
B,767,20,0.5,0.52175,0,0.5199817819679486,0.5588133443401055,-0.03883156237215691,0.003581697724166982,15,15
B,767,20,0.9,0.67825,0,0.6420282087690213,0.6394246462682056,0.0026035625008157736,0.0009824189925156375,15,15
B,767,20,0.99,0.74725,0,0.6918210211010193,0.6907124628037203,0.0011085582972989725,0.00010906930608843571,15,15
B,767,20,0.999,0.7555,0,0.6974064686975514,0.6972845297231377,0.00012193897441378806,1.1034313979668502e-05,15,15
B,768,20,0.1,0.49325,0,0.4955652863988787,0.521714984980314,-0.026149698581435246,0.005538906241399881,13,13
B,768,20,0.5,0.45275,0,0.5434511201980777,0.5942424760618805,-0.050791355863802894,0.0025281124849938176,13,13
B,768,20,0.9,0.33925,0,0.6469583729109959,0.6641026627528536,-0.017144289841857806,0.0004431919250401039,13,13
B,768,20,0.99,0.298,0,0.6890396319859701,0.691023267012755,-0.0019836350267847997,4.4418571923817354e-05,13,13
B,768,20,0.999,0.2925,0,0.693898226644083,0.6940996665462948,-0.00020143990221196273,4.447296359741673e-06,13,13
B,769,20,0.1,0.5035,0,0.6624750446919107,0.6757018701895728,-0.013226825497662215,0.004579895763543414,15,16
B,769,20,0.5,0.4895,0,0.6554833923963833,0.6808747792813414,-0.025391386884958216,0.0023364368382600307,15,16
B,769,20,0.9,0.468,0,0.67506527736454,0.6824866772461171,-0.007421399881577123,0.00045294123392471,15,16
B,769,20,0.99,0.4635,0,0.6830064938101721,0.683758031204618,-0.0007515373944459818,4.480802650133413e-05,15,16
B,769,20,0.999,0.4635,0,0.6838500400853041,0.6839254045386499,-7.536445334563191e-05,4.477860920004875e-06,15,16
B,770,20,0.1,0.5035,0,0.7269773902212524,0.6508872780774388,0.07609011214381374,0.0036248780661750943,17,17
B,770,20,0.5,0.54225,0,0.6868458218797021,0.6349754080652273,0.05187041381447482,0.0021219770023625396,17,17
B,770,20,0.9,0.56375,0,0.7075065659947718,0.6957186446969206,0.011787921297851294,0.0005474223450690689,17,17
B,770,20,0.99,0.55225,0,0.7292214602216134,0.7280936170128783,0.0011278432087349377,5.865920851937133e-05,17,17
B,770,20,0.999,0.55025,0,0.7319821910596586,0.7318705881607139,0.00011160289894471952,5.891099923032299e-06,17,17
B,771,20,0.1,0.5245,0,0.7397792464683449,0.5056342298604991,0.23414501660784579,0.005021112559968796,17,17
B,771,20,0.5,0.6395,0,0.7095725610989869,0.5277526270862066,0.18181993401278035,0.0033348736114645673,17,17
B,771,20,0.9,0.7545,0,0.7110198330598105,0.6522342165063989,0.058785616553411565,0.0009854543258953333,17,17
B,771,20,0.99,0.7695,0,0.7173229695051221,0.7106577031399194,0.006665266365202628,0.00011021419693777552,17,17
B,771,20,0.999,0.77125,0,0.71809004143748,0.7174155636076824,0.0006744778297975182,1.1154752679802491e-05,17,17
B,772,20,0.1,0.47875,0,0.4993561078243473,0.7294321506088748,-0.23007604278452742,0.003822026514811917,13,13
B,772,20,0.5,0.36975,0,0.5451389266060905,0.6895376425028124,-0.14439871589672174,0.002332570366476558,13,13
B,772,20,0.9,0.191,0,0.6768836248432646,0.7190806793385793,-0.042197054495314884,0.0006019154330629899,13,13
B,772,20,0.99,0.153,0,0.7313740887860486,0.7361330685358953,-0.004758979749846752,6.585042165818374e-05,13,13
B,772,20,0.999,0.151,0,0.7375359951613764,0.7380178135306612,-0.00048181836928484865,6.649484000213462e-06,13,13
B,773,20,0.1,0.52175,0,0.7423330929894881,0.5282987387728606,0.21403435421662756,0.003685087329186489,19,19
B,773,20,0.5,0.607,0,0.738464424743528,0.612456997527918,0.12600742721561017,0.0021912913620729924,19,19
B,773,20,0.9,0.72175,0,0.7941778744629,0.756357656687248,0.037820217775652025,0.0006611386056935783,19,19
B,773,20,0.99,0.75275,0,0.8197772258481852,0.8149936915732725,0.004783534274912666,8.417148468784809e-05,19,19
B,773,20,0.999,0.758,0,0.822648758451521,0.8221553558843641,0.000493402567156883,8.665914953636499e-06,19,19
B,774,20,0.1,0.50925,0,0.7420257317543028,0.6721799233992127,0.0698458083550899,0.004424180718707508,19,19
B,774,20,0.5,0.55625,0,0.7596625495711091,0.6855614365263689,0.07410111304474018,0.003142125809267453,19,19
B,774,20,0.9,0.67375,0,0.8267048386697092,0.7891170625231045,0.03758777614660474,0.0009856316141304152,19,19
B,774,20,0.99,0.71025,0,0.8585874524946575,0.8538643388587593,0.004723113635898347,0.00010914614206415482,19,19
B,774,20,0.999,0.714,0,0.862415715840896,0.8619354554428956,0.00048026039800044617,1.1035515982794435e-05,19,19
B,775,20,0.1,0.52175,0,0.7417143287296489,0.5104790340462809,0.23123529468336798,0.0053174566397201405,18,1
B,775,20,0.5,0.616,0,0.7335949305575205,0.510479034046281,0.22311589651123945,0.004949722760578835,18,1
B,775,20,0.9,0.71475,0,0.7669962335150583,0.5104790340462809,0.2565171994687773,0.004337842052455413,18,1
B,775,20,0.99,0.743,0,0.7869319315858884,0.510479034046281,0.27645289753960733,0.004076870798573501,18,1
B,775,20,0.999,0.748,0,0.7893524121817254,0.5104790340462809,0.27887337813544444,0.004047333782706665,18,1
B,776,20,0.1,0.498,0,0.734076138498693,0.7452308110729958,-0.011154672574302818,0.003959657917302481,16,16
B,776,20,0.5,0.488,0,0.6972104727277751,0.7258586856334673,-0.02864821290569217,0.0027491640909866554,16,16
B,776,20,0.9,0.51475,0,0.7382674467922719,0.744756277401662,-0.0064888306093900845,0.0008783985208894308,16,16
B,776,20,0.99,0.54475,0,0.764029548121715,0.7643843069296988,-0.0003547588079839203,9.990605685429304e-05,16,16
B,776,20,0.999,0.5485,0,0.7670019071728649,0.7670343201279857,-3.241295512083267e-05,1.0110543794572011e-05,16,16
B,777,20,0.1,0.51175,0,0.734065690931906,0.6645849766354358,0.0694807142964702,0.004527044937439222,18,18
B,777,20,0.5,0.47975,0,0.7036329966892113,0.688483727413898,0.01514926927531308,0.003481932957852039,18,18
B,777,20,0.9,0.305,0,0.767490547955726,0.7820014427096178,-0.014510894753891765,0.0012331438398448732,18,18
B,777,20,0.99,0.232,0,0.8273474801189575,0.8296982722299774,-0.0023507921110198695,0.00014783803643533044,18,18
B,777,20,0.999,0.22325,0,0.8352893587816348,0.8355343359579105,-0.000244977176275779,1.5090944897889314e-05,18,18
B,778,20,0.1,0.49175,0,0.6744738864834885,0.6566646054143314,0.01780928106915718,0.004614723382114521,19,19
B,778,20,0.5,0.5035,0,0.6933789726683055,0.6704787020601319,0.0229002706081737,0.0025937516249356835,19,19
B,778,20,0.9,0.53475,0,0.7616048961849496,0.7523125233818857,0.00929237280306398,0.0006265749316685411,19,19
B,778,20,0.99,0.542,0,0.7843563258908873,0.7833107814259067,0.001045544464980671,6.595513062211325e-05,19,19
B,778,20,0.999,0.5435,0,0.7867626716158297,0.7866568663494197,0.00010580526641010319,6.629272693244893e-06,19,19
B,779,20,0.1,0.48425,0,0.5189285176401911,0.6707821270142672,-0.15185360937407608,0.005455362741235772,14,16
B,779,20,0.5,0.412,0,0.5765825612802665,0.6923695361799951,-0.11578697489972863,0.003833009219380704,14,16
B,779,20,0.9,0.315,0,0.6727291979145662,0.7482939403507849,-0.07556474243621875,0.0019466873942579734,14,16
B,779,20,0.99,0.30425,0,0.7222959811631203,0.7708489550858177,-0.04855297392269744,0.0015136060822869815,14,16
B,779,20,0.999,0.30525,0,0.7284526283012943,0.7734554108357897,-0.04500278253449537,0.0014949812948923658,14,16
B,780,20,0.1,0.5075,0,0.7579735719708113,0.7473444787645545,0.010629093206256763,0.0033483450591163238,19,19
B,780,20,0.5,0.5135,0,0.7589299960505754,0.7570094485726627,0.001920547477912919,0.0019602013995247045,19,19
B,780,20,0.9,0.556,0,0.8043116660982971,0.8027329127793904,0.0015787533189067966,0.0004734738050837989,19,19
B,780,20,0.99,0.573,0,0.8255973450845528,0.8253308158130426,0.00026652927151021036,5.0159387344779656e-05,19,19
B,780,20,0.999,0.57575,0,0.8279861176499193,0.8279583722916657,2.7745358253740234e-05,5.0437658901465185e-06,19,19
B,781,20,0.1,0.49825,0,0.6597091066723785,0.508145676630112,0.1515634300422664,0.005231493248360404,17,17
B,781,20,0.5,0.588,0,0.648199936637194,0.5392354458063713,0.1089644908308228,0.002993307972116632,17,17
B,781,20,0.9,0.7835,0,0.6904436397772846,0.6464993301481582,0.04394430962912651,0.0007528791620647336,17,17
B,781,20,0.99,0.853,0,0.7290569822661509,0.7229824860970134,0.006074496169137556,9.028674162772468e-05,17,17
B,781,20,0.999,0.85725,0,0.7339518785568262,0.7333225980627238,0.0006292804941023343,9.227728370220906e-06,17,17
B,782,20,0.1,0.47375,0,0.5159607046397469,0.6569227284369026,-0.14096202379715567,0.005349966498672363,18,18
B,782,20,0.5,0.45125,0,0.5852023481668643,0.6428565442841608,-0.05765419611729658,0.003573102278556766,18,18
B,782,20,0.9,0.5095,0,0.6899940589325856,0.6933287352812972,-0.0033346763487115973,0.0011042546433581693,18,18
B,782,20,0.99,0.53375,0,0.724494317400402,0.7244781766947451,1.614070565690348e-05,0.0001254034679380543,18,18
B,782,20,0.999,0.53575,0,0.7282476809102099,0.7282414350800477,6.2458301620750415e-06,1.2706660156097739e-05,18,18
B,783,20,0.1,0.51025,0,0.7490480612668523,0.753378508439667,-0.004330447172814811,0.003517196632903982,18,18
B,783,20,0.5,0.49525,0,0.7495842998700823,0.7587126241426904,-0.009128324272608162,0.0025703140369521555,18,18
B,783,20,0.9,0.45,0,0.7919276205354503,0.7956391310729587,-0.003711510537508361,0.000972199650353368,18,18
B,783,20,0.99,0.43325,0,0.8215680510854996,0.8219587430151128,-0.00039069192961330417,0.00011775630461441105,18,18
B,783,20,0.999,0.4315,0,0.825300820919657,0.8253401200285825,-3.929910892560713e-05,1.2045278271045115e-05,18,18
B,784,20,0.1,0.50725,0,0.6633723625043517,0.4968545877763977,0.166517774727954,0.005546728130949702,18,18
B,784,20,0.5,0.62375,0,0.6958768664885917,0.5178466386909192,0.17803022779767247,0.0037269893076318705,18,18
B,784,20,0.9,0.8495,0,0.7422121600820244,0.6637769239481632,0.07843523613386108,0.0010407223195473478,18,18
B,784,20,0.99,0.8915,0,0.7551560041921873,0.7456865712740037,0.009469432918183557,0.00011527133655161211,18,18
B,784,20,0.999,0.896,0,0.756510227374407,0.7555452055280089,0.0009650218463982492,1.1650336298206536e-05,18,18
B,785,20,0.1,0.48525,0,0.6707849630254256,0.7373493818515688,-0.06656441882614324,0.004424413609586856,16,16
B,785,20,0.5,0.45525,0,0.6863992021549552,0.7177700403507722,-0.03137083819581691,0.0027994045517769953,16,16
B,785,20,0.9,0.4575,0,0.7585227063571617,0.7623168322886552,-0.0037941259314934702,0.0007216188503276471,16,16
B,785,20,0.99,0.509,0,0.8046913490725554,0.804543170244192,0.00014817882836330902,7.787967331267388e-05,16,16
B,785,20,0.999,0.5195,0,0.8106961167708195,0.810669438574019,2.667819680059344e-05,7.824333082324293e-06,16,16
B,786,20,0.1,0.4865,0,0.6741160802545092,0.7450493690419983,-0.0709332887874893,0.00440515390819031,15,15
B,786,20,0.5,0.474,0,0.7078975461968321,0.7411234364065754,-0.03322589020974326,0.002732300593154855,15,15
B,786,20,0.9,0.44225,0,0.771245849911933,0.7864293467828514,-0.015183496870918372,0.0008104065974200358,15,15
B,786,20,0.99,0.42475,0,0.8034225669850623,0.8056128087158874,-0.0021902417308249495,9.508023502073344e-05,15,15
B,786,20,0.999,0.42475,0,0.8074723834553086,0.8076996365596826,-0.00022725310437411272,9.667439066797379e-06,15,15
B,787,20,0.1,0.50825,0,0.743184753725064,0.5216598105408484,0.22152494318421553,0.004942729268272628,19,19
B,787,20,0.5,0.59775,0,0.7339827760782028,0.6065043038537244,0.1274784722244783,0.0030393588611446745,19,19
B,787,20,0.9,0.719,0,0.7528407903935652,0.7192928522854015,0.0335479381081637,0.0008080461050037177,19,19
B,787,20,0.99,0.74225,0,0.7636494628146729,0.7599773641066018,0.0036720987080713554,8.881589659155135e-05,19,19
B,787,20,0.999,0.74425,0,0.7649589654486335,0.7645877781183401,0.00037118733029343863,8.965473213797032e-06,19,19
B,788,20,0.1,0.4895,0,0.5207479394511336,0.669307631043474,-0.1485596915923404,0.005310288038557413,18,18
B,788,20,0.5,0.427,0,0.6047300961301234,0.7025592334452777,-0.09782913731515434,0.0032699714980476014,18,18
B,788,20,0.9,0.37375,0,0.7497446531995632,0.7739793214083404,-0.024234668208777174,0.0007992907297559038,18,18
B,788,20,0.99,0.36975,0,0.8032488542934886,0.8058541948436432,-0.0026053405501546135,8.514278846779635e-05,18,18
B,788,20,0.999,0.3695,0,0.8093549578754212,0.8096157642182643,-0.00026080634284308263,8.57444863883976e-06,18,18
B,789,20,0.1,0.49975,0,0.5153033107382614,0.49968883087968813,0.015614479858573269,0.005577452875670659,14,13
B,789,20,0.5,0.5285,0,0.5688480749260171,0.5334009817995984,0.035447093126418534,0.0027165196793652448,14,13
B,789,20,0.9,0.608,0,0.6606770429191591,0.644404727494561,0.01627231542459787,0.0005028996849724761,14,13
B,789,20,0.99,0.63625,0,0.6943583380559221,0.6923942935620946,0.0019640444938274523,5.103138143492361e-05,14,13
B,789,20,0.999,0.63975,0,0.6980609769825266,0.6978608698942174,0.0002001070883093466,5.118095154624817e-06,14,13
B,790,20,0.1,0.50825,0,0.6647845815151178,0.6544082116370186,0.010376369878099256,0.004520185100918676,19,19
B,790,20,0.5,0.52525,0,0.6813806641828088,0.6651186441583593,0.01626202002444942,0.0022996912732533748,19,19
B,790,20,0.9,0.546,0,0.7625203997921786,0.7586842223486758,0.00383617744350271,0.0005555284457346551,19,19
B,790,20,0.99,0.54475,0,0.8007004046354995,0.8002923506747405,0.00040805396075901707,6.007732936422652e-05,19,19
B,790,20,0.999,0.5455,0,0.8050731357557938,0.805032453879518,4.0681876275548934e-05,6.054370578618209e-06,19,19
B,791,20,0.1,0.49575,0,0.7319551973128298,0.727398458251487,0.004556739061342818,0.00330999619345438,14,14
B,791,20,0.5,0.50775,0,0.6971541564794874,0.6862459941878515,0.010908162291636022,0.0017111273654752783,14,14
B,791,20,0.9,0.5455,0,0.6976892339415944,0.6931726336733525,0.004516600268241969,0.00032881116127409063,14,14
B,791,20,0.99,0.55625,0,0.70261769185163,0.7020993043883322,0.000518387463297981,3.2771714991358676e-05,14,14
B,791,20,0.999,0.55825,0,0.703199924862905,0.7031473903768619,5.2534486043072884e-05,3.2771540599836492e-06,14,14
B,792,20,0.1,0.47275,0,0.5240238912432417,0.7484241257861792,-0.22440023454293762,0.005051627936880608,17,17
B,792,20,0.5,0.382,0,0.6080190005900394,0.7486969906642915,-0.14067799007425205,0.0031426153691573966,17,17
B,792,20,0.9,0.32875,0,0.7244115674197535,0.7646368541801706,-0.04022528676041694,0.0009260291425400194,17,17
B,792,20,0.99,0.32425,0,0.768287207771271,0.7727584714904006,-0.00447126371912957,0.00010476860487271677,17,17
B,792,20,0.999,0.325,0,0.773259226475324,0.7737112689182478,-0.0004520424429237966,1.0607035158284026e-05,17,17
B,793,20,0.1,0.48875,0,0.5109012631432224,0.6720340058263266,-0.1611327426831042,0.005617779867902031,4,5
B,793,20,0.5,0.4355,0,0.5732093012127282,0.6921411384670578,-0.11893183725432963,0.004370317038324015,4,5
B,793,20,0.9,0.42525,0,0.6562153944222207,0.7369157330249717,-0.08070033860275111,0.002527585171918131,4,5
B,793,20,0.99,0.42175,0,0.6801897015612962,0.7542087944187802,-0.0740190928574838,0.0022864039986397336,4,5
B,793,20,0.999,0.42175,0,0.6827163549255072,0.7561176502184906,-0.07340129529298363,0.002278542688972636,4,5
B,794,20,0.1,0.51825,0,0.7428287105788108,0.5064034041884447,0.23642530639036635,0.004824406039759872,15,15
B,794,20,0.5,0.656,0,0.7258406754261303,0.5469143279347538,0.17892634749137648,0.0027982886940619905,15,15
B,794,20,0.9,0.83075,0,0.7563832057482863,0.693993769627353,0.062389436120933256,0.0008261105658313772,15,15
B,794,20,0.99,0.8565,0,0.7748217998031978,0.7673974710818309,0.007424328721366858,9.751362721220076e-05,15,15
B,794,20,0.999,0.85825,0,0.7769387675084193,0.7761827580796646,0.0007560094287547567,9.927274181926325e-06,15,15
B,795,20,0.1,0.50425,0,0.655758687374101,0.6756562139240829,-0.01989752654998201,0.004671282911424095,13,13
B,795,20,0.5,0.479,0,0.6601467161410761,0.6948706745767435,-0.03472395843566741,0.0026762682653405554,13,13
B,795,20,0.9,0.421,0,0.7338623328228354,0.7484682169141977,-0.014605884091362266,0.0005942096541010932,13,13
B,795,20,0.99,0.403,0,0.7647283434171142,0.7664264292449636,-0.0016980858278495346,6.207117111986075e-05,13,13
B,795,20,0.999,0.4005,0,0.7681695615810582,0.7683416081765276,-0.00017204659546945329,6.231024692466345e-06,13,13
B,796,20,0.1,0.514,0,0.6681206907042937,0.6694570179829037,-0.0013363272786100797,0.004612774607248584,19,19
B,796,20,0.5,0.515,0,0.6933975614627602,0.6951482147318974,-0.001750653269137167,0.0024831806746096097,19,19
B,796,20,0.9,0.44075,0,0.7811596684368648,0.7888996675316011,-0.0077399990947364826,0.0005712948055882549,19,19
B,796,20,0.99,0.39125,0,0.8278352441454768,0.8289795316867726,-0.0011442875412958156,6.144940862641896e-05,19,19
B,796,20,0.999,0.38425,0,0.8333620572759687,0.8334812145139882,-0.0001191572380194327,6.1934671237353435e-06,19,19
B,797,20,0.1,0.508,0,0.501942620100514,0.5063706465855127,-0.004428026484998604,0.005189198478071644,2,2
B,797,20,0.5,0.508,0,0.503254627947921,0.5050586387381056,-0.001804010790184638,0.0021141178984736327,2,2
B,797,20,0.9,0.508,0,0.504014211438525,0.5042990552475015,-0.0002848438089765224,0.0003338080892326788,2,2
B,797,20,0.99,0.508,0,0.5041430352717302,0.5041702314142958,-2.7196142565600095e-05,3.1871124097592506e-05,2,2
B,797,20,0.999,0.508,0,0.5041552796580854,0.5041579870279557,-2.7073698702050577e-06,3.1727632293251173e-06,2,2
B,798,20,0.1,0.492,0,0.6627027417686718,0.7396104851838129,-0.07690774341514114,0.002362393344356499,15,15
B,798,20,0.5,0.45475,0,0.6648214289419823,0.7205391689696891,-0.055717740027706825,0.0014635097670620775,15,15
B,798,20,0.9,0.383,0,0.7236333962922137,0.7413167997697655,-0.0176834034775518,0.0003677677481406087,15,15
B,798,20,0.99,0.35875,0,0.7501764414024306,0.7521319250927575,-0.001955483690326792,3.847862630089218e-05,15,15
B,798,20,0.999,0.35675,0,0.7531192582823343,0.7533167547781218,-0.00019749649578752526,3.865894338990286e-06,15,15
B,799,20,0.1,0.5175,0,0.6709019064733328,0.4949775498206561,0.17592435665267675,0.005416512677855653,11,11
B,799,20,0.5,0.6105,0,0.6980847594623615,0.5474705508750142,0.1506142085873473,0.0033867744046911044,11,11
B,799,20,0.9,0.704,0,0.7433054194447171,0.6993859102311715,0.04391950921354553,0.0008207965697332915,11,11
B,799,20,0.99,0.719,0,0.7565263475974623,0.7517703430799977,0.004756004517464573,8.691128264175501e-05,11,11
B,799,20,0.999,0.71925,0,0.7579128673914458,0.7574331987407911,0.00047966865065470995,8.74051251090395e-06,11,11
B,800,20,0.1,0.52025,0,0.7310297223638624,0.6736519705688138,0.05737775179504863,0.0042371988507644825,15,15
B,800,20,0.5,0.51325,0,0.6682791619324983,0.681638544102704,-0.013359382170205658,0.0026754010829154167,15,15
B,800,20,0.9,0.47425,0,0.7055408897490344,0.7206786039616141,-0.015137714212579588,0.000735452772635699,15,15
B,800,20,0.99,0.46575,0,0.7435965573471719,0.7453026006885789,-0.0017060433414070233,7.866085576159486e-05,15,15
B,800,20,0.999,0.46625,0,0.7480982590450055,0.7482701410564767,-0.00017188201147121107,7.910160492042786e-06,15,15
B,801,20,0.1,0.49875,0,0.6688997413590111,0.6740865336070772,-0.005186792248066134,0.00360638161624232,16,17
B,801,20,0.5,0.4885,0,0.6997283140521465,0.7108925145500881,-0.01116420049794156,0.0020908074199881724,16,17
B,801,20,0.9,0.465,0,0.7866263068644685,0.7910451735063134,-0.00441886664184486,0.00046420857177986523,16,17
B,801,20,0.99,0.453,0,0.8269790566003851,0.8275878746504395,-0.000608818050054348,4.844771580000992e-05,16,17
B,801,20,0.999,0.451,0,0.8318074894345059,0.8318718375579556,-6.434812344974935e-05,4.891906565681215e-06,16,17
B,802,20,0.1,0.4835,0,0.5246016194143667,0.657325896809079,-0.13272427739471243,0.005108631919364178,14,14
B,802,20,0.5,0.44775,0,0.5858821668532211,0.6309658408110942,-0.045083673957872904,0.0026533295193365393,14,14
B,802,20,0.9,0.41975,0,0.6325948886871253,0.6433853497446606,-0.010790461057535032,0.0005967641074618978,14,14
B,802,20,0.99,0.406,0,0.6483164934078528,0.649614068544354,-0.0012975751365011657,6.483049198769727e-05,14,14
B,802,20,0.999,0.40425,0,0.6501498477320817,0.6502822961612621,-0.00013244842918043407,6.5454616728070785e-06,14,14
B,803,20,0.1,0.47375,0,0.49609024975790667,0.7342833170644365,-0.23819306730652973,0.00494385364194244,13,13
B,803,20,0.5,0.33825,0,0.5064437445701382,0.7035178071848882,-0.19707406261474997,0.0031083341291694264,13,13
B,803,20,0.9,0.17775,0,0.6234377350871076,0.7019772627501555,-0.07853952766304792,0.0009782714925813268,13,13
B,803,20,0.99,0.148,0,0.6961641927274745,0.7056779661631974,-0.009513773435722947,0.00011537695898576663,13,13
B,803,20,0.999,0.1455,0,0.7051438704182722,0.7061136942680302,-0.0009698238497579903,1.1747868150222375e-05,13,13
B,804,20,0.1,0.5095,0,0.6526711423564958,0.5056311725963746,0.14703996976012124,0.005354715968602631,12,3
B,804,20,0.5,0.57625,0,0.6307481785219179,0.5236075346992723,0.10714064382264561,0.0038222958305735868,12,3
B,804,20,0.9,0.65275,0,0.6690747724649991,0.5449705813374869,0.1241041911275122,0.002703637408109414,12,3
B,804,20,0.99,0.6775,0,0.6914294659692656,0.5493083555982373,0.1421211103710283,0.002563148924210885,12,3
B,804,20,0.999,0.6785,0,0.6939977134513365,0.5497303825574114,0.1442673308939251,0.002555120483596934,12,3
B,805,20,0.1,0.47425,0,0.5219406703362219,0.6680426230484148,-0.14610195271219284,0.0033106287507258503,16,16
B,805,20,0.5,0.41425,0,0.5889144976536516,0.6709095670878962,-0.08199506943424457,0.001886326716000226,16,16
B,805,20,0.9,0.372,0,0.6683182498883232,0.6853693031273744,-0.017051053239051327,0.00040326334246677933,16,16
B,805,20,0.99,0.3645,0,0.6881342368128096,0.689864742712817,-0.0017305059000073397,4.1178005226232964e-05,16,16
B,805,20,0.999,0.36425,0,0.6901537366631523,0.6903270657293693,-0.00017332906621707927,4.126048214878457e-06,16,16
B,806,20,0.1,0.511,0,0.7451809176411305,0.6674485027033912,0.0777324149377393,0.0038436404648436416,16,16
B,806,20,0.5,0.549,0,0.7419335018325328,0.6955139369424836,0.04641956489004919,0.00287569075022395,16,16
B,806,20,0.9,0.565,0,0.7882097512592995,0.7774159069103961,0.010793844348903387,0.0010107383072169972,16,16
B,806,20,0.99,0.56975,0,0.8159305126926464,0.8147790960231207,0.0011514166695256887,0.00011963477601816197,16,16
B,806,20,0.999,0.571,0,0.8192692297103397,0.8191528170292002,0.00011641268113952583,1.2150036609651834e-05,16,16
B,807,20,0.1,0.4975,0,0.6710604480906325,0.6756659876250788,-0.0046055395344462065,0.0038955445475322,19,19
B,807,20,0.5,0.49275,0,0.702195768319951,0.7141148076893,-0.01191903936934921,0.002943782584847632,19,19
B,807,20,0.9,0.489,0,0.7675469747823065,0.782322678270341,-0.014775703488034569,0.0011848578107527643,19,19
B,807,20,0.99,0.48275,0,0.8032106222338016,0.8056871986071257,-0.002476576373324183,0.00015136216409446693,19,19
B,807,20,0.999,0.4835,0,0.8079771842433744,0.8082388362011492,-0.00026165195777483026,1.558062988432171e-05,19,19
B,808,20,0.1,0.50375,0,0.49825562139686735,0.5168069599025261,-0.01855133850565875,0.0057493276806952045,19,19
B,808,20,0.5,0.45425,0,0.528335633889792,0.5917902486202782,-0.06345461473048626,0.0037080983910238834,19,19
B,808,20,0.9,0.3585,0,0.7001253926476202,0.7377372925980182,-0.03761189995039822,0.001389280706862299,19,19
B,808,20,0.99,0.34425,0,0.8023430718364777,0.8074299389332542,-0.005086867096776553,0.00018288363956272334,19,19
B,808,20,0.999,0.34125,0,0.8153802369807772,0.8159060760172994,-0.0005258390365221521,1.884651153194491e-05,19,19
B,809,20,0.1,0.5165,0,0.7402618897183354,0.6658007454509146,0.0744611442674207,0.0045587391208734675,14,14
B,809,20,0.5,0.55325,0,0.7442615674054941,0.7031899333603198,0.041071634045174464,0.0032288538053021985,14,14
B,809,20,0.9,0.6345,0,0.8007869820628141,0.789511411199623,0.01127557086319109,0.0010135008361357642,14,14
B,809,20,0.99,0.66625,0,0.8311831997449151,0.8296654224554884,0.0015177772894268099,0.00011803579988117127,14,14
B,809,20,0.999,0.67425,0,0.8348012339532962,0.8346433328411333,0.00015790111216297192,1.1987051290242707e-05,14,14
B,810,20,0.1,0.48275,0,0.5179180557791062,0.6641063806575667,-0.14618832487846037,0.0032836684148863926,18,18
B,810,20,0.5,0.453,0,0.6196883489667178,0.6839331707785542,-0.0642448218118365,0.0016300232539538733,18,18
B,810,20,0.9,0.46725,0,0.747380169496336,0.754609612602514,-0.007229443106177974,0.0002682551898130486,18,18
B,810,20,0.99,0.4765,0,0.7944102120889073,0.7949477167020526,-0.0005375046131452039,2.3935748035443396e-05,18,18
B,810,20,0.999,0.47675,0,0.7997561843135875,0.7998083774793117,-5.219316572411142e-05,2.37334751507695e-06,18,18
B,811,20,0.1,0.4855,0,0.6482850188379996,0.7495914033785365,-0.10130638454053695,0.0043169131870490355,16,16
B,811,20,0.5,0.40325,0,0.639683611883,0.7426246968838269,-0.10294108500082687,0.0026434949105782345,16,16
B,811,20,0.9,0.23425,0,0.7175842339990358,0.7596889096914738,-0.042104675692437935,0.0007603813314804677,16,16
B,811,20,0.99,0.19775,0,0.7662397368352669,0.7714483246528804,-0.005208587817613424,8.992944157522128e-05,16,16
B,811,20,0.999,0.194,0,0.7723071385889589,0.7728404523036914,-0.0005333137147323919,9.168980971398628e-06,16,16
B,812,20,0.1,0.5065,0,0.6605409806967152,0.6620234603326869,-0.001482479635971603,0.004843213442350934,19,19
B,812,20,0.5,0.50125,0,0.6744066807899262,0.6742664504926166,0.0001402302973095737,0.003246523660448591,19,19
B,812,20,0.9,0.4725,0,0.7300942674727733,0.7400500863174555,-0.009955818844682166,0.0010640564210013688,19,19
B,812,20,0.99,0.45375,0,0.7641901284494292,0.7659378514607508,-0.001747723011321484,0.0001265106729563305,19,19
B,812,20,0.999,0.4535,0,0.7685807633152001,0.7687646875183539,-0.00018392420315372583,1.2897621507712432e-05,19,19
B,813,20,0.1,0.5005,0,0.49799983336905673,0.5258665805127521,-0.02786674714369547,0.005915094977493816,19,19
B,813,20,0.5,0.4545,0,0.5571308081760961,0.6139313154284277,-0.0568005072523317,0.0035255130436887138,19,19
B,813,20,0.9,0.39475,0,0.7014112137211601,0.7207812595213522,-0.01937004580019217,0.0008866887462895235,19,19
B,813,20,0.99,0.38975,0,0.7523631835953561,0.7545454930129294,-0.0021823094175731595,9.753679536459623e-05,19,19
B,813,20,0.999,0.38725,0,0.7580305804648687,0.7582515152588,-0.00022093479393125355,9.852880184882978e-06,19,19
B,814,20,0.1,0.497,0,0.7483697861786882,0.7407783932731515,0.007591392905536614,0.003220776015767665,18,18
B,814,20,0.5,0.50825,0,0.7294087563806237,0.7131132458214975,0.01629551055912632,0.001851816580664787,18,18
B,814,20,0.9,0.50075,0,0.7436562357653778,0.7392574283290592,0.004398807436318641,0.0004602852475323614,18,18
B,814,20,0.99,0.48525,0,0.7596329687416766,0.7592993664635176,0.0003336022781591301,5.025013999816769e-05,18,18
B,814,20,0.999,0.484,0,0.7616483346973479,0.7616156802135409,3.2654483807093986e-05,5.0704580041696765e-06,18,18
B,815,20,0.1,0.5015,0,0.7411944587039907,0.6758379691404708,0.06535648956351989,0.004149968360238733,18,18
B,815,20,0.5,0.51125,0,0.7255778498209136,0.7046359918040459,0.020941858016867508,0.002125429897967293,18,18
B,815,20,0.9,0.46475,0,0.7601429718313389,0.7617898445719051,-0.0016468727405662827,0.000469119917351501,18,18
B,815,20,0.99,0.43525,0,0.791167879067678,0.7916166050990817,-0.00044872603140359315,4.981052993170617e-05,18,18
B,815,20,0.999,0.43225,0,0.7951739848725677,0.7952219151874533,-4.793031488558297e-05,5.016113027610641e-06,18,18
B,816,20,0.1,0.5025,0,0.5141001626448716,0.5099929492531222,0.004107213391749427,0.005852500433863984,20,20
B,816,20,0.5,0.5195,0,0.5819698805267082,0.5604550942202436,0.02151478630646447,0.0037891833179363532,20,20
B,816,20,0.9,0.64375,0,0.688330237690303,0.6629643092922243,0.025365928398078653,0.0011307858669592932,20,20
B,816,20,0.99,0.697,0,0.7316654143515873,0.7276164155827821,0.004048998768805284,0.000129444331067137,20,20
B,816,20,0.999,0.70525,0,0.7366809921658971,0.7362565605632142,0.00042443160268300394,1.315062440696098e-05,20,20
B,817,20,0.1,0.502,0,0.5240903661859552,0.5126129989175803,0.011477367268374962,0.005891217412974706,12,14
B,817,20,0.5,0.57525,0,0.6210491397314892,0.570234406599611,0.05081473313187817,0.0036328733012395147,12,14
B,817,20,0.9,0.79725,0,0.7293548431398335,0.7096996757155596,0.019655167424273944,0.0014816718479238279,12,14
B,817,20,0.99,0.83875,0,0.758534140383108,0.7738373043066665,-0.015303163923558597,0.001029138391286806,12,14
B,817,20,0.999,0.8425,0,0.7616314297365787,0.781265530907395,-0.019634101170816355,0.00099540799775855,12,14
B,818,20,0.1,0.518,0,0.6607218196088849,0.5059257995249437,0.15479602008394125,0.005661186241910511,7,2
B,818,20,0.5,0.5855,0,0.6418422774847179,0.5059257995249435,0.13591647795977427,0.004889005322035052,7,2
B,818,20,0.9,0.60275,0,0.6527451997881019,0.5059257995249434,0.14681940026315846,0.003671555718843032,7,2
B,818,20,0.99,0.60125,0,0.6698523774387386,0.5059257995249435,0.16392657791379514,0.0033908323810621682,7,2
B,818,20,0.999,0.60125,0,0.6719487333226353,0.5059257995249433,0.1660229337976919,0.00336420228162438,7,2
B,819,20,0.1,0.50225,0,0.7449791635122344,0.7350480611429531,0.009931102369281242,0.0038472322670135796,16,16
B,819,20,0.5,0.5215,0,0.7364394102716293,0.7181425762473066,0.01829683402432277,0.0021065270913266814,16,16
B,819,20,0.9,0.54375,0,0.7687831906229259,0.764187968947449,0.004595221675476866,0.0004763050124612978,16,16
B,819,20,0.99,0.5335,0,0.7879561632403393,0.7875428608607072,0.0004133023796320542,5.072006863315543e-05,16,16
B,819,20,0.999,0.53225,0,0.7902243873098963,0.7901837055505232,4.0681759373229444e-05,5.102134486333931e-06,16,16
B,820,20,0.1,0.5165,0,0.7438710008396361,0.6740155483464888,0.06985545249314734,0.004393881281034608,20,20
B,820,20,0.5,0.53475,0,0.7452416112067556,0.7108084599752105,0.034433151231545105,0.0029411905248052073,20,20
B,820,20,0.9,0.528,0,0.7898124250322147,0.7822903911393491,0.007522033892865671,0.0008075998542917388,20,20
B,820,20,0.99,0.513,0,0.8109098884909895,0.8102092420645266,0.0007006464264629458,8.798254636910225e-05,20,20
B,820,20,0.999,0.509,0,0.8134619238615541,0.8133938510257697,6.807283578437921e-05,8.861057714713399e-06,20,20
B,821,20,0.1,0.53725,0,0.7400969762150049,0.492923984740106,0.24717299147489888,0.005312372937610765,17,1
B,821,20,0.5,0.6235,0,0.7141734238197461,0.4929239847401061,0.22124943907963995,0.00481393116536804,17,1
B,821,20,0.9,0.7205,0,0.7496174259973527,0.49292398474010607,0.25669344125724664,0.004219178111097191,17,1
B,821,20,0.99,0.754,0,0.7704609896073383,0.4929239847401061,0.2775370048672322,0.00405578761983498,17,1
B,821,20,0.999,0.75675,0,0.7728156949718419,0.4929239847401061,0.2798917102317358,0.00403990879085061,17,1
B,822,20,0.1,0.5205,0,0.7374208665923776,0.4957192799324138,0.24170158665996383,0.005025644457278117,8,2
B,822,20,0.5,0.6395,0,0.7049673681633208,0.4971231731722516,0.2078441949910693,0.003704095451687359,8,2
B,822,20,0.9,0.782,0,0.698841593334063,0.4979359534689998,0.20090563986506327,0.003285827618433303,8,2
B,822,20,0.99,0.80825,0,0.7018362787135588,0.49807379937359886,0.20376247933996,0.0033177263091204497,8,2
B,822,20,0.999,0.8105,0,0.7022118222812671,0.49808690128549904,0.20412492099576807,0.0033232978930618656,8,2
B,823,20,0.1,0.50225,0,0.5255566533985111,0.6650388188149136,-0.13948216541640257,0.005327414910402682,13,8
B,823,20,0.5,0.47475,0,0.6006050759142837,0.6462878521025502,-0.045682776188266716,0.003084508599009131,13,8
B,823,20,0.9,0.50025,0,0.6470624240443098,0.6484935452500165,-0.001431121205706773,0.0007116742708379082,13,8
B,823,20,0.99,0.51075,0,0.6514064550101518,0.6513257455506664,8.070945948534638e-05,7.522362981073118e-05,13,8
B,823,20,0.999,0.513,0,0.6516547865272501,0.6516442629578892,1.0523569360666978e-05,7.568374569548663e-06,13,8
B,824,20,0.1,0.503,0,0.7395252746617955,0.7537549185727701,-0.014229643910974627,0.002623881339791695,17,17
B,824,20,0.5,0.48025,0,0.7413581710775673,0.7668047872100269,-0.025446616132459795,0.0017697993045765017,17,17
B,824,20,0.9,0.42275,0,0.7956318306058667,0.805630141657389,-0.009998311051522176,0.000489723826104143,17,17
B,824,20,0.99,0.417,0,0.8238885555628694,0.8250169698163294,-0.0011284142534600799,5.291416990493111e-05,17,17
B,824,20,0.999,0.4155,0,0.827218699367425,0.8273323772989638,-0.00011367793153873419,5.329335085892943e-06,17,17
B,825,20,0.1,0.4995,0,0.6506151642374178,0.6681095125978533,-0.017494348360435584,0.004758778958176836,14,12
B,825,20,0.5,0.44125,0,0.6002373687726049,0.6699798979983197,-0.06974252922571475,0.0028416649178925964,14,12
B,825,20,0.9,0.3145,0,0.6201065402374476,0.6587895368372557,-0.03868299659980819,0.0008891155853137273,14,12
B,825,20,0.99,0.297,0,0.6516288952681255,0.6563342853419328,-0.004705390073807309,0.00010682258209809936,14,12
B,825,20,0.999,0.2965,0,0.6556434595954307,0.6561231521902768,-0.00047969259484603434,1.0893405896246827e-05,14,12
B,826,20,0.1,0.48925,0,0.7468986211504834,0.7346880891743806,0.01221053197610288,0.003478203147641269,18,18
B,826,20,0.5,0.513,0,0.741129444043719,0.7151055320362596,0.0260239120074596,0.002241966383181739,18,18
B,826,20,0.9,0.56325,0,0.7751516271577302,0.7651949334684893,0.009956693689240832,0.0005374484391438821,18,18
B,826,20,0.99,0.5915,0,0.7952067774880134,0.7939432953232599,0.0012634821647533663,5.7156638972246025e-05,18,18
B,826,20,0.999,0.59175,0,0.7976740577498267,0.7975448213358538,0.00012923641397285268,5.753194534564436e-06,18,18
B,827,20,0.1,0.5185,0,0.7310892055360451,0.5262953224640833,0.20479388307196178,0.004656234871258104,10,10
B,827,20,0.5,0.56625,0,0.693978511052677,0.6093262369991539,0.08465227405352309,0.0024163308269733353,10,10
B,827,20,0.9,0.5915,0,0.69878051447694,0.6857312543291189,0.013049260147821101,0.00047674848810507,10,10
B,827,20,0.99,0.592,0,0.7040449921226989,0.7028123520969839,0.0012326400257150255,4.7891237579954996e-05,10,10
B,827,20,0.999,0.591,0,0.7046460809959206,0.704523528368446,0.0001225526274747477,4.791772887579806e-06,10,10
B,828,20,0.1,0.5015,0,0.7401270259125053,0.6597237358490149,0.08040329006349049,0.003862584117436973,18,18
B,828,20,0.5,0.54875,0,0.7228916920926395,0.6439367990710753,0.07895489302156418,0.0027920222010438833,18,18
B,828,20,0.9,0.61075,0,0.7349227764898101,0.6982743433669821,0.03664843312282784,0.0009812240865038234,18,18
B,828,20,0.99,0.6185,0,0.7432258766901801,0.7388151453892084,0.004410731300971599,0.00011362537367021254,18,18
B,828,20,0.999,0.62,0,0.7441812751515565,0.7437322128687172,0.00044906228283934636,1.1526955122544136e-05,18,18
B,829,20,0.1,0.534,0,0.7391905192860821,0.5045483560841728,0.2346421632019093,0.00378823145153319,19,19
B,829,20,0.5,0.6475,0,0.7222850989835687,0.555176746551811,0.16710835243175784,0.0024178341868495157,19,19
B,829,20,0.9,0.801,0,0.7695293438832671,0.714744406866756,0.05478493701651115,0.0007408124159508863,19,19
B,829,20,0.99,0.83625,0,0.8166049951951655,0.8102153529838142,0.006389642211351342,8.428658226513461e-05,19,19
B,829,20,0.999,0.84075,0,0.8233437224508104,0.8226926605925602,0.0006510618582502305,8.550104895659905e-06,19,19
B,830,20,0.1,0.5025,0,0.7380925090163101,0.6656309319978483,0.07246157701846169,0.004230237430755851,18,18
B,830,20,0.5,0.511,0,0.7105270544877924,0.6758427874282457,0.034684267059546754,0.0023730376538235263,18,18
B,830,20,0.9,0.5085,0,0.7044870818993543,0.6968289868945602,0.007658095004794145,0.000501690610333276,18,18
B,830,20,0.99,0.5055,0,0.7057963958060472,0.7049945329955812,0.0008018628104661046,5.0955597874660555e-05,18,18
B,830,20,0.999,0.5045,0,0.70597714396354,0.7058966625965679,8.048136697213973e-05,5.107358010376333e-06,18,18
B,831,20,0.1,0.48475,0,0.5025452901535424,0.6674858662405004,-0.1649405760869579,0.0053209016661489835,2,19
B,831,20,0.5,0.382,0,0.503222191663106,0.6686585533728179,-0.16543636170971193,0.0035527125692273553,2,19
B,831,20,0.9,0.1605,0,0.5036140820107481,0.7686838330017468,-0.2650697509909986,0.0032768939187047762,2,19
B,831,20,0.99,0.09475,0,0.5036805458259888,0.8261242495772203,-0.3224437037512316,0.003462146946649746,2,19
B,831,20,0.999,0.08675,0,0.5036868630470545,0.8333327194630303,-0.32964585641597594,0.003493890918290245,2,19
B,832,20,0.1,0.4945,0,0.6654820445778492,0.676066726841338,-0.010584682263488774,0.004777288106515044,14,14
B,832,20,0.5,0.445,0,0.6809361491195416,0.7160393989983193,-0.035103249878777804,0.002792767356550282,14,14
B,832,20,0.9,0.2885,0,0.7675492051631518,0.7844512344572911,-0.016902029294139326,0.0006426665946819361,14,14
B,832,20,0.99,0.2275,0,0.8074134389292511,0.8094467089920511,-0.0020332700628000293,6.671248719749266e-05,14,14
B,832,20,0.999,0.22425,0,0.8120520862160823,0.8122585600707354,-0.00020647385465319025,6.704258209718857e-06,14,14
B,833,20,0.1,0.486,0,0.5227793135798634,0.6662860155714834,-0.14350670199162005,0.005477225492934948,17,17
B,833,20,0.5,0.4415,0,0.6059657805845732,0.6761490518111947,-0.07018327122662152,0.0032368256858947547,17,17
B,833,20,0.9,0.4595,0,0.7041442858643181,0.7116866063104337,-0.007542320446115568,0.0008567651876930008,17,17
B,833,20,0.99,0.46975,0,0.7317006660699079,0.7322202655293012,-0.0005195994593932356,9.409801668627186e-05,17,17
B,833,20,0.999,0.47075,0,0.7345974583216189,0.7346470786906923,-4.962036907337519e-05,9.49811741836841e-06,17,17
B,834,20,0.1,0.4925,0,0.4914722928767003,0.6683512627704687,-0.17687896989376845,0.005248136703096707,11,11
B,834,20,0.5,0.40575,0,0.5174250760234054,0.6681405243709425,-0.1507154483475372,0.003013261789694286,11,11
B,834,20,0.9,0.334,0,0.6129633928640402,0.6576750872052525,-0.04471169434121224,0.0007880304057469422,11,11
B,834,20,0.99,0.32375,0,0.6506209048019256,0.6555196331512343,-0.0048987283493087015,8.708242995998742e-05,11,11
B,834,20,0.999,0.32375,0,0.6548169833614813,0.6553115007947174,-0.0004945174332360027,8.80055710998731e-06,11,11
B,835,20,0.1,0.5035,0,0.6628361318050051,0.6525982804311034,0.010237851373901872,0.004727761572564534,17,17
B,835,20,0.5,0.514,0,0.6672838498346134,0.6487657689150894,0.018518080919523963,0.002729289151843216,17,17
B,835,20,0.9,0.5105,0,0.7189049252611253,0.7159336544838267,0.0029712707772986745,0.0006667468728817891,17,17
B,835,20,0.99,0.4865,0,0.753270530916131,0.7533039388574517,-3.3407941320637344e-05,7.212093002961717e-05,17,17
B,835,20,0.999,0.4835,0,0.7575992002887678,0.757606566528715,-7.366239947081035e-06,7.27523366711092e-06,17,17
B,836,20,0.1,0.516,0,0.6700447445720047,0.5191567741948866,0.15088797037711815,0.0053538710581614675,16,16
B,836,20,0.5,0.61475,0,0.6868057799869947,0.5863171424856564,0.10048863750133821,0.0035156433264476416,16,16
B,836,20,0.9,0.81725,0,0.7576871077833035,0.7245696906661585,0.033117417117145054,0.0010357007300416583,16,16
B,836,20,0.99,0.866,0,0.7933634594960721,0.789523036934853,0.0038404225612191675,0.00012088555675388456,16,16
B,836,20,0.999,0.87,0,0.7976359181677869,0.797246841612855,0.0003890765549318883,1.2323781291960145e-05,16,16
B,837,20,0.1,0.52225,0,0.7223750257303123,0.5091965290873328,0.2131784966429796,0.005007838543077703,10,14
B,837,20,0.5,0.5675,0,0.6419438364969325,0.5518576465347664,0.09008618996216632,0.00341492129143184,10,14
B,837,20,0.9,0.512,0,0.6009841508921306,0.6285704886472008,-0.027586337755070175,0.0018817989154141946,10,14
B,837,20,0.99,0.48975,0,0.5977168688794838,0.649145888577915,-0.05142901969843108,0.0016243824924649728,10,14
B,837,20,0.999,0.48625,0,0.5974780389561785,0.6513071106002853,-0.05382907164410689,0.001607519345150437,10,14
B,838,20,0.1,0.51,0,0.6497344274563559,0.49267550941195126,0.15705891804440456,0.003436186514529162,15,4
B,838,20,0.5,0.60325,0,0.6290698887769528,0.4952071906508366,0.13386269812611615,0.0025944253667068455,15,4
B,838,20,0.9,0.85675,0,0.6826420304307881,0.49553709933163487,0.1871049310991532,0.002631396533255605,15,4
B,838,20,0.99,0.9055,0,0.7147291616020276,0.495487029690148,0.2192421319118796,0.0029011790415023895,15,4
B,838,20,0.999,0.90825,0,0.7184336957339393,0.49548063883863785,0.22295305689530143,0.0029379225543789095,15,4
B,839,20,0.1,0.52325,0,0.67742870788053,0.5057214368981234,0.17170727098240662,0.0053553826465150755,18,18
B,839,20,0.5,0.6425,0,0.6974845380715303,0.5178053366841715,0.17967920138735882,0.0035966994496910588,18,18
B,839,20,0.9,0.8365,0,0.7219475704238881,0.6389409558899508,0.08300661453393729,0.0012342197941448364,18,18
B,839,20,0.99,0.871,0,0.7390770625495897,0.7283089070151284,0.010768155534461395,0.0001476939390509995,18,18
B,839,20,0.999,0.87275,0,0.7412996614715849,0.7401930842644653,0.0011065772071195653,1.5088168288806768e-05,18,18
B,840,20,0.1,0.4975,0,0.6739171570169611,0.6646735278766436,0.00924362914031743,0.004585831574194357,18,18
B,840,20,0.5,0.5195,0,0.7055906049582854,0.6905900941385942,0.015000510819691379,0.0024227757704204864,18,18
B,840,20,0.9,0.498,0,0.7930192532465804,0.791996264720877,0.001022988525703529,0.0005545478109840708,18,18
B,840,20,0.99,0.432,0,0.8475907598348492,0.8480539032483809,-0.0004631434135316426,6.003360523441727e-05,18,18
B,840,20,0.999,0.418,0,0.8548626781838068,0.8549177442916969,-5.5066107890073155e-05,6.064536075456488e-06,18,18
B,841,20,0.1,0.49575,0,0.7304532607986208,0.7428123519971138,-0.01235909119849295,0.00348174505242235,16,16
B,841,20,0.5,0.482,0,0.6911375077202481,0.720418499583597,-0.029280991863348958,0.00224273188104898,16,16
B,841,20,0.9,0.45375,0,0.7032399987822479,0.7144693838488202,-0.011229385066572242,0.0005608299150260654,16,16
B,841,20,0.99,0.4495,0,0.7140305483979094,0.715289363161836,-0.00125881476392665,5.910315178953843e-05,16,16
B,841,20,0.999,0.4495,0,0.7152846946085583,0.7154117650227667,-0.00012707041420846604,5.939889021839307e-06,16,16
B,842,20,0.1,0.527,0,0.7284266961109017,0.49963864111687817,0.2287880549940236,0.005433778192421383,20,2
B,842,20,0.5,0.63725,0,0.6873845735884112,0.49963864111687817,0.1877459324715331,0.004953180212659287,20,2
B,842,20,0.9,0.71375,0,0.7321008283443956,0.49963864111687806,0.23246218722751757,0.004251289948860253,20,2
B,842,20,0.99,0.7335,0,0.7632097267970878,0.49963864111687817,0.26357108568020965,0.00399518944649099,20,2
B,842,20,0.999,0.7375,0,0.7669122510925106,0.49963864111687817,0.2672736099756325,0.0039695393505570645,20,2
B,843,20,0.1,0.539,0,0.7429958834227229,0.5141855881735284,0.22881029524919452,0.005098021965669446,13,13
B,843,20,0.5,0.6255,0,0.7334261861649196,0.5649133024981259,0.1685128836667936,0.0033756906468421326,13,13
B,843,20,0.9,0.70925,0,0.7392271520795488,0.676398643569087,0.06282850851046173,0.0011377132579163298,13,13
B,843,20,0.99,0.724,0,0.7428485141416001,0.735401797963791,0.007446716177809086,0.000131661451719558,13,13
B,843,20,0.999,0.72475,0,0.743258331645726,0.7425015306782177,0.000756800967508312,1.3362686302044783e-05,13,13
B,844,20,0.1,0.4995,0,0.5188294360481702,0.7279045543782408,-0.2090751183300706,0.004688338683601797,6,6
B,844,20,0.5,0.4195,0,0.5872633296151825,0.678927791885536,-0.09166446227035345,0.002219011959730349,6,6
B,844,20,0.9,0.35775,0,0.6441865431989736,0.6606962849605452,-0.016509741761571634,0.00039910011732140666,6,6
B,844,20,0.99,0.34175,0,0.6569929044549165,0.6586231472540085,-0.0016302427990917971,3.9221964945868424e-05,6,6
B,844,20,0.999,0.34025,0,0.6582810642952931,0.6584439093372856,-0.00016284504199245883,3.915887795313989e-06,6,6
B,845,20,0.1,0.531,0,0.7456158548371329,0.5214542902999564,0.2241615645371765,0.004847022222415232,13,13
B,845,20,0.5,0.59325,0,0.7152147581782818,0.6059232321625404,0.1092915260157414,0.002689281088212067,13,13
B,845,20,0.9,0.59575,0,0.7233582160222771,0.7089111849458261,0.014447031076451105,0.0006208106293547613,13,13
B,845,20,0.99,0.588,0,0.7363930724290192,0.735117653146121,0.0012754192828982004,6.545748323889865e-05,13,13
B,845,20,0.999,0.58375,0,0.7379372205366422,0.7378116497635355,0.00012557077310662012,6.576266691795928e-06,13,13
B,846,20,0.1,0.4815,0,0.5203044773700988,0.7395474256911837,-0.219242948321085,0.004956079432471888,18,18
B,846,20,0.5,0.376,0,0.5916869787350157,0.7250365371884562,-0.13334955845344038,0.0029836338012162677,18,18
B,846,20,0.9,0.21075,0,0.7122492182311801,0.7502157702086799,-0.037966551977499735,0.0007346695957962744,18,18
B,846,20,0.99,0.1725,0,0.7601988945369783,0.7644458955338906,-0.004247000996912284,7.905409689585926e-05,18,18
B,846,20,0.999,0.16825,0,0.7656535703819488,0.7660834668445587,-0.00042989646260988413,7.963297327554567e-06,18,18
B,847,20,0.1,0.515,0,0.6618691548010064,0.5120396617551931,0.1498294930458132,0.00521914778872126,14,14
B,847,20,0.5,0.60175,0,0.6568706131804178,0.5338774049984477,0.12299320818197035,0.002959281380200077,14,14
B,847,20,0.9,0.74775,0,0.7387893709574279,0.6856388567362086,0.05315051422121922,0.0009700580444556545,14,14
B,847,20,0.99,0.77825,0,0.7782552186108317,0.7710507587076225,0.007204459903209127,0.00012766262853892272,14,14
B,847,20,0.999,0.7815,0,0.7826214015541315,0.7818765957537059,0.0007448058004256093,1.3181026122201724e-05,14,14
B,848,20,0.1,0.528,0,0.7484038781127917,0.5105735538344424,0.23783032427834927,0.003923649095677835,19,19
B,848,20,0.5,0.63475,0,0.7577104346118337,0.5957035701541342,0.16200686445769952,0.002774579618269691,19,19
B,848,20,0.9,0.717,0,0.7947362366376605,0.7469200840822382,0.04781615255542222,0.0009374725436133414,19,19
B,848,20,0.99,0.721,0,0.8141672745142046,0.8088248880417228,0.005342386472481751,0.00010989805033322803,19,19
B,848,20,0.999,0.71875,0,0.8165233941750196,0.8159838240795512,0.000539570095468583,1.1164875405736839e-05,19,19
B,849,20,0.1,0.51025,0,0.5184620220479287,0.49864208209647404,0.01981993995145477,0.005987905967626411,15,15
B,849,20,0.5,0.55375,0,0.5930040457188739,0.52917829500317,0.06382575071570373,0.0042698673102122275,15,15
B,849,20,0.9,0.54775,0,0.7002413998339193,0.6750898491367976,0.025151550697121702,0.0015338642810681295,15,15
B,849,20,0.99,0.4435,0,0.783333006820769,0.7824797952343847,0.0008532115863842815,0.0001869999011338749,15,15
B,849,20,0.999,0.42675,0,0.7965146376283954,0.7964596826405148,5.495498788054273e-05,1.9098318411964085e-05,15,15
B,850,20,0.1,0.4905,0,0.656385461895534,0.65877019360519,-0.0023847317096560594,0.004923405969203506,13,13
B,850,20,0.5,0.49775,0,0.6694882999844256,0.661166024649549,0.008322275334876625,0.00336602369272339,13,13
B,850,20,0.9,0.49375,0,0.7378149122865566,0.7332761795193034,0.004538732767253196,0.0009912328484875629,13,13
B,850,20,0.99,0.50175,0,0.7682213147339266,0.7675029804180781,0.0007183343158486025,0.00011146067086038404,13,13
B,850,20,0.999,0.502,0,0.7716386904539115,0.7715641795052521,7.451094865940383e-05,1.1291692056508223e-05,13,13
B,851,20,0.1,0.517,0,0.6663574656592898,0.5211350970637362,0.14522236859555357,0.0032882515906319945,18,18
B,851,20,0.5,0.55875,0,0.681312425168742,0.6123022944872059,0.06901013068153625,0.0018057770254901898,18,18
B,851,20,0.9,0.58725,0,0.7385137226976517,0.725266134838325,0.013247587859326577,0.00041366292674040894,18,18
B,851,20,0.99,0.58625,0,0.7618335277975877,0.7605361405894371,0.0012973872081505887,4.274979341969764e-05,18,18
B,851,20,0.999,0.58525,0,0.7645221058833384,0.7643927110480295,0.0001293948353086719,4.294191605198459e-06,18,18
B,852,20,0.1,0.4835,0,0.5241480484075639,0.6608536627903505,-0.13670561438278667,0.005450683473149896,18,18
B,852,20,0.5,0.4965,0,0.6190049902238337,0.6530721386627372,-0.03406714843890364,0.003944389518569949,18,18
B,852,20,0.9,0.68225,0,0.7664271334806165,0.7434531886988749,0.02297394478174167,0.0014614206393247216,18,18
B,852,20,0.99,0.76375,0,0.8248929778134805,0.8206119033862045,0.004281074427276024,0.00017775103513994073,18,18
B,852,20,0.999,0.775,0,0.8316760387781167,0.8312202977768781,0.0004557410012383427,1.8169748507615605e-05,18,18
B,853,20,0.1,0.476,0,0.49303226179256443,0.6673325142397682,-0.17430025244720382,0.0052715414406850165,17,17
B,853,20,0.5,0.38575,0,0.5440243079230397,0.6879947354018716,-0.14397042747883199,0.003259088574736425,17,17
B,853,20,0.9,0.26375,0,0.6925020035391378,0.7385771523408718,-0.0460751488017342,0.0008307653827151188,17,17
B,853,20,0.99,0.24875,0,0.7494355699060758,0.754596483337719,-0.005160913431643156,8.968502269044939e-05,17,17
B,853,20,0.999,0.24775,0,0.7557722529275327,0.7562946576132474,-0.0005224046857147428,9.04294818035258e-06,17,17
B,854,20,0.1,0.4695,0,0.5120209981427875,0.6416949547079671,-0.1296739565651797,0.0052204723420343,17,17
B,854,20,0.5,0.47075,0,0.5779822290457077,0.5973452991163543,-0.019363070070646592,0.002674815345600265,17,17
B,854,20,0.9,0.553,0,0.6641281914239014,0.6541407713884125,0.009987420035488973,0.0005050768649306239,17,17
B,854,20,0.99,0.579,0,0.6890524521838085,0.6876894766867776,0.0013629754970309427,5.1222369742546454e-05,17,17
B,854,20,0.999,0.5825,0,0.691659341729822,0.6915193938248437,0.00013994790497826758,5.133466827485446e-06,17,17
B,855,20,0.1,0.5085,0,0.7434196744155024,0.7367767779544684,0.006642896461034233,0.003923625825245158,14,9
B,855,20,0.5,0.5075,0,0.7266780980702708,0.7069680495190339,0.01971004855123698,0.0026756262474078355,14,9
B,855,20,0.9,0.416,0,0.7516216740959683,0.7326341591298321,0.018987514966136033,0.0015760079185410095,14,9
B,855,20,0.99,0.37075,0,0.7860706325072703,0.7531362835327994,0.03293434897447091,0.001330704177169693,14,9
B,855,20,0.999,0.36625,0,0.79065192449249,0.7555745421176405,0.03507738237484955,0.0013110154427718442,14,9
B,856,20,0.1,0.536,0,0.6826905409416755,0.4937082391961321,0.1889823017455434,0.005514715464815981,8,1
B,856,20,0.5,0.6165,0,0.7092338108485242,0.4937082391961322,0.215525571652392,0.004600502835782261,8,1
B,856,20,0.9,0.69075,0,0.7200358193364665,0.4937082391961321,0.22632758014033436,0.003970231731445127,8,1
B,856,20,0.99,0.70725,0,0.7227598610165826,0.4937082391961322,0.22905162182045033,0.003896799741975001,8,1
B,856,20,0.999,0.7095,0,0.7230458251788934,0.4937082391961321,0.2293375859827612,0.003890676670828604,8,1
B,857,20,0.1,0.50875,0,0.6526362481744403,0.6659203363095305,-0.013284088135090114,0.00487965659647419,19,19
B,857,20,0.5,0.4855,0,0.6462250060705712,0.6938271942880082,-0.04760218821743696,0.0032698727561849294,19,19
B,857,20,0.9,0.4865,0,0.747576144059799,0.761462895477551,-0.013886751417752018,0.000960734168726476,19,19
B,857,20,0.99,0.5,0,0.7924783533803805,0.7937599974461064,-0.001281644065725842,0.00010686858854507008,19,19
B,857,20,0.999,0.5025,0,0.7974768479698653,0.7976034039600078,-0.00012655599014265822,1.080974617914297e-05,19,19
B,858,20,0.1,0.4815,0,0.6718616129053513,0.7408189962542776,-0.06895738334892638,0.004422323579290297,17,17
B,858,20,0.5,0.43775,0,0.6593301121336687,0.7378003132171759,-0.07847020108350716,0.0031233637753917574,17,17
B,858,20,0.9,0.32975,0,0.7060145617850365,0.75608746047537,-0.050072898690333545,0.001204902418730067,17,17
B,858,20,0.99,0.317,0,0.7580997306347351,0.764670502422076,-0.006570771787340787,0.00014562939181551624,17,17
B,858,20,0.999,0.316,0,0.764982916171429,0.7656565318504326,-0.0006736156790035268,1.4846789176268515e-05,17,17
B,859,20,0.1,0.517,0,0.7267710815664982,0.4949208800403417,0.23185020152615646,0.004775082488722962,12,4
B,859,20,0.5,0.609,0,0.6719810896807746,0.5285194566929587,0.1434616329878158,0.0029420814332797767,12,4
B,859,20,0.9,0.6775,0,0.6883783248199228,0.5863920425104915,0.10198628230943117,0.002303082588294909,12,4
B,859,20,0.99,0.6745,0,0.7070255834347928,0.6008858012368592,0.10613978219793367,0.0022869256250409127,12,4
B,859,20,0.999,0.67375,0,0.7092021348377977,0.6023497877814741,0.10685234705632365,0.0022878013095593394,12,4
B,860,20,0.1,0.49775,0,0.7415853371679807,0.746985157306186,-0.005399820138205284,0.0033810521061119463,13,13
B,860,20,0.5,0.494,0,0.7327659211315295,0.7292877129605777,0.003478208170951856,0.002092119535601989,13,13
B,860,20,0.9,0.48475,0,0.7485022372448104,0.7462671022381524,0.002235135006657975,0.0005013909082385206,13,13
B,860,20,0.99,0.48525,0,0.7556352294587602,0.7554057856603583,0.0002294437984018168,5.195937967176687e-05,13,13
B,860,20,0.999,0.486,0,0.7564370831653195,0.7564141600272053,2.292313811435272e-05,5.213333310680529e-06,13,13
B,861,20,0.1,0.47925,0,0.5164392715880667,0.656736685854335,-0.14029741426626818,0.005320311917028394,18,18
B,861,20,0.5,0.447,0,0.5936193154357513,0.6567051611830783,-0.06308584574732702,0.0030217570725134726,18,18
B,861,20,0.9,0.44875,0,0.6899258171460311,0.7004465404822517,-0.010520723336220736,0.0006656667235292182,18,18
B,861,20,0.99,0.45325,0,0.7155613941332022,0.7165756010108496,-0.0010142068776474314,6.889041069434656e-05,18,18
B,861,20,0.999,0.453,0,0.718218628608653,0.7183196573311038,-0.00010102872245087568,6.913108693630198e-06,18,18
B,862,20,0.1,0.51675,0,0.7454924062786736,0.5003154038185879,0.24517700246008586,0.005010002751126508,20,20
B,862,20,0.5,0.6505,0,0.7221050122134913,0.5402058613757615,0.18189915083772967,0.0030865839053397276,20,20
B,862,20,0.9,0.80975,0,0.7198880427220541,0.6633496951367044,0.05653834758534971,0.0008176323860917908,20,20
B,862,20,0.99,0.85425,0,0.7456170410327977,0.7385341135979527,0.007082927434844983,9.35823925523988e-05,20,20
B,862,20,0.999,0.8575,0,0.749631279409119,0.7489029395119182,0.0007283398972007154,9.553606035237429e-06,20,20
B,863,20,0.1,0.4995,0,0.6712094792997761,0.7437962581692686,-0.0725867788694925,0.00449612557005517,15,15
B,863,20,0.5,0.49875,0,0.7111285595926828,0.7353579103655721,-0.024229350772889246,0.003017272838382497,15,15
B,863,20,0.9,0.55325,0,0.7961877569995004,0.7944166315237963,0.0017711254757042023,0.0008916414093294919,15,15
B,863,20,0.99,0.561,0,0.8331108027653878,0.832802414106735,0.0003083886586527587,0.00010085240260762961,15,15
B,863,20,0.999,0.56175,0,0.8375522914157139,0.8375203184275666,3.197298814729881e-05,1.020441040537031e-05,15,15
B,864,20,0.1,0.49475,0,0.6626658121624814,0.7407802006300751,-0.07811438846759367,0.004248242664536454,18,18
B,864,20,0.5,0.4345,0,0.6739088012544493,0.7313314736469368,-0.05742267239248757,0.002378714616198054,18,18
B,864,20,0.9,0.33925,0,0.7384663396883735,0.7570441347681597,-0.01857779507978622,0.0005796019271900971,18,18
B,864,20,0.99,0.314,0,0.767539538861784,0.7696580286889659,-0.002118489827181751,6.158953525851364e-05,18,18
B,864,20,0.999,0.311,0,0.7708747162708044,0.7710896895064101,-0.0002149732356057055,6.194355117084343e-06,18,18
B,865,20,0.1,0.5025,0,0.7367674640783491,0.6632893178409853,0.0734781462373638,0.003533196151298062,18,18
B,865,20,0.5,0.5325,0,0.7171513462465037,0.6823706355688742,0.03478071067762934,0.0017659894544486921,18,18
B,865,20,0.9,0.54875,0,0.7375581636355281,0.7314338145127972,0.006124349122730827,0.00030218509266761816,18,18
B,865,20,0.99,0.55575,0,0.7555824650936138,0.7549708415110556,0.0006116235825581866,2.9110688957757693e-05,18,18
B,865,20,0.999,0.556,0,0.7577830983302194,0.7577219644291117,6.113390110777957e-05,2.8998420163797784e-06,18,18
B,866,20,0.1,0.4915,0,0.49632949448365027,0.5029674859777838,-0.006637991494133681,0.0057964716546971,18,18
B,866,20,0.5,0.45725,0,0.525081655600767,0.558392426176871,-0.03331077057610409,0.003542889460746966,18,18
B,866,20,0.9,0.35675,0,0.6969669603386801,0.7244834839356485,-0.02751652359696845,0.0009392956266479948,18,18
B,866,20,0.99,0.30925,0,0.7865882267768766,0.7903094418989205,-0.0037212151220438736,0.00010585785249508654,18,18
B,866,20,0.999,0.305,0,0.7972999390824994,0.7976838832579208,-0.0003839441754213582,1.0739760682075738e-05,18,18
B,867,20,0.1,0.496,0,0.7363362034429717,0.7483239647678691,-0.01198776132489738,0.003805788551221098,15,15
B,867,20,0.5,0.4665,0,0.7167762124638282,0.7467416990728379,-0.029965486609009793,0.0021333294989121275,15,15
B,867,20,0.9,0.4065,0,0.7451338470258697,0.7545896321251429,-0.009455785099273008,0.0004641194704911128,15,15
B,867,20,0.99,0.387,0,0.7582815730848599,0.7593107015667719,-0.0010291284819118225,4.7164512588806495e-05,15,15
B,867,20,0.999,0.3835,0,0.7597404308613854,0.7598440321694216,-0.00010360130803627026,4.7204394918227036e-06,15,15
B,868,20,0.1,0.47825,0,0.5008242210519339,0.6581852659793933,-0.15736104492745936,0.005680468962553745,2,17
B,868,20,0.5,0.4115,0,0.5008242210519339,0.6417346680513102,-0.14091044699937633,0.004906237476500123,2,17
B,868,20,0.9,0.33575,0,0.5008242210519338,0.7039588277689636,-0.2031346067170298,0.003969218708514866,2,17
B,868,20,0.99,0.3085,0,0.5008242210519339,0.7397632358619318,-0.23893901480999782,0.0037834964170547986,2,17
B,868,20,0.999,0.30775,0,0.5008242210519338,0.743924061658525,-0.24309984060659126,0.003769882588503371,2,17
B,869,20,0.1,0.51575,0,0.6704418914696492,0.517524233402278,0.152917658067371,0.004973933468834635,14,14
B,869,20,0.5,0.58525,0,0.6789817441472347,0.589757563326569,0.08922418082066558,0.0022847606453403066,14,14
B,869,20,0.9,0.69825,0,0.7232312522482073,0.700961465273977,0.022269786974230373,0.0004272207060205799,14,14
B,869,20,0.99,0.74125,0,0.7444045379039314,0.7419658263499511,0.0024387115539802827,4.352139692497582e-05,14,14
B,869,20,0.999,0.7455,0,0.7467262981724253,0.7464801052567589,0.0002461929156665213,4.364308168891135e-06,14,14
B,870,20,0.1,0.4985,0,0.6711355349605816,0.671865052980359,-0.0007295180197773732,0.005053811699369884,19,19
B,870,20,0.5,0.48875,0,0.6999369582031785,0.6957311309295117,0.0042058272736667755,0.0038285618745651467,19,19
B,870,20,0.9,0.512,0,0.775547965474607,0.7653597817827256,0.010188183691881347,0.0012126560132662116,19,19
B,870,20,0.99,0.56425,0,0.8189468211466255,0.8164557838068562,0.0024910373397692824,0.00014379310804423257,19,19
B,870,20,0.999,0.571,0,0.8245216018414633,0.8242457562022489,0.00027584563921437743,1.4670683831750732e-05,19,19
B,871,20,0.1,0.51275,0,0.67168808544313,0.5160761117872276,0.1556119736559024,0.005330352410864918,14,14
B,871,20,0.5,0.5555,0,0.6876571838009256,0.5839459738679055,0.10371120993302001,0.003334441895102857,14,14
B,871,20,0.9,0.59375,0,0.7418431619786797,0.7098225595777751,0.032020602400904694,0.000924535128373581,14,14
B,871,20,0.99,0.60675,0,0.7727435110932422,0.7689658345700646,0.0037776765231774825,0.00010312465106985288,14,14
B,871,20,0.999,0.60825,0,0.7764393293557257,0.7760535608136818,0.00038576854204403665,1.0441559417267516e-05,14,14
B,872,20,0.1,0.51275,0,0.6604751586937684,0.5199176546185892,0.14055750407517925,0.005307356458289644,17,17
B,872,20,0.5,0.611,0,0.6586505115039422,0.5768361847682998,0.08181432673564237,0.0031223626412986132,17,17
B,872,20,0.9,0.78125,0,0.7218414967863853,0.6904572658292093,0.03138423095717599,0.0007574517202600454,17,17
B,872,20,0.99,0.83675,0,0.7567302169282668,0.7526699366576783,0.00406028027058846,8.234300262182631e-05,17,17
B,872,20,0.999,0.8415,0,0.7608139058625664,0.7603970924263262,0.00041681343624013953,8.313867619336249e-06,17,17
B,873,20,0.1,0.52125,0,0.7498971638006396,0.5274276941186715,0.22246946968196818,0.003861523949465544,16,16
B,873,20,0.5,0.59375,0,0.7560735556018444,0.6129885605950933,0.143084995006751,0.002582092167187095,16,16
B,873,20,0.9,0.66275,0,0.7658236800315046,0.728254113290449,0.03756956674105566,0.0007139227318753671,16,16
B,873,20,0.99,0.671,0,0.7698505811408667,0.765849114327314,0.004001466813552664,7.715092506602671e-05,16,16
B,873,20,0.999,0.672,0,0.7703145849176748,0.7699121620084693,0.0004024229092055872,7.772806743900241e-06,16,16
B,874,20,0.1,0.4855,0,0.6775939588237663,0.7369063649683014,-0.059312406144535146,0.004386591733302838,17,17
B,874,20,0.5,0.48125,0,0.7104280278208429,0.728776969150033,-0.018348941329190054,0.002786041859508336,17,17
B,874,20,0.9,0.49525,0,0.7738374918922999,0.7768879785882065,-0.003050486695906588,0.0007491052737812352,17,17
B,874,20,0.99,0.497,0,0.799547135338495,0.7999382247943426,-0.0003910894558478239,8.132568438996091e-05,17,17
B,874,20,0.999,0.498,0,0.802479748215411,0.802519422377338,-3.967416192686633e-05,8.21164040319563e-06,17,17
B,875,20,0.1,0.501,0,0.656055062505425,0.5307782448381045,0.12527681766732032,0.005343653466089138,15,15
B,875,20,0.5,0.4425,0,0.665544815395534,0.612191552232491,0.053353263163043,0.00325208735206495,15,15
B,875,20,0.9,0.347,0,0.7174264902544042,0.7038613719575967,0.013565118296807356,0.0009206465190498419,15,15
B,875,20,0.99,0.313,0,0.7376196918041256,0.7361185695995566,0.0015011222045688945,0.0001026033643914915,15,15
B,875,20,0.999,0.311,0,0.7398890433239346,0.7397373920706234,0.00015165125331113483,1.0365951175764098e-05,15,15
B,876,20,0.1,0.48175,0,0.5213833508064545,0.6632691524821762,-0.14188580167572185,0.005362840222055475,15,15
B,876,20,0.5,0.45525,0,0.6125126517407977,0.6647459807052271,-0.05223332896442932,0.0032564516357661815,15,15
B,876,20,0.9,0.55725,0,0.7071157940112461,0.6973941801662952,0.009721613844950988,0.0009611093003869645,15,15
B,876,20,0.99,0.59375,0,0.7301605717136863,0.72840287679119,0.001757694922496374,0.00010907210852529819,15,15
B,876,20,0.999,0.5965,0,0.7325000217206866,0.7323169534425279,0.0001830682781588068,1.1039509954771258e-05,15,15
B,877,20,0.1,0.521,0,0.735875441253556,0.6553207348947572,0.08055470635879877,0.004583603665764481,15,15
B,877,20,0.5,0.5585,0,0.7300720892942245,0.6674340091742594,0.06263808011996493,0.0032628454351311576,15,15
B,877,20,0.9,0.619,0,0.7854887253855285,0.7609078347608431,0.02458089062468538,0.0010550716682660446,15,15
B,877,20,0.99,0.64,0,0.8113245332735328,0.8081145700040943,0.0032099632694386434,0.00012290141719616034,15,15
B,877,20,0.999,0.64275,0,0.8142179491669658,0.813886689837114,0.0003312593298518155,1.2498721834551226e-05,15,15
B,878,20,0.1,0.4915,0,0.4946528853178076,0.49826298037925826,-0.0036100950614505957,0.005898930573397033,7,7
B,878,20,0.5,0.47075,0,0.5065845477711797,0.5379671787227409,-0.0313826309515613,0.003370257945801559,7,7
B,878,20,0.9,0.37025,0,0.5787106846757617,0.5978782587750467,-0.019167574099284997,0.0007274382018721315,7,7
B,878,20,0.99,0.34125,0,0.6097660318589311,0.6120527095214893,-0.0022866776625581034,7.509042347459864e-05,7,7
B,878,20,0.999,0.33875,0,0.6132454155772341,0.6134779384329684,-0.00023252285573432434,7.535836258523664e-06,7,7
B,879,20,0.1,0.5365,0,0.7371542745645632,0.5258507756389511,0.21130349892561212,0.004817170273412259,15,15
B,879,20,0.5,0.62575,0,0.7281063037640134,0.6152394564278371,0.11286684733617634,0.0023995413277327106,15,15
B,879,20,0.9,0.76675,0,0.782646445631965,0.7546190619779345,0.028027383654030395,0.0004638577601940573,15,15
B,879,20,0.99,0.81575,0,0.8062502623218384,0.8032114857895366,0.0030387765323018306,4.7109914140349855e-05,15,15
B,879,20,0.999,0.818,0,0.8088286624473795,0.808522206394024,0.000306456053355712,4.7213383363332644e-06,15,15
B,880,20,0.1,0.48325,0,0.6589520939731506,0.7435759790328172,-0.08462388505966673,0.004523373529059314,10,10
B,880,20,0.5,0.459,0,0.6689496922475507,0.737162679270534,-0.06821298702298322,0.0032954815887340613,10,10
B,880,20,0.9,0.47875,0,0.7644540127645258,0.7808021622479847,-0.016348149483458835,0.0011925530895789307,10,10
B,880,20,0.99,0.5085,0,0.8078896452421737,0.809572790450162,-0.0016831452079883369,0.00013992490971024792,10,10
B,880,20,0.999,0.51225,0,0.8129227684132196,0.8130926940740513,-0.00016992566083143913,1.4214134963970118e-05,10,10
B,881,20,0.1,0.5185,0,0.7452001997288198,0.5249707038732987,0.220229495855521,0.004897871465327341,17,17
B,881,20,0.5,0.60625,0,0.7332257667148815,0.6011761961646189,0.13204957055026276,0.0027946915917511058,17,17
B,881,20,0.9,0.745,0,0.7495476742239896,0.7064530590675417,0.043094615156447864,0.0007534894646787154,17,17
B,881,20,0.99,0.7865,0,0.7596459850030585,0.7542075580014288,0.005438427001629632,9.46706250370231e-05,17,17
B,881,20,0.999,0.79,0,0.7608064214661129,0.7602488750714601,0.0005575463946525348,9.712217484676697e-06,17,17
B,882,20,0.1,0.4985,0,0.672754315277831,0.6721082817123308,0.0006460335655003086,0.004806398687583339,17,17
B,882,20,0.5,0.515,0,0.7005636372083563,0.6899006719638772,0.010662965244479263,0.0029754989995991214,17,17
B,882,20,0.9,0.58,0,0.7659828785625498,0.756911191280576,0.009071687281973662,0.0007061200189423252,17,17
B,882,20,0.99,0.595,0,0.7874170183702293,0.7862886317929538,0.0011283865772753444,7.429033410131497e-05,17,17
B,882,20,0.999,0.5965,0,0.789722564133223,0.7896068127004424,0.00011575143278054088,7.468222624568143e-06,17,17
B,883,20,0.1,0.4945,0,0.5009776620052837,0.516887146107016,-0.01590948410173239,0.005858232373485654,18,18
B,883,20,0.5,0.43875,0,0.505120332067708,0.5771119919856561,-0.07199165991794815,0.003588391304284428,18,18
B,883,20,0.9,0.228,0,0.6059728700486494,0.6616678153178392,-0.055694945269189756,0.0009775615750129887,18,18
B,883,20,0.99,0.18275,0,0.6798669100836789,0.6872632117822294,-0.007396301698550401,0.00011495119545766994,18,18
B,883,20,0.999,0.178,0,0.6891974919112219,0.6899580110450704,-0.0007605191338484653,1.1713281341763676e-05,18,18
B,884,20,0.1,0.4655,0,0.5216681489854916,0.7531845061711854,-0.23151635718569372,0.004996730524861929,18,18
B,884,20,0.5,0.348,0,0.596286304315749,0.7762562249909506,-0.17996992067520162,0.0031692960415962584,18,18
B,884,20,0.9,0.14125,0,0.7547440754199191,0.8212856587365668,-0.06654158331664763,0.0008736058314189755,18,18
B,884,20,0.99,0.10375,0,0.8368424747776234,0.8447169390195324,-0.007874464241908765,9.49153306803857e-05,18,18
B,884,20,0.999,0.09925,0,0.8468618918761563,0.8476630276434732,-0.0008011357673169408,9.567439958265191e-06,18,18
B,885,20,0.1,0.50025,0,0.7400659765919461,0.7365272755146071,0.0035387010773390857,0.003940119671708346,15,15
B,885,20,0.5,0.4865,0,0.7320157109334517,0.7240197324687023,0.007995978464749552,0.0026358657029346426,15,15
B,885,20,0.9,0.5095,0,0.7975976318177558,0.7858997561307612,0.011697875686994536,0.0008783014657835459,15,15
B,885,20,0.99,0.515,0,0.8266705471823333,0.8250763476891434,0.001594199493189905,0.00010200604136901614,15,15
B,885,20,0.999,0.5175,0,0.829926275084837,0.829761764615808,0.0001645104690291137,1.0343043049383957e-05,15,15
B,886,20,0.1,0.50675,0,0.7357858809111191,0.6502447885234771,0.08554109238764186,0.0037103010989793643,16,16
B,886,20,0.5,0.5755,0,0.7113243953300054,0.6265727479938069,0.0847516473361984,0.002441402919986201,16,16
B,886,20,0.9,0.64575,0,0.7160404537449585,0.6836420249064197,0.03239842883853879,0.0008405860420356829,16,16
B,886,20,0.99,0.65225,0,0.7252316033081725,0.7213162211560001,0.003915382152172348,0.00010138905745718803,16,16
B,886,20,0.999,0.652,0,0.7264064006164022,0.7260071849158138,0.00039921570058829855,1.033010630685264e-05,16,16
B,887,20,0.1,0.50675,0,0.5264777725149514,0.5138303943226306,0.012647378192320912,0.005887021548895471,14,14
B,887,20,0.5,0.52375,0,0.6086162809415222,0.5771971735721318,0.03141910736939037,0.00342658526709566,14,14
B,887,20,0.9,0.58275,0,0.7109362587972922,0.6960831063773791,0.01485315241991299,0.0008272727567566308,14,14
B,887,20,0.99,0.6015,0,0.755196529786855,0.7533733826845024,0.001823147102352675,9.044035011971903e-05,14,14
B,887,20,0.999,0.60225,0,0.7604732338248832,0.7602870523830747,0.00018618144180856597,9.14071729998484e-06,14,14
B,888,20,0.1,0.49975,0,0.66265052092507,0.6637480995930373,-0.0010975786679672927,0.004830790295416975,10,10
B,888,20,0.5,0.468,0,0.6507362309595288,0.668818976371,-0.01808274541147105,0.00308965384226376,10,10
B,888,20,0.9,0.4085,0,0.6943487972145629,0.703140438372513,-0.008791641157950069,0.0008082571077844485,10,10
B,888,20,0.99,0.3985,0,0.7151693969236643,0.7161843702512013,-0.0010149733275369433,8.623014092870617e-05,10,10
B,888,20,0.999,0.397,0,0.7175018095943203,0.7176044394527371,-0.00010262985841686265,8.677674998632926e-06,10,10
B,889,20,0.1,0.49175,0,0.663869137665312,0.7278497697416472,-0.06398063207633523,0.004451382717134653,11,11
B,889,20,0.5,0.4725,0,0.6518473938125053,0.6539218464550699,-0.0020744526425646777,0.002957833996147371,11,11
B,889,20,0.9,0.4725,0,0.645580016549156,0.6312830756332478,0.014296940915908267,0.0007688933684378413,11,11
B,889,20,0.99,0.4735,0,0.6425180454011199,0.6406379685090069,0.0018800768921128795,8.224203791459458e-05,11,11
B,889,20,0.999,0.474,0,0.6421734924301307,0.6419808042370325,0.00019268819309796163,8.282022245031304e-06,11,11
B,890,20,0.1,0.50875,0,0.7471468384322927,0.6694463519991671,0.07770048643312549,0.0034858759973786777,14,14
B,890,20,0.5,0.54125,0,0.725360514381244,0.6843310669975518,0.04102944738369217,0.0016833855781149764,14,14
B,890,20,0.9,0.596,0,0.7391831223393359,0.7291089606811522,0.010074161658183731,0.00032251100405411516,14,14
B,890,20,0.99,0.61875,0,0.7574719026040373,0.7562907304033825,0.0011811722006549324,3.362227295051833e-05,14,14
B,890,20,0.999,0.623,0,0.7597945199694444,0.7596741591996538,0.00012036076979056475,3.3825009724472435e-06,14,14
B,891,20,0.1,0.4865,0,0.532135747776908,0.5119945378577003,0.020141209919207568,0.0058034883336377015,18,18
B,891,20,0.5,0.51,0,0.6167260185011,0.590173990854095,0.02655202764700469,0.003385493811636502,18,18
B,891,20,0.9,0.57,0,0.7462044834841868,0.7309101555976822,0.015294327886504618,0.0008289387807154266,18,18
B,891,20,0.99,0.61275,0,0.801748255617646,0.7993816162678045,0.0023666393498416277,9.38701790857419e-05,18,18
B,891,20,0.999,0.61475,0,0.8082779565955079,0.8080308321285765,0.0002471244669314884,9.551047354647964e-06,18,18
B,892,20,0.1,0.499,0,0.5182250209707727,0.5306609019640884,-0.012435880993315898,0.0058675662556414675,16,16
B,892,20,0.5,0.4795,0,0.5809792515350678,0.612749948678982,-0.03177069714391421,0.003885450426560504,16,16
B,892,20,0.9,0.4555,0,0.6850479774740087,0.6967013737751644,-0.011653396301155616,0.001153822887165306,16,16
B,892,20,0.99,0.4675,0,0.7233510707057853,0.7244778242790438,-0.0011267535732584898,0.0001307758280668145,16,16
B,892,20,0.999,0.46875,0,0.7276055951303012,0.7277177090768887,-0.00011211394658736732,1.3248993060549234e-05,16,16
B,893,20,0.1,0.49875,0,0.7255907826421919,0.7347144609786114,-0.009123678336419423,0.003459936575502154,14,15
B,893,20,0.5,0.495,0,0.6883114910907939,0.6947564896360936,-0.006444998545299757,0.002015214512402301,14,15
B,893,20,0.9,0.5545,0,0.7127295338096156,0.7071134518147777,0.0056160819948378625,0.0004440818744640484,14,15
B,893,20,0.99,0.6085,0,0.7371053979244218,0.7360843640700616,0.0010210338543599792,4.822184148729119e-05,14,15
B,893,20,0.999,0.612,0,0.7400825355302657,0.7399756136006629,0.00010692192960263696,4.86742558875904e-06,14,15
B,894,20,0.1,0.513,0,0.676392579148257,0.6635063320323242,0.012886247115932668,0.004649275200312308,17,17
B,894,20,0.5,0.52125,0,0.6898886099204335,0.6759169773786909,0.01397163254174254,0.0025350280534261077,17,17
B,894,20,0.9,0.528,0,0.7128473953979184,0.7104394152569423,0.002407980140975992,0.0005348246598231655,17,17
B,894,20,0.99,0.5295,0,0.7206437707183181,0.7204320096798995,0.0002117610384187452,5.468160746509033e-05,17,17
B,894,20,0.999,0.52875,0,0.7214927618962768,0.7214719820450817,2.07798511951357e-05,5.478249335665045e-06,17,17
B,895,20,0.1,0.5035,0,0.5106464285309439,0.4925603814652101,0.018086047065733822,0.005772422525647991,19,19
B,895,20,0.5,0.55325,0,0.5845216831011563,0.5148029619176614,0.06971872118349492,0.0034841971189229107,19,19
B,895,20,0.9,0.70575,0,0.6646745866983303,0.6262896083725903,0.03838497832574005,0.0008610468696296211,19,19
B,895,20,0.99,0.7495,0,0.68641753725267,0.6816382475928964,0.004779289659773601,9.327116292464331e-05,19,19
B,895,20,0.999,0.75275,0,0.6887002424854153,0.6882116512991352,0.0004885911862802414,9.410467689949753e-06,19,19
B,896,20,0.1,0.46825,0,0.4997536271784774,0.7400389480436399,-0.24028532086516272,0.004976129729841853,11,18
B,896,20,0.5,0.34325,0,0.5137160182980214,0.7122964946603685,-0.19858047636234716,0.0030770005166382564,11,18
B,896,20,0.9,0.16725,0,0.6164470146780573,0.7223072269789361,-0.10586021230087894,0.0015316002454789253,11,18
B,896,20,0.99,0.1295,0,0.6822822911672888,0.7398532697411359,-0.05757097857384708,0.0014775000525228735,11,18
B,896,20,0.999,0.12425,0,0.6905723563297997,0.7420354458052276,-0.05146308947542788,0.0015002860146534915,11,18
B,897,20,0.1,0.47525,0,0.5064092847308592,0.7369989920937446,-0.23058970736288537,0.005078240583937937,19,19
B,897,20,0.5,0.36175,0,0.5340914656702386,0.7266900049860594,-0.19259853931582085,0.003473054843039156,19,19
B,897,20,0.9,0.224,0,0.7085278582992797,0.7842205183234334,-0.07569266002415373,0.0011393457621343053,19,19
B,897,20,0.99,0.19725,0,0.8046624912597692,0.8139521259105882,-0.009289634650818985,0.00013685546248259678,19,19
B,897,20,0.999,0.19425,0,0.8164498670916912,0.8173985907089139,-0.0009487236172226268,1.3961810247785136e-05,19,19
B,898,20,0.1,0.5215,0,0.6587816014014919,0.5030483059398996,0.15573329546159237,0.003536060391981642,19,2
B,898,20,0.5,0.6195,0,0.6498099519323723,0.5030483059398996,0.14676164599247268,0.003122757305032668,19,2
B,898,20,0.9,0.81525,0,0.7219791525953178,0.5030483059398995,0.21893084665541823,0.0036314933548406174,19,2
B,898,20,0.99,0.87525,0,0.789171023245842,0.5030483059398996,0.28612271730594235,0.004205804798469661,19,2
B,898,20,0.999,0.88225,0,0.7987116733552873,0.5030483059398995,0.29566336741538785,0.004282685364382505,19,2
B,899,20,0.1,0.47975,0,0.5173634555895876,0.6581946849473337,-0.1408312293577461,0.005270552373158292,13,12
B,899,20,0.5,0.47925,0,0.604568980183541,0.635860101238261,-0.03129112105471997,0.0032932685174880618,13,12
B,899,20,0.9,0.534,0,0.6714736552471033,0.665179504052654,0.006294151194449269,0.0008400079964771,13,12
B,899,20,0.99,0.552,0,0.6841342332819297,0.6832298566300913,0.0009043766518384551,8.874965665145583e-05,13,12
B,899,20,0.999,0.553,0,0.6853642575796755,0.6852708691291479,9.338845052753923e-05,8.923377285364116e-06,13,12
B,900,20,0.1,0.5085,0,0.7512812266905848,0.6670892383928181,0.08419198829776664,0.004531918071693074,14,14
B,900,20,0.5,0.54925,0,0.7513552124324628,0.6790818092574646,0.07227340317499827,0.003573589089272154,14,14
B,900,20,0.9,0.62275,0,0.7757517347501077,0.7492458886731693,0.02650584607693834,0.0013053782112540653,14,14
B,900,20,0.99,0.64125,0,0.7931856631932283,0.7901746662444546,0.00301099694877367,0.000156159703614179,14,14
B,900,20,0.999,0.644,0,0.7954840037042062,0.7951795687277274,0.00030443497647875297,1.587477180202177e-05,14,14
B,901,20,0.1,0.48775,0,0.7391545539167814,0.7479728310842936,-0.008818277167512274,0.002467707247625162,17,17
B,901,20,0.5,0.47175,0,0.7344733085281535,0.7512491212040813,-0.016775812675927683,0.0011589805247783072,17,17
B,901,20,0.9,0.44875,0,0.7782226118418748,0.7840359903863497,-0.0058133785444750286,0.00024498296282671075,17,17
B,901,20,0.99,0.43925,0,0.7973840735422872,0.7980335117420769,-0.0006494381997896883,2.5686707734687703e-05,17,17
B,901,20,0.999,0.43925,0,0.7994928646453799,0.7995584630233885,-6.559837800854118e-05,2.5825389283788956e-06,17,17
B,902,20,0.1,0.50525,0,0.5073129296512924,0.5180940552349862,-0.010781125583693874,0.005883771047358872,10,10
B,902,20,0.5,0.47925,0,0.5506847383543472,0.5919695687725249,-0.04128483041817778,0.0035304218661840756,10,10
B,902,20,0.9,0.541,0,0.689136296768323,0.6933968341442994,-0.004260537375976406,0.0009789820568504566,10,10
B,902,20,0.99,0.58,0,0.7436484685478345,0.74356037026179,8.809828604441623e-05,0.0001150833039377246,10,10
B,902,20,0.999,0.58525,0,0.7497956075121267,0.7497803220883874,1.5285423739222774e-05,1.1717086235224416e-05,10,10
B,903,20,0.1,0.5255,0,0.7420083475410166,0.5232983603635487,0.21870998717746795,0.004962874696721213,17,17
B,903,20,0.5,0.591,0,0.7378279392633474,0.6267716120896927,0.11105632717365475,0.0029496957768827465,17,17
B,903,20,0.9,0.59375,0,0.771716331335522,0.7546188798189785,0.01709745151654343,0.0007361620993696818,17,17
B,903,20,0.99,0.572,0,0.7906218390742513,0.7890811010573157,0.0015407380169355474,7.838777751967564e-05,17,17
B,903,20,0.999,0.5695,0,0.7928227124793188,0.7926713869415742,0.00015132553774444812,7.895017593776418e-06,17,17
B,904,20,0.1,0.51,0,0.7407477717842738,0.662762061168607,0.07798571061566667,0.0043756944923126016,17,17
B,904,20,0.5,0.5485,0,0.7276871333190841,0.6645704299308686,0.06311670338821546,0.0026208828452000538,17,17
B,904,20,0.9,0.6545,0,0.7512994569550806,0.7269730306508306,0.024326426304250054,0.0006927263531700634,17,17
B,904,20,0.99,0.67825,0,0.7664704279039447,0.7636469009394065,0.002823526964538329,7.590381948430806e-05,17,17
B,904,20,0.999,0.6825,0,0.768249905142432,0.7679631458517668,0.00028675929066503396,7.659446931432849e-06,17,17
B,905,20,0.1,0.50025,0,0.7393917126097815,0.7387893067408207,0.0006024058689607077,0.0038545320634060074,16,16
B,905,20,0.5,0.49425,0,0.7167592108876623,0.7189476878709877,-0.0021884769833254653,0.002028789805835143,16,16
B,905,20,0.9,0.51525,0,0.7449028047484401,0.7424046259843894,0.0024981787640507005,0.0004135527084744936,16,16
B,905,20,0.99,0.53675,0,0.7682130485134077,0.767769027836228,0.0004440206771796527,4.326565528659961e-05,16,16
B,905,20,0.999,0.53925,0,0.7709520935350669,0.7709056831707778,4.6410364288979974e-05,4.346438459619034e-06,16,16
B,906,20,0.1,0.4995,0,0.6680621264564641,0.6606152947502274,0.007446831706236797,0.004761814304002666,17,17
B,906,20,0.5,0.51525,0,0.6797672021242931,0.6610326464278901,0.018734555696402935,0.0031097321047601515,17,17
B,906,20,0.9,0.54225,0,0.7396484603119026,0.7337408188911291,0.005907641420773493,0.0011974361294787687,17,17
B,906,20,0.99,0.55025,0,0.7766971392032695,0.7759378633690583,0.0007592758342110451,0.0001527934303167715,17,17
B,906,20,0.999,0.55275,0,0.7813711454483043,0.7812922983492241,7.88470990802232e-05,1.569255829715496e-05,17,17
B,907,20,0.1,0.526,0,0.742963825043062,0.5205660498065465,0.2223977752365156,0.003820656457109318,15,15
B,907,20,0.5,0.61875,0,0.7188872711439712,0.583558294746825,0.13532897639714628,0.0023450082342791555,15,15
B,907,20,0.9,0.715,0,0.709743675813523,0.6712787037390687,0.038464972074454255,0.0007115074595626283,15,15
B,907,20,0.99,0.741,0,0.7089048482176793,0.704537531657983,0.004367316559696101,8.249468205822218e-05,15,15
B,907,20,0.999,0.74325,0,0.708835084833182,0.7083920679807622,0.00044301685241979915,8.380891251900627e-06,15,15
B,908,20,0.1,0.464,0,0.5292455735859635,0.7355038689210042,-0.2062582953350407,0.004997450862695567,17,17
B,908,20,0.5,0.4435,0,0.6154265702598865,0.6994917189132243,-0.08406514865333789,0.0033169741369474676,17,17
B,908,20,0.9,0.5635,0,0.7382887231342027,0.7367906796693958,0.0014980434648068268,0.0010709361084065075,17,17
B,908,20,0.99,0.62225,0,0.7796493693277627,0.7783152692229002,0.0013341001048627016,0.00012856588492482358,17,17
B,908,20,0.999,0.629,0,0.7841570241824113,0.7840075536024563,0.00014947057995494403,1.3127307255237827e-05,17,17
B,909,20,0.1,0.52975,0,0.7415651257654865,0.5236667346019594,0.21789839116352708,0.005099591385916096,20,20
B,909,20,0.5,0.598,0,0.7256958580188992,0.6060402176144292,0.11965564040447012,0.003595266665408889,20,20
B,909,20,0.9,0.63325,0,0.7559092203793321,0.7343581950109695,0.021551025368362394,0.001060292365220363,20,20
B,909,20,0.99,0.641,0,0.7768661822878337,0.774785566988432,0.0020806152994016147,0.00011752693661380486,20,20
B,909,20,0.999,0.64175,0,0.779364189376173,0.7791564373691071,0.00020775200706582399,1.187282127542205e-05,20,20
B,910,20,0.1,0.494,0,0.7282770399133042,0.6606779324491177,0.06759910746418651,0.004353801870033824,14,14
B,910,20,0.5,0.52125,0,0.6856143505373009,0.6663400008711123,0.019274349666188635,0.0026261387638505866,14,14
B,910,20,0.9,0.52675,0,0.6998522925492626,0.7052759126568907,-0.005423620107628069,0.0007194756560616514,14,14
B,910,20,0.99,0.524,0,0.7230542277757221,0.7239297631326567,-0.0008755353569345857,8.05770476361324e-05,14,14
B,910,20,0.999,0.523,0,0.7259425601258428,0.7260338227953467,-9.126266950373378e-05,8.157520199307323e-06,14,14
B,911,20,0.1,0.49725,0,0.5284372983774926,0.5120296516959436,0.016407646681548975,0.0058358681031824,15,16
B,911,20,0.5,0.5235,0,0.6197898784718046,0.5820321924041091,0.03775768606769547,0.0036512432558533565,15,16
B,911,20,0.9,0.56825,0,0.7352120415396303,0.7138868002073887,0.02132524133224165,0.0010578344216978753,15,16
B,911,20,0.99,0.58025,0,0.769538937953353,0.7667899332659821,0.0027490046873710062,0.00012012271163981613,15,16
B,911,20,0.999,0.582,0,0.7731763149997548,0.7728941333560344,0.0002821816437204067,1.2166989903410642e-05,15,16
B,912,20,0.1,0.47225,0,0.529222849837717,0.7386235400855408,-0.2094006902478237,0.004930679273810552,14,11
B,912,20,0.5,0.435,0,0.6310323037116405,0.7049783754102853,-0.07394607169864463,0.003103229796547327,14,11
B,912,20,0.9,0.50175,0,0.7519859635945443,0.7277572230094121,0.024228740585132,0.0016753865331325115,14,11
B,912,20,0.99,0.511,0,0.7888843901388857,0.7471300653632905,0.04175432477559518,0.001589521497847873,14,11
B,912,20,0.999,0.51525,0,0.7929387240931224,0.7493653839091422,0.043573340183980125,0.0015965750046267866,14,11
B,913,20,0.1,0.52025,0,0.6631077055144899,0.504877535459031,0.1582301700554588,0.004973830574921386,11,2
B,913,20,0.5,0.60675,0,0.6593657659532673,0.5037229918759372,0.1556427740773301,0.003087287571247282,11,2
B,913,20,0.9,0.80125,0,0.715637741859868,0.5030545719067775,0.21258316995309037,0.0030952764408340933,11,2
B,913,20,0.99,0.853,0,0.748766510951858,0.5029412092235656,0.24582530172829245,0.003401834931695752,11,2
B,913,20,0.999,0.85675,0,0.7526450880889618,0.5029304343812466,0.24971465370771512,0.0034412249527558236,11,2
B,914,20,0.1,0.488,0,0.5027622649637709,0.6518017953310022,-0.14903953036723147,0.005620264690153047,1,12
B,914,20,0.5,0.4515,0,0.502762264963771,0.618038997341386,-0.11527673237761513,0.005171783657636591,1,12
B,914,20,0.9,0.37875,0,0.5027622649637709,0.682839360840533,-0.1800770958767621,0.004424366157597345,1,12
B,914,20,0.99,0.34925,0,0.502762264963771,0.7255213206406133,-0.22275905567684232,0.0039747129493824815,1,12
B,914,20,0.999,0.3455,0,0.5027622649637709,0.7307447099310965,-0.22798244496732567,0.003924101609827302,1,12
B,915,20,0.1,0.5035,0,0.7435737312032888,0.7408071118366885,0.0027666193666003023,0.003995335140391758,19,19
B,915,20,0.5,0.49175,0,0.7412518646735125,0.7265073935173096,0.01474447115620286,0.002575421717810551,19,19
B,915,20,0.9,0.542,0,0.7885008718085668,0.7762247572745116,0.012276114534055175,0.0007048165353101512,19,19
B,915,20,0.99,0.55975,0,0.8101212086801,0.808455416469861,0.001665792210238871,8.167667649678499e-05,19,19
B,915,20,0.999,0.5615,0,0.8125627324613642,0.8123908760746718,0.00017185638669256487,8.300446341060215e-06,19,19
B,916,20,0.1,0.525,0,0.740804054913376,0.5282139148290885,0.2125901400842875,0.0047856717273214895,18,18
B,916,20,0.5,0.60925,0,0.7135356244600458,0.6090642063065512,0.1044714181534947,0.0023940764352521895,18,18
B,916,20,0.9,0.696,0,0.7049134483170444,0.6848813823006455,0.020032066016398783,0.00044325341540050176,18,18
B,916,20,0.99,0.7215,0,0.7130146577107128,0.7109304390151362,0.002084218695576567,4.425388447342578e-05,18,18
B,916,20,0.999,0.72425,0,0.7142381520450666,0.7140285066811746,0.00020964536389201011,4.4285479895290275e-06,18,18
B,917,20,0.1,0.51975,0,0.7423807630290461,0.5231899444477512,0.21919081858129488,0.0049649915593099605,13,13
B,917,20,0.5,0.562,0,0.7266801824762414,0.623155854023112,0.10352432845312948,0.003417753989173165,13,13
B,917,20,0.9,0.4885,0,0.7640822854622709,0.7586531064032093,0.005429179059061532,0.0011943817651771061,13,13
B,917,20,0.99,0.44875,0,0.8017534557548267,0.8020331668718071,-0.0002797111169803284,0.00014186257846898387,13,13
B,917,20,0.999,0.447,0,0.8067424005199432,0.806778305685326,-3.590516538286921e-05,1.4408604234505522e-05,13,13
B,918,20,0.1,0.496,0,0.6630177975684025,0.6745007647112139,-0.011482967142811298,0.005086629008665136,12,12
B,918,20,0.5,0.4685,0,0.6620446677072696,0.7069725837806031,-0.04492791607333352,0.004003281244873757,12,12
B,918,20,0.9,0.358,0,0.735191872238375,0.7681510569212374,-0.032959184682862255,0.001411844639742617,12,12
B,918,20,0.99,0.3325,0,0.7902465968462781,0.7948036435117098,-0.004557046665431965,0.00016526976236750745,12,12
B,918,20,0.999,0.329,0,0.7974365551818976,0.7979078692762142,-0.0004713140943165657,1.682818930534498e-05,12,12
B,919,20,0.1,0.493,0,0.6646453714030869,0.6491615623919116,0.015483809011175236,0.0047059347018000965,14,14
B,919,20,0.5,0.5315,0,0.6694876293145264,0.6176681157094068,0.051819513605119605,0.0028607792234884646,14,14
B,919,20,0.9,0.69475,0,0.7061365984399965,0.6646232711465391,0.04151332729345745,0.0009517833747315894,14,14
B,919,20,0.99,0.746,0,0.7313597963733032,0.7250712473506321,0.0062885490226710005,0.00012221999805076792,14,14
B,919,20,0.999,0.7525,0,0.7343790909312548,0.73372222469428,0.0006568662369748412,1.2565092968394731e-05,14,14
B,920,20,0.1,0.4825,0,0.6748712620183509,0.7494355893171476,-0.07456432729879657,0.004467705258976765,4,16
B,920,20,0.5,0.45775,0,0.6939278873264269,0.7589674300206429,-0.06503954269421613,0.0033134010616441257,4,16
B,920,20,0.9,0.32675,0,0.7107556943788973,0.8273732400006852,-0.11661754562178792,0.0026529630463322487,4,16
B,920,20,0.99,0.23975,0,0.7140836363626183,0.8705086692946773,-0.15642503293205903,0.0027381514707404513,4,16
B,920,20,0.999,0.2285,0,0.7144055055347398,0.8759774395205102,-0.1615719339857703,0.0027562985686536766,4,16
B,921,20,0.1,0.49475,0,0.6546965603401792,0.6651583537654546,-0.010461793425275407,0.0048226921729047825,17,17
B,921,20,0.5,0.4695,0,0.641845691385982,0.6648378211104128,-0.022992129724430554,0.003003930123646879,17,17
B,921,20,0.9,0.43725,0,0.6808614536857074,0.6850586970886889,-0.00419724340298153,0.0007953398632189648,17,17
B,921,20,0.99,0.4285,0,0.6966502969954088,0.697042195996,-0.00039189900059118744,8.58641895472886e-05,17,17
B,921,20,0.999,0.42775,0,0.6984064329995118,0.6984453832124932,-3.895021298140867e-05,8.654569067468768e-06,17,17
B,922,20,0.1,0.49725,0,0.7397960042724642,0.6716960815495252,0.06809992272293905,0.004314510892293234,17,17
B,922,20,0.5,0.51725,0,0.6986394590152872,0.6878363473681188,0.010803111647168528,0.003043974989706856,17,17
B,922,20,0.9,0.5375,0,0.7420808931472338,0.7460345274929855,-0.003953634345751557,0.000983052231697988,17,17
B,922,20,0.99,0.56075,0,0.7785661777162685,0.7788547685384594,-0.0002885908221908217,0.00011263805647840144,17,17
B,922,20,0.999,0.5635,0,0.7829126260068098,0.7829400365187719,-2.741051196213884e-05,1.1419363465987917e-05,17,17
B,923,20,0.1,0.5095,0,0.5146448529657411,0.4960346866602548,0.018610166305486293,0.005898650356424414,5,3
B,923,20,0.5,0.50775,0,0.5579014080483474,0.49708977664349774,0.06081163140484968,0.003837140529396078,5,3
B,923,20,0.9,0.5105,0,0.5955315855905288,0.4977370622340929,0.09779452335643588,0.0025678895145771373,5,3
B,923,20,0.99,0.51025,0,0.6047607400356328,0.4978403137329981,0.10692042630263472,0.002421986309251957,5,3
B,923,20,0.999,0.51075,0,0.6056994006082365,0.49784996861858966,0.10784943198964696,0.0024108490766155686,5,3
B,924,20,0.1,0.485,0,0.5184746252341945,0.6712210944253106,-0.15274646919111615,0.005268127573044828,16,16
B,924,20,0.5,0.4225,0,0.5846568233371721,0.6738846880166561,-0.08922786467948401,0.00308089681596833,16,16
B,924,20,0.9,0.40875,0,0.6898642697533113,0.7055734939782659,-0.01570922422495458,0.0007244122832736252,16,16
B,924,20,0.99,0.4715,0,0.7504786005095937,0.7512520404563615,-0.0007734399467679041,8.031849406504635e-05,16,16
B,924,20,0.999,0.47875,0,0.7586019533050422,0.7586660285070693,-6.407520202710689e-05,8.099454004627434e-06,16,16
B,925,20,0.1,0.53475,0,0.7488038549318018,0.4972697528487051,0.2515341020830967,0.005368365492955573,18,1
B,925,20,0.5,0.632,0,0.7622951891839077,0.4972697528487052,0.2650254363352023,0.004853457142281618,18,1
B,925,20,0.9,0.76375,0,0.8057773871124384,0.4972697528487052,0.3085076342637332,0.004395035776897801,18,1
B,925,20,0.99,0.824,0,0.8399639130555906,0.4972697528487054,0.3426941602068852,0.004378813275695217,18,1
B,925,20,0.999,0.8315,0,0.845362322075181,0.4972697528487051,0.3480925692264759,0.004391413699196884,18,1
B,926,20,0.1,0.53075,0,0.6526500405506498,0.5110412691575899,0.14160877139306002,0.00537267212496909,15,2
B,926,20,0.5,0.56725,0,0.6414066721382606,0.5514543341922581,0.08995233794600264,0.0036448774575217158,15,2
B,926,20,0.9,0.6555,0,0.7101763259988829,0.5748513718439081,0.1353249541549748,0.0029220783483246394,15,2
B,926,20,0.99,0.7175,0,0.7655441990348751,0.5788194624004065,0.18672473663446884,0.003228000786503671,15,2
B,926,20,0.999,0.724,0,0.7735936140126778,0.5791966195818681,0.19439699443080963,0.003291674932212078,15,2
B,927,20,0.1,0.47525,0,0.5220079708631918,0.7323546879873285,-0.2103467171241367,0.004969030960841803,16,16
B,927,20,0.5,0.40875,0,0.5778264382277561,0.685288872937618,-0.10746243470986185,0.0029406723410140144,16,16
B,927,20,0.9,0.35975,0,0.6480396331547819,0.6692056673023603,-0.021166034147578523,0.0007126082204440431,16,16
B,927,20,0.99,0.35825,0,0.6683365970603693,0.6704579883892035,-0.0021213913288342214,7.552756653792823e-05,16,16
B,927,20,0.999,0.35775,0,0.6704811478493736,0.6706934529307339,-0.00021230508136017663,7.598419902977583e-06,16,16
B,928,20,0.1,0.49,0,0.5198051620063111,0.5017537501782858,0.018051411828025266,0.0058861914466983994,13,14
B,928,20,0.5,0.52325,0,0.5877734115063266,0.5488168011628858,0.03895661034344073,0.0036677119532222482,13,14
B,928,20,0.9,0.51525,0,0.7116409308862173,0.7056094751547161,0.006031455731501206,0.0010759135501060262,13,14
B,928,20,0.99,0.49725,0,0.7666511395600316,0.7662729276108207,0.00037821194921094226,0.00012273886034243274,13,14
B,928,20,0.999,0.4975,0,0.7730601256101156,0.773024838455624,3.528715449168632e-05,1.2444739146885501e-05,13,14
B,929,20,0.1,0.509,0,0.6702372499819267,0.5274430222456349,0.1427942277362917,0.005370282341163415,16,16
B,929,20,0.5,0.562,0,0.691300515164486,0.619994177795764,0.07130633736872201,0.0032200781076360953,16,16
B,929,20,0.9,0.5965,0,0.7407073028803778,0.727160767375856,0.013546535504521829,0.0007983285347811447,16,16
B,929,20,0.99,0.601,0,0.758604538754593,0.7572244973870295,0.0013800413675635194,8.540665388064299e-05,16,16
B,929,20,0.999,0.601,0,0.7605544073693921,0.7604161246926724,0.00013828267671965366,8.60116865522466e-06,16,16
B,930,20,0.1,0.4865,0,0.5232538920727409,0.6714884535685014,-0.14823456149576048,0.005447635327685607,14,14
B,930,20,0.5,0.42225,0,0.6007786023010051,0.6950376561306435,-0.09425905382963845,0.0036902793569172994,14,14
B,930,20,0.9,0.337,0,0.7184441884064501,0.7534649254071608,-0.035020737000710636,0.001084459443141125,14,14
B,930,20,0.99,0.3105,0,0.7703406871828115,0.7746207457762282,-0.004280058593416676,0.00012147655760598562,14,14
B,930,20,0.999,0.30875,0,0.776487255478567,0.7769241755624625,-0.0004369200838954964,1.2294336245374649e-05,14,14
B,931,20,0.1,0.49375,0,0.6720319399386758,0.6647362416188025,0.007295698319873342,0.004684977844548738,19,19
B,931,20,0.5,0.4825,0,0.7027745434132731,0.6971434897345007,0.005631053678772171,0.002644183800046451,19,19
B,931,20,0.9,0.4805,0,0.7700461966537445,0.7662911787200051,0.0037550179337395976,0.0006237464744261962,19,19
B,931,20,0.99,0.48225,0,0.7924748886003065,0.791938927126903,0.0005359614734035123,6.693195433300902e-05,19,19
B,931,20,0.999,0.48475,0,0.7948402361436124,0.7947848026783672,5.543346524517076e-05,6.731032026949746e-06,19,19
B,932,20,0.1,0.495,0,0.6713764870798923,0.7389086414086453,-0.06753215432875294,0.004344808888780169,18,18
B,932,20,0.5,0.49325,0,0.6978526615856838,0.7219316127958401,-0.024078951210156206,0.0026837588836996873,18,18
B,932,20,0.9,0.49625,0,0.7578303262648838,0.7612770009450212,-0.0034466746801374067,0.0006571270376357229,18,18
B,932,20,0.99,0.49825,0,0.7825199906076002,0.7828205925445043,-0.00030060193690399357,6.88052784554063e-05,18,18
B,932,20,0.999,0.49975,0,0.7852734545581164,0.785303028396727,-2.9573838610740478e-05,6.91293228665955e-06,18,18
B,933,20,0.1,0.522,0,0.6644022095874248,0.4991223372293184,0.16527987235810626,0.0036199330168226857,12,12
B,933,20,0.5,0.61725,0,0.6612486496426091,0.5264556786306673,0.13479297101194168,0.002904948103476109,12,12
B,933,20,0.9,0.66475,0,0.7295672734675295,0.6878137009812355,0.04175357248629416,0.0011111955530463456,12,12
B,933,20,0.99,0.64475,0,0.7788470488720072,0.7742945081342766,0.004552540737730536,0.00013344159637040573,12,12
B,933,20,0.999,0.64325,0,0.7850702508375669,0.7846116658639574,0.00045858497360947505,1.3587031590391873e-05,12,12
B,934,20,0.1,0.4805,0,0.6580393450149726,0.6524414198798361,0.005597925135136657,0.004743897296768133,6,10
B,934,20,0.5,0.4895,0,0.6284971069613116,0.6165269090145522,0.011970197946759409,0.0027479343198513763,6,10
B,934,20,0.9,0.48625,0,0.6058665662822735,0.6047748393642178,0.0010917269180556982,0.0006889630604723878,6,10
B,934,20,0.99,0.48525,0,0.6019342188235218,0.6019043344804814,2.9884343040293868e-05,7.381408437941457e-05,6,10
B,934,20,0.999,0.48425,0,0.6015639556509372,0.6015618616976407,2.0939532965450066e-06,7.433909321626126e-06,6,10
B,935,20,0.1,0.5075,0,0.6689456418115144,0.662688267224683,0.0062573745868314086,0.003570441068819924,17,17
B,935,20,0.5,0.4925,0,0.6784729892710293,0.6875855978085073,-0.009112608537477928,0.0020635076867520584,17,17
B,935,20,0.9,0.397,0,0.7609532071604894,0.7733401007723912,-0.012386893611901683,0.0005126735255102014,17,17
B,935,20,0.99,0.3505,0,0.8122568831476475,0.8140111894135825,-0.0017543062659350185,5.524314306131386e-05,17,17
B,935,20,0.999,0.3465,0,0.8185439771434441,0.8187247537000142,-0.0001807765565700127,5.573321069286438e-06,17,17
B,936,20,0.1,0.52375,0,0.7393518987515794,0.5136547892402397,0.2256971095113397,0.0048469791752191,19,19
B,936,20,0.5,0.6135,0,0.7096550489787709,0.5938954946900273,0.1157595542887434,0.002603434441047274,19,19
B,936,20,0.9,0.6245,0,0.7159292151715281,0.699825787887306,0.016103427284222083,0.0005163626061771606,19,19
B,936,20,0.99,0.60425,0,0.7382231354770383,0.736958979949272,0.001264155527766602,5.367727978779645e-05,19,19
B,936,20,0.999,0.602,0,0.7412056571966298,0.7410829165302594,0.00012274066637034243,5.397135974281599e-06,19,19
B,937,20,0.1,0.4845,0,0.5236408253971877,0.6364020077795313,-0.11276118238234362,0.005406608086607545,17,17
B,937,20,0.5,0.497,0,0.597234811313415,0.604091789508029,-0.006856978194613837,0.003442895803041503,17,17
B,937,20,0.9,0.56175,0,0.6769233524328472,0.6661988588042522,0.010724493628595013,0.000999300857074135,17,17
B,937,20,0.99,0.57225,0,0.7012361593450669,0.6998291048805484,0.0014070544645186376,0.0001109733313391066,17,17
B,937,20,0.999,0.5745,0,0.7038741322891349,0.7037300279047413,0.00014410438439373558,1.1214907027753416e-05,17,17
B,938,20,0.1,0.502,0,0.6748541941425453,0.6523460157384341,0.02250817840411132,0.0049428897222838185,17,17
B,938,20,0.5,0.55225,0,0.7075419418346942,0.6478689731964036,0.05967296863829065,0.003841842940060405,17,17
B,938,20,0.9,0.67625,0,0.8006220689359946,0.7571945540517656,0.04342751488422904,0.0015898159344110456,17,17
B,938,20,0.99,0.72025,0,0.8510437121507207,0.8447139752467049,0.00632973690401573,0.00020584872589401917,17,17
B,938,20,0.999,0.72375,0,0.8573440145021236,0.856686114181197,0.0006579003209266418,2.115724973101055e-05,17,17
B,939,20,0.1,0.50025,0,0.4939710074296927,0.49769909771489745,-0.003728090285204651,0.006132890096488909,2,2
B,939,20,0.5,0.5025,0,0.4950821838820195,0.4976990977148974,-0.002616913832877888,0.005642625166861024,2,2
B,939,20,0.9,0.4915,0,0.4957254965649456,0.4976990977148973,-0.001973601149951747,0.005552907736348838,2,2
B,939,20,0.99,0.48925,0,0.49583460110287875,0.49769909771489745,-0.0018644966120187573,0.005552879939806171,2,2
B,939,20,0.999,0.4895,0,0.4958449712190479,0.49769909771489734,-0.0018541264958494164,0.005553108374063284,2,2
B,940,20,0.1,0.49975,0,0.6746868242288079,0.6731617185178754,0.0015251057109323793,0.004845995172308342,18,18
B,940,20,0.5,0.493,0,0.6860168012897614,0.6957140046470638,-0.009697203357302406,0.0032338329036861705,18,18
B,940,20,0.9,0.46675,0,0.7324819551396111,0.7413297563537166,-0.008847801214105371,0.0009043389029941345,18,18
B,940,20,0.99,0.4555,0,0.7569075319533198,0.7582071909151655,-0.0012996589618457074,0.00010090890530553532,18,18
B,940,20,0.999,0.45475,0,0.7599105136884406,0.7600462664225792,-0.00013575273413859602,1.0224472644923509e-05,18,18
B,941,20,0.1,0.504,0,0.6671549021008112,0.6660201005386327,0.001134801562178567,0.004625231401352491,13,13
B,941,20,0.5,0.4965,0,0.679783591369934,0.6763231003135336,0.0034604910564004364,0.0026299719678972754,13,13
B,941,20,0.9,0.4665,0,0.736391766264811,0.7353791497373913,0.0010126165274196124,0.0005956351820154317,13,13
B,941,20,0.99,0.45425,0,0.7593479982505682,0.7592295634057691,0.00011843484479901515,6.151061575724016e-05,13,13
B,941,20,0.999,0.4535,0,0.7618582284871684,0.7618462803226711,1.194816449726975e-05,6.1704849608611955e-06,13,13
B,942,20,0.1,0.5075,0,0.7415958935454435,0.6702610463635574,0.07133484718188621,0.002297241839867744,16,16
B,942,20,0.5,0.5275,0,0.7159739990460408,0.6852101811422794,0.030763817903761464,0.0011007894777930129,16,16
B,942,20,0.9,0.5275,0,0.7450801540926436,0.7419162197788749,0.003163934313768698,0.00014892054549078617,16,16
B,942,20,0.99,0.52475,0,0.7743805703752314,0.7741385967119329,0.0002419736632985633,1.2900092012481178e-05,16,16
B,942,20,0.999,0.52425,0,0.778278923788482,0.7782553260227125,2.3597765769364272e-05,1.2730658392999824e-06,16,16
B,943,20,0.1,0.5135,0,0.7360494953938794,0.5018584907565188,0.23419100463736062,0.0038024013997694775,14,11
B,943,20,0.5,0.6305,0,0.6960340992363288,0.5256705679856741,0.17036353125065484,0.00250240927899789,14,11
B,943,20,0.9,0.75075,0,0.7001302228120337,0.6338383627534445,0.06629186005858913,0.001325137879402902,14,11
B,943,20,0.99,0.77125,0,0.7126529399371963,0.6775356062465075,0.03511733369068875,0.0011926106549515147,14,11
B,943,20,0.999,0.77175,0,0.7141899978238642,0.6824248289013366,0.03176516892252751,0.0011925136430658825,14,11
B,944,20,0.1,0.50225,0,0.7316748884432418,0.6604781146524609,0.07119677379078085,0.004322944662228827,15,15
B,944,20,0.5,0.5255,0,0.7105571073280078,0.672057904382142,0.03849920294586571,0.002486723736695513,15,15
B,944,20,0.9,0.53475,0,0.7213239842882808,0.7132310016358375,0.008092982652443254,0.0005595249189838544,15,15
B,944,20,0.99,0.53225,0,0.7266429706159041,0.7258213311489685,0.0008216394669356808,5.7655197395205687e-05,15,15
B,944,20,0.999,0.53225,0,0.7272192125266607,0.727136546610716,8.26659159445649e-05,5.781740183485649e-06,15,15
B,945,20,0.1,0.51875,0,0.7347533544884614,0.5148353591895851,0.2199179952988762,0.003792059827931366,17,17
B,945,20,0.5,0.61375,0,0.7050934184510806,0.5828930880524151,0.12220033039866555,0.002264207730763586,17,17
B,945,20,0.9,0.8025,0,0.743997121132579,0.7042581963086243,0.03973892482395467,0.0006146312314773534,17,17
B,945,20,0.99,0.8535,0,0.775845390770033,0.7709014090727233,0.004943981697309621,6.898035253674305e-05,17,17
B,945,20,0.999,0.85925,0,0.7797985475089934,0.7792923030653823,0.0005062444436109184,6.989934430061718e-06,17,17
B,946,20,0.1,0.49825,0,0.5176156006985624,0.6692755350956118,-0.15165993439704953,0.005081320694237149,18,18
B,946,20,0.5,0.42175,0,0.5924924603938154,0.6842204239109629,-0.09172796351714754,0.002386730629888041,18,18
B,946,20,0.9,0.31375,0,0.6959969017608468,0.7176893911924224,-0.021692489431575427,0.0004296805420936945,18,18
B,946,20,0.99,0.27975,0,0.7314957022031567,0.7338263204387779,-0.002330618235621116,4.300068132499067e-05,18,18
B,946,20,0.999,0.275,0,0.7354706086309375,0.7357055496837445,-0.00023494105280707884,4.304252932025434e-06,18,18
B,947,20,0.1,0.47525,0,0.5008192468524444,0.6764796369292458,-0.17566039007680148,0.005444014939263146,19,19
B,947,20,0.5,0.37125,0,0.5434564214769659,0.7035959934295372,-0.16013957195257117,0.0035228299045169617,19,19
B,947,20,0.9,0.142,0,0.6988567367419093,0.7611673966299786,-0.06231065988806927,0.0009162914717641188,19,19
B,947,20,0.99,0.09325,0,0.7770177675618681,0.7844980628827818,-0.007480295320913638,0.00010137272917068484,19,19
B,947,20,0.999,0.0875,0,0.786420628710774,0.7871847471845868,-0.000764118473812819,1.0216204738983607e-05,19,19
B,948,20,0.1,0.51,0,0.7349871941834492,0.7472469904482675,-0.01225979626481828,0.00336404334129238,16,16
B,948,20,0.5,0.485,0,0.7134408937934406,0.7380238747756853,-0.02458298098224472,0.0020551185721894723,16,16
B,948,20,0.9,0.3975,0,0.7450832814274458,0.7595140443942023,-0.014430762966756563,0.0005582791028375359,16,16
B,948,20,0.99,0.359,0,0.7737297630269031,0.7757500330318876,-0.0020202700049843716,6.495328246823238e-05,16,16
B,948,20,0.999,0.35425,0,0.7774599663150354,0.7776685913410495,-0.0002086250260140729,6.603154163329099e-06,16,16
B,949,20,0.1,0.4995,0,0.49843931240902706,0.5106196394556459,-0.012180327046618873,0.005993528303735452,1,3
B,949,20,0.5,0.49675,0,0.49843931240902717,0.570454659294546,-0.07201534688551874,0.004462490824824023,1,3
B,949,20,0.9,0.4935,0,0.4984393124090271,0.6288058889887875,-0.1303665765797604,0.0033723254471002932,1,3
B,949,20,0.99,0.4945,0,0.4984393124090273,0.6421004817090802,-0.143661169300053,0.0032022034448786966,1,3
B,949,20,0.999,0.49425,0,0.4984393124090271,0.6434333850149219,-0.14499407260589467,0.003187065593016068,1,3
B,950,20,0.1,0.50125,0,0.5132269251449996,0.49965275101530526,0.013574174129694321,0.005615290190111501,16,16
B,950,20,0.5,0.55225,0,0.5995019161107448,0.548823212778042,0.05067870333270285,0.0026351407660853304,16,16
B,950,20,0.9,0.7105,0,0.7339832661858289,0.71039939051178,0.023583875674048977,0.0004812842782706902,16,16
B,950,20,0.99,0.78,0,0.7756169369439557,0.7728422126689696,0.002774724274986166,4.8396205018921384e-05,16,16
B,950,20,0.999,0.78625,0,0.7800388532261512,0.7797569588823704,0.00028189434378080984,4.846335657794697e-06,16,16
B,951,20,0.1,0.5305,0,0.739589256215658,0.49468666344612566,0.2449025927695323,0.00494388569671358,18,18
B,951,20,0.5,0.63975,0,0.7152918152036554,0.551173436486782,0.16411837871687338,0.002732133936699937,18,18
B,951,20,0.9,0.72525,0,0.7191251261941337,0.6795176047181947,0.03960752147593917,0.0006000278771202462,18,18
B,951,20,0.99,0.7475,0,0.7243115996737016,0.7201419997876516,0.004169599886050011,6.223238608189414e-05,18,18
B,951,20,0.999,0.74875,0,0.7248900792734607,0.72447101434465,0.0004190649288108193,6.246114316768395e-06,18,18
B,952,20,0.1,0.50325,0,0.6568870586318246,0.528340726355298,0.12854633227652654,0.0053931295313769554,16,16
B,952,20,0.5,0.51825,0,0.6291124747476338,0.5949468422250919,0.034165632522541844,0.0033155215977212866,16,16
B,952,20,0.9,0.39675,0,0.6636288670894647,0.6760690941989863,-0.012440227109521725,0.000924220076152762,16,16
B,952,20,0.99,0.3235,0,0.7047565764036563,0.7073513853609422,-0.0025948089572859594,0.00010734711747847264,16,16
B,952,20,0.999,0.3155,0,0.7106853303790077,0.7109628162291951,-0.00027748585018747896,1.0916696050877761e-05,16,16
B,953,20,0.1,0.4965,0,0.5141272988579257,0.5204109112315477,-0.006283612373622111,0.006086802032732663,2,15
B,953,20,0.5,0.4625,0,0.5549628818122676,0.613224814136086,-0.05826193232381856,0.004608060627600406,2,15
B,953,20,0.9,0.3185,0,0.5786045351016232,0.7497406585507863,-0.17113612344916299,0.003516000423720583,2,15
B,953,20,0.99,0.2615,0,0.5826141119785868,0.800047011703778,-0.21743289972519114,0.0034360874510237375,2,15
B,953,20,0.999,0.25775,0,0.5829952123320788,0.8056302065091185,-0.2226349941770398,0.0034367387588728,2,15
B,954,20,0.1,0.49775,0,0.7448336698189251,0.7299028007590721,0.014930869059852981,0.004040171623392385,16,16
B,954,20,0.5,0.55,0,0.7264040434016854,0.6875570734341059,0.03884696996757957,0.0029712317586836293,16,16
B,954,20,0.9,0.66975,0,0.7431172267672378,0.7309208112202714,0.012196415546966363,0.0010308432605532966,16,16
B,954,20,0.99,0.70375,0,0.7614624391452111,0.7602879526403956,0.0011744865048155147,0.00012114946945087427,16,16
B,954,20,0.999,0.7075,0,0.7638852432992909,0.7637694022598116,0.0001158410394793679,1.2319711146244541e-05,16,16
B,955,20,0.1,0.4945,0,0.5264151736915039,0.5263432207116661,7.195297983781934e-05,0.005810500040779509,20,20
B,955,20,0.5,0.5185,0,0.6314836000602844,0.6026634408149394,0.02882015924534501,0.003373842829260137,20,20
B,955,20,0.9,0.59925,0,0.7717720901505108,0.7426421012317806,0.029129988918730264,0.001084662378546371,20,20
B,955,20,0.99,0.583,0,0.834760540175379,0.8309996334720566,0.0037609067033223384,0.00013967754476357686,20,20
B,955,20,0.999,0.5785,0,0.8427696736302246,0.8423856927719545,0.0003839808582700368,1.4376390928673408e-05,20,20
B,956,20,0.1,0.5065,0,0.7501897845880555,0.6722179956182629,0.07797178896979258,0.004356553909218891,16,16
B,956,20,0.5,0.56425,0,0.7621092674241268,0.7058663126520608,0.056242954772066055,0.00266988862364411,16,16
B,956,20,0.9,0.66275,0,0.8003593154611337,0.7806973206299122,0.019661994831221753,0.0007048048843272116,16,16
B,956,20,0.99,0.68825,0,0.8129252240916556,0.8106111127192582,0.0023141113723972925,7.705883817159731e-05,16,16
B,956,20,0.999,0.69175,0,0.8142716623653399,0.8140360746020733,0.00023558776326660397,7.781457446019617e-06,16,16
B,957,20,0.1,0.5095,0,0.7416103876588741,0.6599386389920678,0.08167174866680622,0.004354309995236237,15,15
B,957,20,0.5,0.54125,0,0.7106800011546397,0.6619472409743593,0.04873276018028056,0.00244132768612139,15,15
B,957,20,0.9,0.485,0,0.7271441779446911,0.7212959280398702,0.005848249904820994,0.0006160008737035768,15,15
B,957,20,0.99,0.4655,0,0.7435691362727483,0.7430783920204462,0.0004907442523020744,6.640619543224427e-05,15,15
B,957,20,0.999,0.46075,0,0.7454928797432517,0.7454447972517646,4.80824914870825e-05,6.686162687675189e-06,15,15
B,958,20,0.1,0.49325,0,0.6686323089874386,0.7527568257420436,-0.08412451675460501,0.004342693460398447,12,12
B,958,20,0.5,0.413,0,0.6813295121417063,0.7647274595551026,-0.0833979474133962,0.002756676871664391,12,12
B,958,20,0.9,0.28325,0,0.7511694548127962,0.7792067030021367,-0.028037248189340475,0.0007089458316982811,12,12
B,958,20,0.99,0.2595,0,0.7804551873153778,0.7835265120638535,-0.0030713247484757335,7.501445364868415e-05,12,12
B,958,20,0.999,0.2575,0,0.783681546201888,0.7839911653555098,-0.0003096191536217155,7.543660096623051e-06,12,12
B,959,20,0.1,0.4995,0,0.5116632088179738,0.6664379661947328,-0.154774757376759,0.004998709044400315,14,14
B,959,20,0.5,0.429,0,0.5835812412854304,0.6726964690169713,-0.08911522773154104,0.002347392593088005,14,14
B,959,20,0.9,0.3295,0,0.6834736355326937,0.7044744824192276,-0.021000846886533794,0.0004365388372048022,14,14
B,959,20,0.99,0.29225,0,0.7146527977944698,0.716876906726193,-0.00222410893172307,4.3648946117809646e-05,14,14
B,959,20,0.999,0.28875,0,0.7180017446259968,0.7182255041165593,-0.0002237594905626269,4.366093655755122e-06,14,14
B,960,20,0.1,0.483,0,0.5194918022017573,0.6714621603237741,-0.1519703581220168,0.005399820302210172,20,20
B,960,20,0.5,0.43475,0,0.5983440749276208,0.7051612996549284,-0.10681722472730752,0.003429204192842372,20,20
B,960,20,0.9,0.4115,0,0.7284444999668915,0.7613855361859856,-0.03294103621909419,0.0009726155318606304,20,20
B,960,20,0.99,0.41625,0,0.7902521788158369,0.7937664445702289,-0.003514265754392142,0.00010876385283955199,20,20
B,960,20,0.999,0.4165,0,0.7978984593716961,0.798250675561668,-0.0003522161899718348,1.0999941955131306e-05,20,20
B,961,20,0.1,0.48775,0,0.6637720247323948,0.7413473383806642,-0.07757531364826949,0.003782190033912742,9,6
B,961,20,0.5,0.4585,0,0.6713585948432851,0.7158154534134883,-0.04445685857020315,0.002395122826419129,9,6
B,961,20,0.9,0.45275,0,0.6863468237200968,0.6966482878243756,-0.010301464104278889,0.0006080773558940017,9,6
B,961,20,0.99,0.45275,0,0.6923054183950648,0.6933805605260921,-0.0010751421310273397,6.437317107839571e-05,9,6
B,961,20,0.999,0.454,0,0.6929655756647457,0.6930734061526196,-0.00010783048787382149,6.4690475061136265e-06,9,6
B,962,20,0.1,0.48075,0,0.5036860473273191,0.6585240173262775,-0.15483796999895844,0.005203584003375634,10,10
B,962,20,0.5,0.39875,0,0.5283066103141577,0.6406900801929574,-0.11238346987879957,0.0029109975378991213,10,10
B,962,20,0.9,0.3475,0,0.6427968514443096,0.672553460557724,-0.029756609113414483,0.0007508890636577832,10,10
B,962,20,0.99,0.35175,0,0.686747396306719,0.6899083040159194,-0.003160907709200349,8.182680955401978e-05,10,10
B,962,20,0.999,0.35375,0,0.6915745371050337,0.6918924747380157,-0.0003179376329820308,8.25520540535052e-06,10,10
B,963,20,0.1,0.50575,0,0.665539568322133,0.6574559365491323,0.008083631773000786,0.00456577606365355,14,14
B,963,20,0.5,0.5395,0,0.6739440055921551,0.6504189544311774,0.023525051160977525,0.0023272297928937785,14,14
B,963,20,0.9,0.5675,0,0.6739171401920807,0.6682609230362518,0.0056562171558289746,0.0004185687574450155,14,14
B,963,20,0.99,0.5695,0,0.6732734450373176,0.6727323523299353,0.000541092707382246,4.048433416823383e-05,14,14
B,963,20,0.999,0.57,0,0.6732085436185608,0.6731547221313824,5.3821487178316404e-05,4.034723441396172e-06,14,14
B,964,20,0.1,0.50575,0,0.6439663462084693,0.5075773579897697,0.13638898821869955,0.005647908172337565,10,1
B,964,20,0.5,0.5525,0,0.6290096388023827,0.5075773579897698,0.12143228081261295,0.005078617079287148,10,1
B,964,20,0.9,0.624,0,0.6495494997546484,0.5075773579897698,0.1419721417648787,0.004943539235357279,10,1
B,964,20,0.99,0.643,0,0.6589620058348413,0.5075773579897698,0.15138464784507158,0.004966530909305715,10,1
B,964,20,0.999,0.646,0,0.6599732519624714,0.5075773579897698,0.15239589397270167,0.004969784060371325,10,1
B,965,20,0.1,0.5105,0,0.6654047622894773,0.5105719911791688,0.1548327711103085,0.005088868342246101,17,17
B,965,20,0.5,0.559,0,0.6574563230655577,0.5824872854412518,0.07496903762430583,0.002828527159225329,17,17
B,965,20,0.9,0.5195,0,0.6996028019548401,0.6877028511668428,0.011899950787997342,0.0007716571945182317,17,17
B,965,20,0.99,0.49525,0,0.7233154212745527,0.7221442740882041,0.0011711471863485774,8.736817683078177e-05,17,17
B,965,20,0.999,0.49125,0,0.7260570239500707,0.7259398887281555,0.00011713522191510218,8.846429286361824e-06,17,17
B,966,20,0.1,0.49075,0,0.505691478912606,0.655181585748313,-0.149490106835707,0.005338205093732529,16,16
B,966,20,0.5,0.424,0,0.5458373580732823,0.6380876235930687,-0.09225026551978627,0.0032648421850270336,16,16
B,966,20,0.9,0.39425,0,0.6465780526665671,0.6640641564476757,-0.017486103781108684,0.0007893430202228134,16,16
B,966,20,0.99,0.40225,0,0.6947131384785937,0.6963542893217126,-0.0016411508431189565,8.278340082450104e-05,16,16
B,966,20,0.999,0.4035,0,0.7004760202087917,0.7006389989762639,-0.00016297876747206727,8.309825596241264e-06,16,16
B,967,20,0.1,0.50775,0,0.5258985553107876,0.4929133677374478,0.032985187573339785,0.005744226671476881,18,18
B,967,20,0.5,0.54825,0,0.6054202864636136,0.5440215454394034,0.06139874102421018,0.003348552147229636,18,18
B,967,20,0.9,0.62925,0,0.6945202067931397,0.6718288477763743,0.022691359016765358,0.00073704479422145,18,18
B,967,20,0.99,0.65325,0,0.7285404180660707,0.7259122511041713,0.002628166961899366,7.597873547415114e-05,18,18
B,967,20,0.999,0.65625,0,0.7324533501212707,0.7321865168117544,0.0002668333095162871,7.626339268668895e-06,18,18
B,968,20,0.1,0.501,0,0.5158539629739066,0.5078749578740557,0.007979005099850967,0.005852918160619959,13,13
B,968,20,0.5,0.54,0,0.583517339992297,0.5373783213017443,0.04613901869055282,0.0034710978287017576,13,13
B,968,20,0.9,0.6395,0,0.6558598601677338,0.6329468229913259,0.022913037176407972,0.0008083127314699162,13,13
B,968,20,0.99,0.663,0,0.6726082236580045,0.6699150029591613,0.00269322069884321,8.521397022519687e-05,13,13
B,968,20,0.999,0.66425,0,0.6742896104654929,0.6740160818848364,0.00027352858065641573,8.571133281917481e-06,13,13
B,969,20,0.1,0.5195,0,0.738174483648121,0.5179028254607425,0.22027165818737837,0.004998777467049259,19,19
B,969,20,0.5,0.5955,0,0.6914275984778522,0.5846836669297829,0.10674393154806924,0.00301787421820063,19,19
B,969,20,0.9,0.62125,0,0.6555993430807735,0.6428840527000346,0.012715290380738957,0.0006747469804077974,19,19
B,969,20,0.99,0.62175,0,0.6544251483828455,0.6533767556995671,0.001048392683278438,6.927276456351892e-05,19,19
B,969,20,0.999,0.62175,0,0.6544912091470496,0.654388275503263,0.0001029336437865515,6.941698223325965e-06,19,19
B,970,20,0.1,0.48125,0,0.498300653114658,0.7312999849332118,-0.23299933181855373,0.004770027685418127,19,19
B,970,20,0.5,0.40925,0,0.5522937874660951,0.6709228497432457,-0.11862906227715046,0.002579567555953336,19,19
B,970,20,0.9,0.40075,0,0.6822360341691014,0.6991194132285581,-0.016883379059456707,0.000591266596972671,19,19
B,970,20,0.99,0.4325,0,0.7433291360833677,0.7447135554467214,-0.0013844193633536196,6.462999583838926e-05,19,19
B,970,20,0.999,0.43725,0,0.750699477495588,0.7508346639019992,-0.0001351864064112269,6.541353575006722e-06,19,19
B,971,20,0.1,0.50625,0,0.7360195309092669,0.7407370771603872,-0.004717546251120303,0.003952946485698113,9,16
B,971,20,0.5,0.491,0,0.7200790147484966,0.7217706986090365,-0.0016916838605400516,0.0028321705826378505,9,16
B,971,20,0.9,0.48225,0,0.7575974743479401,0.7549103926756895,0.0026870816722504224,0.0011047039034988973,9,16
B,971,20,0.99,0.48075,0,0.7723800645231859,0.7803492774068704,-0.007969212883684487,0.0006290512652210282,9,16
B,971,20,0.999,0.48075,0,0.7739555261328406,0.7834187041651737,-0.009463178032333203,0.0006153249945652378,9,16
B,972,20,0.1,0.48875,0,0.670932631227358,0.7344862709043862,-0.06355363967702822,0.004326875389230808,15,15
B,972,20,0.5,0.44475,0,0.6863552066345103,0.72833435147093,-0.04197914483641976,0.002826384481378466,15,15
B,972,20,0.9,0.349,0,0.7552987241666992,0.7712551327429896,-0.015956408576290465,0.0007498350063218624,15,15
B,972,20,0.99,0.32375,0,0.7899989869516774,0.7919036291897362,-0.001904642238058747,7.999426333780362e-05,15,15
B,972,20,0.999,0.322,0,0.7940739457593565,0.7942673518073096,-0.0001934060479529784,8.049651911020225e-06,15,15
B,973,20,0.1,0.48075,0,0.5125558528348252,0.6675575757739043,-0.15500172293907905,0.005122981491932598,14,13
B,973,20,0.5,0.429,0,0.5718497648382015,0.6546166065671977,-0.08276684172899615,0.0028920913742489823,14,13
B,973,20,0.9,0.41275,0,0.6034135644209546,0.6167564322254093,-0.013342867804454607,0.0006294584152232599,14,13
B,973,20,0.99,0.417,0,0.6065670018447306,0.6078187303504295,-0.0012517285056988443,6.415479573024508e-05,14,13
B,973,20,0.999,0.41725,0,0.6068291269052585,0.6069534659134462,-0.00012433900818782276,6.427574531341335e-06,14,13
B,974,20,0.1,0.48575,0,0.7436689775261998,0.7369926803375119,0.006676297188687953,0.003965804927750145,17,17
B,974,20,0.5,0.477,0,0.7321871966742132,0.7231846291255198,0.009002567548693339,0.002638906295123793,17,17
B,974,20,0.9,0.39425,0,0.7658826090634107,0.7664009507843296,-0.0005183417209189015,0.001017654133754338,17,17
B,974,20,0.99,0.3585,0,0.7940604060048437,0.7942014466998524,-0.00014104069500859304,0.00012491169914402472,17,17
B,974,20,0.999,0.35525,0,0.7976214915007713,0.7976340385684019,-1.2547067630440958e-05,1.2730798003051546e-05,17,17
B,975,20,0.1,0.48325,0,0.5034288463399915,0.6761759193783845,-0.17274707303839296,0.005413102669438048,9,9
B,975,20,0.5,0.34925,0,0.5429407209336132,0.7151878101014834,-0.17224708916787024,0.0035044468466545265,9,9
B,975,20,0.9,0.14825,0,0.7008645598630648,0.7662158396467915,-0.06535127978372668,0.0009535175223727663,9,9
B,975,20,0.99,0.1245,0,0.7728870275891832,0.7804238928647933,-0.007536865275610187,0.00010434371959500235,9,9
B,975,20,0.999,0.122,0,0.7811426523349122,0.7819074453770866,-0.0007647930421743285,1.0528942268879645e-05,9,9
B,976,20,0.1,0.507,0,0.7478977280751499,0.6661876299697426,0.08171009810540718,0.004277886828115638,14,15
B,976,20,0.5,0.57825,0,0.7523222716236139,0.6749971849124037,0.07732508671121027,0.0024642837313334255,14,15
B,976,20,0.9,0.70425,0,0.8007837817045127,0.778739576699934,0.02204420500457857,0.0005228613066138375,14,15
B,976,20,0.99,0.746,0,0.8386269464725776,0.8362457020640522,0.002381244408525464,5.326162480619824e-05,14,15
B,976,20,0.999,0.75025,0,0.8439700245860058,0.8437295306644711,0.00024049392153474065,5.333401835293014e-06,14,15
B,977,20,0.1,0.49725,0,0.7432714732623265,0.6679172678537204,0.07535420540860599,0.0036556980690402264,18,18
B,977,20,0.5,0.52675,0,0.7287914785283417,0.684328328923185,0.044463149605156835,0.002176994808800992,18,18
B,977,20,0.9,0.57975,0,0.7321366185072159,0.7217108131346963,0.010425805372519595,0.0004938097697470117,18,18
B,977,20,0.99,0.59075,0,0.736775235323118,0.7356650844271432,0.0011101508959747944,5.124363187112486e-05,18,18
B,977,20,0.999,0.59175,0,0.7373240987697278,0.7372127420987846,0.00011135667094325187,5.146302972589052e-06,18,18
B,978,20,0.1,0.51075,0,0.7339736662566954,0.7338397639669018,0.0001339022897935991,0.003918547782153362,18,18
B,978,20,0.5,0.51175,0,0.6857527260472666,0.6950113310470241,-0.009258604999757608,0.002617642771842445,18,18
B,978,20,0.9,0.52875,0,0.7077261568337899,0.7172241789432392,-0.009498022109449172,0.0008450815584373722,18,18
B,978,20,0.99,0.542,0,0.7374274746738545,0.7386872243601817,-0.0012597496863272673,0.00010113741079470867,18,18
B,978,20,0.999,0.54175,0,0.7412026051089956,0.7413327797614434,-0.0001301746524476878,1.030956913003274e-05,18,18
B,979,20,0.1,0.50425,0,0.6731002958564412,0.6743751308476092,-0.0012748349911681416,0.004616300647613442,20,20
B,979,20,0.5,0.51075,0,0.6798514714645438,0.6936311977486771,-0.013779726284133324,0.0025734521300575792,20,20
B,979,20,0.9,0.5465,0,0.7415868784446322,0.7451285621005448,-0.0035416836559125993,0.0006230990605814029,20,20
B,979,20,0.99,0.5645,0,0.7697711706665586,0.7700729658074347,-0.0003017951408759563,6.695351274728772e-05,20,20
B,979,20,0.999,0.5675,0,0.7729461075841086,0.7729753213928919,-2.921380878327412e-05,6.74813240776622e-06,20,20
B,980,20,0.1,0.5025,0,0.7378822316233756,0.7455667368366091,-0.007684505213233474,0.004005522927326972,18,18
B,980,20,0.5,0.49125,0,0.7188070831114908,0.7372307774301441,-0.01842369431865341,0.002549379170803691,18,18
B,980,20,0.9,0.49775,0,0.7556271738549653,0.7600912137630814,-0.004464039908116205,0.0006784307069134471,18,18
B,980,20,0.99,0.51275,0,0.7731271716934336,0.7734232459223653,-0.0002960742289317631,7.544084336975668e-05,18,18
B,980,20,0.999,0.5135,0,0.7750618491801563,0.7750898978331684,-2.8048653012094332e-05,7.63027106357586e-06,18,18
B,981,20,0.1,0.5045,0,0.5240364985092416,0.5278321298283853,-0.003795631319143749,0.005841557226470052,18,18
B,981,20,0.5,0.48025,0,0.6083715511238678,0.6078099478645913,0.0005616032592763415,0.003531956554541318,18,18
B,981,20,0.9,0.37575,0,0.7262532087619017,0.7330910367963845,-0.006837828034482989,0.000996981484766907,18,18
B,981,20,0.99,0.3295,0,0.7749654488233898,0.7762126280112036,-0.0012471791878139315,0.0001128914095718547,18,18
B,981,20,0.999,0.32625,0,0.7807840637336663,0.780915970569967,-0.00013190683630058764,1.1449023505290055e-05,18,18
B,982,20,0.1,0.48875,0,0.6704395505256701,0.6461014647209381,0.024338085804731867,0.004782869091985052,10,13
B,982,20,0.5,0.55125,0,0.675569261988409,0.6092075234946636,0.06636173849374538,0.0028709333189627863,10,13
B,982,20,0.9,0.6945,0,0.7057256109541582,0.6694323792610107,0.036293231693147486,0.0007644044610783225,10,13
B,982,20,0.99,0.731,0,0.7171147797950896,0.7126249099067773,0.004489869888312294,8.763384192870226e-05,10,13
B,982,20,0.999,0.736,0,0.7183327897356835,0.717874181103007,0.00045860863267642096,8.899121096866476e-06,10,13
B,983,20,0.1,0.5015,0,0.6546209940131866,0.49828381669017763,0.1563371773230091,0.005378149254049106,16,10
B,983,20,0.5,0.5785,0,0.6765329759188005,0.5627885033543666,0.1137444725644337,0.0033136697778116753,16,10
B,983,20,0.9,0.652,0,0.7604958867393682,0.7186104437478628,0.04188544299150551,0.0012319387314371302,16,10
B,983,20,0.99,0.6655,0,0.7892311364945981,0.7660548504775595,0.02317628601703869,0.0009844669623431856,16,10
B,983,20,0.999,0.6665,0,0.7923067784958252,0.7710449390979724,0.021261839397852776,0.0009789821034924724,16,10
B,984,20,0.1,0.5165,0,0.7291406909556551,0.7376748024704153,-0.00853411151476014,0.0034156766820772153,13,13
B,984,20,0.5,0.4865,0,0.6832863676931344,0.7081082685446842,-0.024821900851549752,0.002076627027875089,13,13
B,984,20,0.9,0.45975,0,0.7070059300463267,0.7155143162115746,-0.008508386165247928,0.0005273127771314738,13,13
B,984,20,0.99,0.45925,0,0.7223720890727608,0.7232646484706519,-0.0008925593978909021,5.652554623416719e-05,13,13
B,984,20,0.999,0.45875,0,0.7240958626398287,0.7241856462813122,-8.978364148340165e-05,5.693732323802677e-06,13,13
B,985,20,0.1,0.4895,0,0.6656723867743323,0.6488031851951221,0.016869201579210007,0.004720021265169732,13,13
B,985,20,0.5,0.5315,0,0.6579968809928736,0.6171747498173169,0.04082213117555679,0.0028723774791150334,13,13
B,985,20,0.9,0.6655,0,0.7079345020766198,0.6764778189822701,0.03145668309434974,0.0008875526437714141,13,13
B,985,20,0.99,0.717,0,0.7437316189545181,0.7390356037524637,0.004696015202054389,0.00010798318141750014,13,13
B,985,20,0.999,0.7235,0,0.7479364922044891,0.7474474894373704,0.0004890027671188258,1.1036762665711955e-05,13,13
B,986,20,0.1,0.47375,0,0.6696203255685595,0.7338156522990887,-0.06419532673052916,0.004348870027923991,16,16
B,986,20,0.5,0.44025,0,0.6812105093614921,0.7196039794534729,-0.03839347009198089,0.0024092992789881682,16,16
B,986,20,0.9,0.36275,0,0.7201000483896788,0.7334574334445455,-0.0133573850548667,0.0005198897777328594,16,16
B,986,20,0.99,0.339,0,0.7416765962449587,0.7433337806450668,-0.0016571844001079742,5.402717588614178e-05,16,16
B,986,20,0.999,0.33225,0,0.7446418931565776,0.7448128555508138,-0.0001709623942362687,5.438205025454835e-06,16,16
B,987,20,0.1,0.52225,0,0.6653381303045695,0.5028496530897957,0.1624884772147737,0.005213256443757486,9,3
B,987,20,0.5,0.6275,0,0.6823409780661175,0.5242789181072035,0.15806205995891398,0.003258452796504158,9,3
B,987,20,0.9,0.76275,0,0.6986698112326412,0.5636476387812513,0.13502217245138978,0.002676673332197165,9,3
B,987,20,0.99,0.793,0,0.7017700343872475,0.5738721885489666,0.1278978458382808,0.0027562032342978793,9,3
B,987,20,0.999,0.7965,0,0.7020603224012296,0.574915361870729,0.12714496053050067,0.002767834550580355,9,3
B,988,20,0.1,0.468,0,0.7502647517142137,0.7338443791975838,0.016420372516629915,0.0038210673150809206,18,18
B,988,20,0.5,0.474,0,0.7497896803380811,0.7066209515586236,0.04316872877945755,0.002328170413347685,18,18
B,988,20,0.9,0.5095,0,0.7753866571190615,0.7612023401824354,0.014184316936626168,0.0005857654175452886,18,18
B,988,20,0.99,0.50525,0,0.7902056743534459,0.7887350749693576,0.0014705993840883839,6.2308311012761e-05,18,18
B,988,20,0.999,0.50525,0,0.7919795530850804,0.7918318324721361,0.0001477206129442492,6.2719155840519805e-06,18,18
B,989,20,0.1,0.50175,0,0.675746558331433,0.6531754086906651,0.02257114964076792,0.004734664987684107,13,13
B,989,20,0.5,0.517,0,0.6962906539930547,0.6458474489184441,0.05044320507461068,0.0030282059387676677,13,13
B,989,20,0.9,0.5625,0,0.7176257179173388,0.6892418811845871,0.028383836732751612,0.0009515751727583521,13,13
B,989,20,0.99,0.57525,0,0.7243852240678048,0.7208352342495987,0.0035499898182060202,0.0001073121191065626,13,13
B,989,20,0.999,0.5775,0,0.7251089263718271,0.7247460767976841,0.0003628495741428477,1.0860269857784118e-05,13,13
B,990,20,0.1,0.48375,0,0.5058156304531428,0.6664774056075091,-0.16066177515436642,0.005199649133699742,15,15
B,990,20,0.5,0.388,0,0.5423049808734108,0.6815409375323374,-0.13923595665892652,0.002924090980385275,15,15
B,990,20,0.9,0.20775,0,0.6586141794689049,0.7243487241023483,-0.06573454463344346,0.0009516131865051363,15,15
B,990,20,0.99,0.154,0,0.7402784746882761,0.749034202928116,-0.00875572823983992,0.00011380443253615855,15,15
B,990,20,0.999,0.15,0,0.7511917179410975,0.752094249911331,-0.0009025319702334744,1.160582035999635e-05,15,15
B,991,20,0.1,0.52075,0,0.7436118511797604,0.5145111834418724,0.22910066773788795,0.004968271896041027,13,13
B,991,20,0.5,0.615,0,0.744290860960179,0.5797405146791635,0.1645503462810156,0.003320408792673868,13,13
B,991,20,0.9,0.67675,0,0.7616283403431401,0.7140010045559734,0.0476273357871668,0.0010127531524191363,13,13
B,991,20,0.99,0.67325,0,0.7759284819026009,0.7709323192184133,0.004996162684187494,0.00011505849414335522,13,13
B,991,20,0.999,0.6715,0,0.7778774477550123,0.7773769530368083,0.0005004947182039451,1.1653532325688102e-05,13,13
B,992,20,0.1,0.50725,0,0.6608335945341508,0.5201102368243252,0.1407233577098256,0.005220404147604469,17,17
B,992,20,0.5,0.541,0,0.6680261701066806,0.5948558002411656,0.07317036986551519,0.0029636521167820465,17,17
B,992,20,0.9,0.567,0,0.7039705703877569,0.6760657216584599,0.027904848729297018,0.0009943179144157636,17,17
B,992,20,0.99,0.575,0,0.7156595472473989,0.7116501021932249,0.004009445054174075,0.00013421213116571624,17,17
B,992,20,0.999,0.575,0,0.7168965014684696,0.716477880356097,0.0004186211123725573,1.3940252107378426e-05,17,17
B,993,20,0.1,0.4745,0,0.5141143914007051,0.6619387143997222,-0.14782432299901682,0.005563034400297055,12,12
B,993,20,0.5,0.437,0,0.59032874083618,0.6654404368857161,-0.07511169604953602,0.004169288159298876,12,12
B,993,20,0.9,0.43875,0,0.724497372878202,0.7474325724495862,-0.022935199571384214,0.00145532249388956,12,12
B,993,20,0.99,0.4395,0,0.7862395991127871,0.7891662447822066,-0.0029266456694195414,0.0001737894725462596,12,12
B,993,20,0.999,0.43925,0,0.7937683706020427,0.7940687173161839,-0.0003003467141410966,1.7708653410680543e-05,12,12
B,994,20,0.1,0.50375,0,0.7440216561024099,0.7423296363033218,0.0016920197990880745,0.0024429051094048988,18,18
B,994,20,0.5,0.50375,0,0.7223110805377504,0.7215173887407049,0.0007936917970453321,0.001091701560118119,18,18
B,994,20,0.9,0.50375,0,0.7662475702606284,0.7660569198905874,0.00019065037004097093,0.00014818800121715742,18,18
B,994,20,0.99,0.50375,0,0.7995053871160788,0.7994907139161089,1.4673199969824787e-05,1.284284829989811e-05,18,18
B,994,20,0.999,0.50375,0,0.8037211181451328,0.803719672929226,1.4452159068331639e-06,1.2664791145462407e-06,18,18
B,995,20,0.1,0.513,0,0.5018198689937827,0.5056212066501924,-0.0038013376564096464,0.005257692570872715,2,3
B,995,20,0.5,0.5145,0,0.5029461912623485,0.5044948843816266,-0.0015486931192780088,0.0021420228992444393,2,3
B,995,20,0.9,0.50975,0,0.5035982725757286,0.5038428030682462,-0.000244530492517579,0.000338214141985964,2,3
B,995,20,0.99,0.5075,0,0.5037088642557616,0.503732211388213,-2.334713245142924e-05,3.229180250117244e-05,2,3
B,995,20,0.999,0.50725,0,0.5037193757211048,0.5037216999228845,-2.3242017797988426e-06,3.2146416697015093e-06,2,3
B,996,20,0.1,0.475,0,0.5000210367380873,0.7340175004038545,-0.23399646366576723,0.00498753430769206,9,9
B,996,20,0.5,0.38575,0,0.5455954350378232,0.6906491711035475,-0.14505373606572436,0.0027493947863710616,9,9
B,996,20,0.9,0.28975,0,0.6330316179717177,0.6649391099227073,-0.03190749195098972,0.0005773478376945931,9,9
B,996,20,0.99,0.26625,0,0.6582260999812286,0.6615003663931768,-0.00327426641194819,5.9000444234299375e-05,9,9
B,996,20,0.999,0.26575,0,0.6608673511061486,0.6611956571670393,-0.00032830606089085057,5.9137308879430074e-06,9,9
B,997,20,0.1,0.51975,0,0.738545424272449,0.7348930059147212,0.0036524183577278206,0.0040479184639875725,14,14
B,997,20,0.5,0.505,0,0.7263254101309722,0.7139162058536455,0.012409204277326693,0.00309747129482915,14,14
B,997,20,0.9,0.447,0,0.7655740622140053,0.7584221426477222,0.0071519195662831,0.0010810457654335927,14,14
B,997,20,0.99,0.417,0,0.7912133363577681,0.7903593205247694,0.0008540158329988893,0.00012438169625590472,14,14
B,997,20,0.999,0.41375,0,0.7943425889430803,0.7942560774830654,8.651146001474013e-05,1.2616282721817948e-05,14,14
B,998,20,0.1,0.51525,0,0.6644219263171304,0.5167513907874179,0.1476705355297124,0.005079349116126039,15,15
B,998,20,0.5,0.55325,0,0.6703175278831373,0.6107396287675714,0.05957789911556587,0.002424521135067302,15,15
B,998,20,0.9,0.5515,0,0.7082794060798765,0.7001881305976054,0.008091275482270984,0.0004530653432388321,15,15
B,998,20,0.99,0.546,0,0.7250357044762281,0.7243075460875187,0.0007281583887094884,4.546647760352321e-05,15,15
B,998,20,0.999,0.54625,0,0.7269390187966167,0.7268672193905559,7.179940606075994e-05,4.5514355663194295e-06,15,15
B,999,20,0.1,0.49225,0,0.6612711979520004,0.745957827003355,-0.08468662905135449,0.004180458103996895,13,13
B,999,20,0.5,0.455,0,0.6738468711124254,0.7207505297563804,-0.046903658643955,0.0021443063356007845,13,13
B,999,20,0.9,0.41375,0,0.7170469064170656,0.7280252624152788,-0.010978355998213313,0.0004619060437829546,13,13
B,999,20,0.99,0.371,0,0.7466439097994565,0.7480460028698347,-0.001402093070378025,4.9274745653447004e-05,13,13
B,999,20,0.999,0.365,0,0.750491707317358,0.7506358349561818,-0.00014412763882380088,4.958687995481276e-06,13,13
