part,inst,n,gamma,p_opt_a1,ties,power1,power2,power_diff,power_diff_se,reach1,reach2
A,0,10,0.1,0.499,0,0.7534708170699855,0.6745686545826697,0.0789021624873158,0.004722073607936,4,2
A,0,10,0.5,0.54375,0,0.7574560190622424,0.6745686545826698,0.08288736447957264,0.004662445327706907,4,2
A,0,10,0.9,0.5915,0,0.758888503877457,0.6745686545826698,0.0843198492947873,0.004637339587740778,4,2
A,0,10,0.99,0.60275,0,0.7590367570641413,0.6745686545826698,0.08446810248147153,0.004634561854022203,4,2
A,0,10,0.999,0.603,0,0.7590490070529372,0.6745686545826697,0.08448035247026749,0.004634347305039097,4,2
A,1,21,0.1,0.498,0,0.7479818469692119,0.6676570996920542,0.08032474727715762,0.004526870307712278,11,7
A,1,21,0.5,0.53925,0,0.750493894108351,0.6798526651620352,0.07064122894631567,0.003546343051630182,11,7
A,1,21,0.9,0.6105,0,0.7862465904626831,0.7184134806890741,0.06783310977360912,0.003070022459287187,11,7
A,1,21,0.99,0.62225,0,0.8064768528071975,0.7349775169690236,0.07149933583817397,0.003232753288380346,11,7
A,1,21,0.999,0.6255,0,0.8089273932504237,0.7368549368053471,0.07207245644507651,0.003261286694162427,11,7
A,2,15,0.1,0.5215,0,0.6856942905775129,0.5181597579609785,0.1675345326165344,0.005552670174909853,9,2
A,2,15,0.5,0.61225,0,0.7248496238823875,0.5593092071104036,0.16554041677198397,0.004711278333466298,9,2
A,2,15,0.9,0.72175,0,0.7670717101208433,0.5831325724074391,0.18393913771340417,0.004355996587670231,9,2
A,2,15,0.99,0.73525,0,0.7775911503079772,0.5871729672756547,0.1904181830323225,0.004340180524328077,9,2
A,2,15,0.999,0.7355,0,0.7786683167918489,0.5875569968029026,0.19111131998894626,0.004340134261066607,9,2
A,3,22,0.1,0.5225,0,0.6653262958317244,0.5012176413799309,0.1641086544517936,0.00530887426961956,13,7
A,3,22,0.5,0.61775,0,0.6746079306641269,0.5347672030546434,0.13984072760948346,0.00354410816726158,13,7
A,3,22,0.9,0.82975,0,0.7473908308357106,0.5835996773478673,0.1637911534878433,0.0025694698544344776,13,7
A,3,22,0.99,0.85825,0,0.7836084657938955,0.595722593516963,0.18788587227693254,0.0027227533867368496,13,7
A,3,22,0.999,0.85825,0,0.7878318633418787,0.596961214638567,0.19087064870331164,0.002753096079787916,13,7
A,4,14,0.1,0.5085,0,0.6685901642955507,0.5021682395976721,0.16642192469787856,0.005691275825432099,9,1
A,4,14,0.5,0.59,0,0.6995113429573457,0.5021682395976723,0.19734310335967334,0.005288592633041165,9,1
A,4,14,0.9,0.7615,0,0.7868113888114956,0.5021682395976722,0.28464314921382333,0.004969262944851729,9,1
A,4,14,0.99,0.82725,0,0.8336075734891393,0.5021682395976723,0.331439333891467,0.004975266460012235,9,1
A,4,14,0.999,0.83625,0,0.8397272675821067,0.5021682395976722,0.3375590279844346,0.004985506428180961,9,1
A,5,16,0.1,0.4995,0,0.7995371772704467,0.7514804917326454,0.048056685537801284,0.0038499485643745343,9,5
A,5,16,0.5,0.51725,0,0.7981999703922186,0.7698407125395256,0.028359257852693054,0.0034352528126302237,9,5
A,5,16,0.9,0.51525,0,0.809333277862226,0.7973187481563798,0.012014529705846134,0.003217975454680897,9,5
A,5,16,0.99,0.5135,0,0.8138919914797167,0.8051933917777527,0.008698599701964089,0.003255910893691236,9,5
A,5,16,0.999,0.5145,0,0.8143949296004533,0.8060186152183917,0.00837631438206164,0.0032624143158663157,9,5
A,6,15,0.1,0.50475,0,0.7405428292007029,0.6594167037770543,0.08112612542364867,0.004603662998756659,5,3
A,6,15,0.5,0.56175,0,0.7238197313485352,0.6274804250663824,0.09633930628215279,0.004282048897880788,5,3
A,6,15,0.9,0.645,0,0.7174827304058151,0.6023059509799142,0.11517677942590086,0.0043500546850455376,5,3
A,6,15,0.99,0.66525,0,0.7170392490493545,0.5976846413505762,0.11935460769877823,0.004377010787607224,5,3
A,6,15,0.999,0.6685,0,0.717008864467856,0.5972408738322547,0.11976799063560134,0.004379668761914411,5,3
A,7,8,0.1,0.50575,0,0.7466282478559103,0.6692851385797138,0.07734310927619646,0.004852907065650706,3,2
A,7,8,0.5,0.54525,0,0.7466282478559103,0.6692851385797138,0.07734310927619645,0.004852907065650707,3,2
A,7,8,0.9,0.58225,0,0.7466282478559103,0.6692851385797138,0.07734310927619643,0.004852907065650706,3,2
A,7,8,0.99,0.58825,0,0.7466282478559103,0.669285138579714,0.0773431092761964,0.004852907065650707,3,2
A,7,8,0.999,0.58775,0,0.7466282478559102,0.6692851385797138,0.07734310927619645,0.004852907065650705,3,2
A,8,13,0.1,0.52425,0,0.6779040804035188,0.5257187928945785,0.1521852875089403,0.005523959834369527,6,3
A,8,13,0.5,0.602,0,0.7348746735663438,0.605982185489913,0.1288924880764309,0.004406865771904922,6,3
A,8,13,0.9,0.66675,0,0.7963693182454508,0.6773240397118907,0.11904527853356003,0.003975326470831429,6,3
A,8,13,0.99,0.66775,0,0.8116302246054986,0.6928197624024549,0.11881046220304375,0.004014265703229502,6,3
A,8,13,0.999,0.668,0,0.813191593639138,0.694361035294809,0.11883055834432904,0.004021199260842862,6,3
A,9,20,0.1,0.50825,0,0.7977504176457703,0.7407666703268472,0.056983747318923236,0.003853054574358754,13,6
A,9,20,0.5,0.54675,0,0.7964242052468857,0.7364652947332302,0.059958910513655525,0.0034172045097872255,13,6
A,9,20,0.9,0.5805,0,0.809051021933266,0.7622160948600406,0.046834927073225376,0.003082250782925491,13,6
A,9,20,0.99,0.5615,0,0.8134909993758265,0.7757796875921601,0.03771131178366633,0.003133070939626623,13,6
A,9,20,0.999,0.55825,0,0.8139663562712417,0.7773603884925088,0.036605967778732804,0.0031442679774583374,13,6
A,10,18,0.1,0.51325,0,0.793296289962175,0.7382327382449638,0.05506355171721116,0.0037710349331735774,9,5
A,10,18,0.5,0.53975,0,0.7555162486588709,0.7042192682896272,0.05129698036924376,0.003380219315461377,9,5
A,10,18,0.9,0.5695,0,0.724991779169874,0.6786286049270077,0.046363174242866165,0.003523367437588409,9,5
A,10,18,0.99,0.572,0,0.7197306858009691,0.6739155871052382,0.04581509869573076,0.0035832814856242776,9,5
A,10,18,0.999,0.572,0,0.7192333574613359,0.6734646559945413,0.04576870146679474,0.003589497504389276,9,5
A,11,14,0.1,0.51075,0,0.750078495086407,0.6603333283289545,0.08974516675745244,0.004735166621919896,9,3
A,11,14,0.5,0.5705,0,0.750637337958343,0.6378603359278779,0.11277700203046513,0.004277491642731789,9,3
A,11,14,0.9,0.69075,0,0.7731025596251986,0.6163759637438186,0.15672659588138005,0.004016833628612103,9,3
A,11,14,0.99,0.74275,0,0.7908202753884871,0.6120677533148349,0.1787525220736522,0.004034027954274624,9,3
A,11,14,0.999,0.74925,0,0.7931345591965032,0.6116481366436465,0.1814864225528567,0.0040423045793434795,9,3
A,12,21,0.1,0.52,0,0.6753932315845889,0.5175591077056996,0.15783412387888926,0.005286653507276383,9,6
A,12,21,0.5,0.58925,0,0.6860355488994232,0.5722326691996512,0.11380287969977204,0.0037813250977220122,9,6
A,12,21,0.9,0.67475,0,0.7014862111957075,0.6046262983392132,0.0968599128564943,0.0031694164075569396,9,6
A,12,21,0.99,0.6835,0,0.7055682668889249,0.6095187115801215,0.09604955530880338,0.0031435718189914775,9,6
A,12,21,0.999,0.685,0,0.7059872268951313,0.6099698874809767,0.09601733941415443,0.00314291426152543,9,6
A,13,15,0.1,0.517,0,0.6739152246005186,0.49870053080219906,0.17521469379831955,0.005871401004483447,3,1
A,13,15,0.5,0.5905,0,0.6814731917118276,0.49870053080219917,0.1827726609096285,0.0057698667940964355,3,1
A,13,15,0.9,0.66925,0,0.6830739657985652,0.4987005308021991,0.18437343499636602,0.005747266359907131,3,1
A,13,15,0.99,0.68575,0,0.6830938485845854,0.49870053080219917,0.18439331778238627,0.00574723071538654,3,1
A,13,15,0.999,0.6875,0,0.6830918235674012,0.49870053080219906,0.18439129276520205,0.005747297899088902,3,1
A,14,14,0.1,0.5075,0,0.7548487423219261,0.6777938218961738,0.0770549204257523,0.0046434662719850965,6,5
A,14,14,0.5,0.54175,0,0.7765820120928532,0.7192145633956329,0.0573674486972202,0.003890987606686062,6,5
A,14,14,0.9,0.56525,0,0.8045745939007435,0.7629280588670958,0.04164653503364762,0.003470547146459736,6,5
A,14,14,0.99,0.567,0,0.8132891151840665,0.7740345812652374,0.039254533918829035,0.003473744321103795,6,5
A,14,14,0.999,0.566,0,0.8142128281019361,0.7751788150216748,0.0390340130802614,0.003477178390107679,6,5
A,15,22,0.1,0.5025,0,0.7902498819457888,0.7485536901333765,0.04169619181241239,0.0038175934590080137,10,6
A,15,22,0.5,0.51175,0,0.7706070880115091,0.74996112805767,0.02064595995383904,0.003257581791046357,10,6
A,15,22,0.9,0.5215,0,0.7820869944440845,0.7631798794024128,0.01890711504167165,0.0031156789062005367,10,6
A,15,22,0.99,0.5205,0,0.7882003852839605,0.7673184388404788,0.02088194644348174,0.0031601680962266535,10,6
A,15,22,0.999,0.51975,0,0.7888716795105395,0.7677519720427733,0.02111970746776613,0.0031665014404310267,10,6
A,16,21,0.1,0.50425,0,0.788949688754532,0.7404653807833061,0.048484307971225805,0.003840783645557305,10,6
A,16,21,0.5,0.523,0,0.7618319386661956,0.723423109631596,0.03840882903459972,0.0034033396300783398,10,6
A,16,21,0.9,0.5095,0,0.7827936560640764,0.7705495412769928,0.012244114787083597,0.0030807048343973868,10,6
A,16,21,0.99,0.49775,0,0.7989630453791184,0.7942812923228255,0.004681753056292889,0.0032128975803506874,10,6
A,16,21,0.999,0.496,0,0.8008801325236,0.7969696933456414,0.003910439177958464,0.0032355254515490555,10,6
A,17,19,0.1,0.525,0,0.6747456854192658,0.5103049600005861,0.16444072541867974,0.005385358289604828,9,6
A,17,19,0.5,0.599,0,0.7090988818788687,0.5863086055291564,0.12279027634971217,0.003693429037988544,9,6
A,17,19,0.9,0.66975,0,0.7669681914126898,0.6780173179944489,0.08895087341824105,0.003100703810747541,9,6
A,17,19,0.99,0.64575,0,0.7835847185204927,0.7022206328597479,0.0813640856607449,0.003267899294615158,9,6
A,17,19,0.999,0.644,0,0.7853200167011324,0.7047314429337793,0.08058857376735315,0.0032924935371022816,9,6
A,18,14,0.1,0.495,0,0.79074545801719,0.7359270526420969,0.05481840537509313,0.003995421748265794,4,3
A,18,14,0.5,0.542,0,0.7640810376972401,0.6956163407794768,0.06846469691776334,0.004043675685445256,4,3
A,18,14,0.9,0.5995,0,0.7486572095830097,0.6722785602274335,0.07637864935557621,0.004181448130497284,4,3
A,18,14,0.99,0.611,0,0.7460396567149219,0.6683205195559184,0.0777191371590035,0.00421200050077154,4,3
A,18,14,0.999,0.61075,0,0.7457913643543846,0.6679443175911483,0.07784704676323648,0.0042149960891059305,4,3
A,19,19,0.1,0.51175,0,0.742634918487957,0.6520576756266819,0.0905772428612752,0.004488588403709171,10,4
A,19,19,0.5,0.58575,0,0.7483703723438568,0.638930116279197,0.10944025606465974,0.0036538279259911806,10,4
A,19,19,0.9,0.69775,0,0.7620808342607116,0.6357818034882081,0.12629903077250343,0.0033689053898459803,10,4
A,19,19,0.99,0.7145,0,0.7657726536586388,0.6356778942791746,0.1300947593794641,0.003346102743059233,10,4
A,19,19,0.999,0.7185,0,0.7661504536099294,0.6356744621877194,0.13047599142220997,0.0033445001420885764,10,4
A,20,10,0.1,0.49975,0,0.7811303044904069,0.7388743609148214,0.04225594357558532,0.003909462149822827,5,4
A,20,10,0.5,0.51775,0,0.7442911053408122,0.7129748578434107,0.031316247497401535,0.0037596752982656974,5,4
A,20,10,0.9,0.53575,0,0.7290935634026087,0.7043303064964139,0.024763256906194676,0.0038366787654894484,5,4
A,20,10,0.99,0.53325,0,0.7268887422931135,0.7033341783030908,0.0235545639900228,0.0038585125766226313,5,4
A,20,10,0.999,0.534,0,0.7266844556698938,0.7032461474563727,0.023438308213521036,0.0038606895502418244,5,4
A,21,21,0.1,0.53225,0,0.6796204855144872,0.5199070017322215,0.1597134837822657,0.005515491441245438,10,6
A,21,21,0.5,0.58325,0,0.7057802060153241,0.6086181823153913,0.0971620236999328,0.004141559767468039,10,6
A,21,21,0.9,0.60975,0,0.7811233940772782,0.7215110003330515,0.059612393744226534,0.0031334406380033723,10,6
A,21,21,0.99,0.59475,0,0.809110266737964,0.753650228277168,0.05546003846079597,0.0031894559840727546,10,6
A,21,21,0.999,0.5945,0,0.8122149933410429,0.7570219707176995,0.05519302262334335,0.003207032041236623,10,6
A,22,19,0.1,0.507,0,0.6746597833076002,0.5218031021221374,0.1528566811854629,0.0053003378721032685,11,3
A,22,19,0.5,0.586,0,0.7097203910527966,0.5821337982889121,0.12758659276388445,0.0038788509941302817,11,3
A,22,19,0.9,0.737,0,0.8010229331534399,0.6421054430859394,0.15891749006750058,0.003496717526003731,11,3
A,22,19,0.99,0.77525,0,0.8349021489525497,0.6557198064042697,0.1791823425482798,0.003609702116694123,11,3
A,22,19,0.999,0.77875,0,0.8386116525018651,0.657083457394899,0.1815281951069661,0.003626681717163128,11,3
A,23,24,0.1,0.50575,0,0.7460178663308304,0.670423561893746,0.07559430443708448,0.004697866106076783,13,5
A,23,24,0.5,0.5395,0,0.7626428702741463,0.7033158432840514,0.059327026990095,0.0038398007252619755,13,5
A,23,24,0.9,0.587,0,0.8042382935273081,0.7528549617065193,0.051383331820788684,0.0032185183740689686,13,5
A,23,24,0.99,0.60475,0,0.8248613993185497,0.7660676919182597,0.05879370740029012,0.0031601959051684716,13,5
A,23,24,0.999,0.60825,0,0.8275740854305828,0.7674237570115346,0.060150328419048084,0.0031602151833411397,13,5
A,24,23,0.1,0.49975,0,0.7442806231329316,0.6617100537930505,0.08257056933988119,0.0045964952498153445,7,3
A,24,23,0.5,0.54875,0,0.7245645177702172,0.6532649992748395,0.07129951849537773,0.00414577395499043,7,3
A,24,23,0.9,0.5955,0,0.726065790360846,0.6482352724130794,0.07783051794776646,0.004208193108591073,7,3
A,24,23,0.99,0.61025,0,0.7313300046866502,0.6473460340066292,0.08398397068002106,0.004293535305424862,7,3
A,24,23,0.999,0.611,0,0.731974839253443,0.6472625493554706,0.08471228989797237,0.004303082664012667,7,3
A,25,13,0.1,0.51675,0,0.7965871495374977,0.7467386543395018,0.049848495197995786,0.0037966157687417965,8,4
A,25,13,0.5,0.53175,0,0.7903853746958335,0.7531840718971322,0.03720130279870121,0.0033877583922773706,8,4
A,25,13,0.9,0.55125,0,0.807596683081635,0.769597633985541,0.037999049096094015,0.003286563957891244,8,4
A,25,13,0.99,0.55375,0,0.8142615906427126,0.7743895779390766,0.039872012703636155,0.0033356036141248754,8,4
A,25,13,0.999,0.5525,0,0.8149740005139519,0.7748844957326997,0.04008950478125216,0.0033422816450061114,8,4
A,26,8,0.1,0.50525,0,0.6708969252628086,0.5083121955468695,0.16258472971593915,0.005430390916364472,4,3
A,26,8,0.5,0.57525,0,0.681067431109615,0.5528666283027743,0.12820080280684082,0.004489864698377302,4,3
A,26,8,0.9,0.64375,0,0.6876022843645568,0.5786612998982981,0.10894098446625873,0.004169934604910815,4,3
A,26,8,0.99,0.64825,0,0.688789965671041,0.5830360243523125,0.10575394131872844,0.0041366962190618126,4,3
A,26,8,0.999,0.64925,0,0.6889037287919227,0.5834518310788157,0.10545189771310694,0.004133860682472112,4,3
A,27,10,0.1,0.50575,0,0.7982223488764661,0.7545206615832851,0.04370168729318093,0.0039228363939999185,5,4
A,27,10,0.5,0.52725,0,0.7930563717450232,0.7585943159553841,0.03446205578963907,0.0037768345592678557,5,4
A,27,10,0.9,0.5445,0,0.7907096990960352,0.7589267289571706,0.031782970138864386,0.003769548968496959,5,4
A,27,10,0.99,0.543,0,0.7903231542195608,0.7588480240305618,0.03147513018899904,0.00377388715206452,5,4
A,27,10,0.999,0.54275,0,0.7902867279762932,0.7588383595633135,0.031448368412979606,0.003774386656419183,5,4
A,28,17,0.1,0.50625,0,0.7326162192770717,0.6480697773684939,0.08454644190857773,0.004425015307234474,7,5
A,28,17,0.5,0.5485,0,0.6850111070544896,0.6114193669715987,0.07359174008289104,0.0034588017773091667,7,5
A,28,17,0.9,0.6035,0,0.6529818391877484,0.5902456100620691,0.06273622912567921,0.003249861265984654,7,5
A,28,17,0.99,0.61,0,0.6469290352944124,0.586576652983166,0.06035238231124653,0.0032820036448870174,7,5
A,28,17,0.999,0.61075,0,0.6463479663913992,0.5862268659235361,0.06012110046786314,0.0032862179496090387,7,5
A,29,22,0.1,0.5025,0,0.6562891821653054,0.5052503555173861,0.1510388266479193,0.00531269217027182,8,5
A,29,22,0.5,0.564,0,0.650859428691547,0.5528968875120647,0.09796254117948236,0.003712245961979367,8,5
A,29,22,0.9,0.597,0,0.7127433564433979,0.6549509772097564,0.05779237923364161,0.003287342737257109,8,5
A,29,22,0.99,0.593,0,0.738785650646988,0.6850683261377247,0.05371732450926326,0.0035621156728577875,8,5
A,29,22,0.999,0.5905,0,0.7416170574658114,0.6882231139743757,0.053393943491435523,0.0035989852739299498,8,5
A,30,23,0.1,0.49775,0,0.7878813528437054,0.7385264405949579,0.0493549122487474,0.0038139595283367815,11,5
A,30,23,0.5,0.525,0,0.7672675138064179,0.7186450200720559,0.04862249373436205,0.0033644839086964524,11,5
A,30,23,0.9,0.60825,0,0.7799219133739723,0.7083133732439548,0.07160854013001744,0.0032794916175469266,11,5
A,30,23,0.99,0.641,0,0.7878780294743664,0.7065807468389501,0.08129728263541633,0.003337940204043911,11,5
A,30,23,0.999,0.645,0,0.7887639226681123,0.7064158026138784,0.08234812005423416,0.0033457684643872117,11,5
A,31,10,0.1,0.516,0,0.665359250785732,0.5025868294443587,0.16277242134137318,0.005819330273212985,4,1
A,31,10,0.5,0.58375,0,0.6695654629767669,0.5025868294443588,0.16697863353240808,0.005504725820659626,4,1
A,31,10,0.9,0.66375,0,0.6832724697568567,0.5025868294443587,0.18068564031249798,0.005564886148548237,4,1
A,31,10,0.99,0.6845,0,0.688659943884391,0.5025868294443588,0.1860731144400322,0.005638307736363773,4,1
A,31,10,0.999,0.68725,0,0.6892432108779253,0.5025868294443587,0.18665638143356664,0.005646990040417464,4,1
A,32,8,0.1,0.52375,0,0.6581675513057285,0.4998344231836498,0.15833312812207864,0.005861715899590259,4,1
A,32,8,0.5,0.58,0,0.6500213492565075,0.49983442318364985,0.15018692607285755,0.005556477534475747,4,1
A,32,8,0.9,0.66975,0,0.6884302464608968,0.49983442318364985,0.18859582327724686,0.005488398365656457,4,1
A,32,8,0.99,0.70125,0,0.7059630429664839,0.4998344231836499,0.20612861978283412,0.005574824091973721,4,1
A,32,8,0.999,0.704,0,0.7079452421500266,0.49983442318364985,0.2081108189663768,0.005587284063211344,4,1
A,33,19,0.1,0.50475,0,0.7419450620017088,0.6562108296902629,0.08573423231144596,0.004526615220003781,10,5
A,33,19,0.5,0.5815,0,0.7256132163072058,0.6104631369064516,0.11515007940075413,0.0036500567346397523,10,5
A,33,19,0.9,0.79875,0,0.7323431411671703,0.5287528448972137,0.20359029626995653,0.003644169436912684,10,5
A,33,19,0.99,0.826,0,0.737703396450597,0.5042891491672962,0.23341424728330085,0.0038301536231746544,10,5
A,33,19,0.999,0.82825,0,0.7382917543245892,0.5017108918232598,0.23658086250132945,0.0038537591412241444,10,5
A,34,14,0.1,0.508,0,0.7919784215623636,0.7311512441706807,0.06082717739168293,0.003840226943974268,8,5
A,34,14,0.5,0.579,0,0.7829402128683821,0.6901640610973903,0.09277615177099194,0.0035900633199501056,8,5
A,34,14,0.9,0.64675,0,0.7974234352005367,0.6948909350292256,0.10253250017131108,0.0037431077184287716,8,5
A,34,14,0.99,0.6375,0,0.8039433674301029,0.7007694171251235,0.10317395030497925,0.003867368071916842,8,5
A,34,14,0.999,0.63675,0,0.804673514510088,0.7014377961338354,0.10323571837625255,0.0038820793923630445,8,5
A,35,17,0.1,0.53075,0,0.6690830963136472,0.4902361276106448,0.1788469687030024,0.005837042446326946,9,1
A,35,17,0.5,0.6115,0,0.6997297269058229,0.4902361276106449,0.20949359929517797,0.005375497527799164,9,1
A,35,17,0.9,0.74875,0,0.7651723473411526,0.49023612761064483,0.2749362197305077,0.0051280088688949125,9,1
A,35,17,0.99,0.787,0,0.7878878367048988,0.49023612761064483,0.29765170909425404,0.005157525635537458,9,1
A,35,17,0.999,0.7925,0,0.7903717753052003,0.4902361276106447,0.3001356476945556,0.005164021731280563,9,1
A,36,15,0.1,0.52425,0,0.7482900972091369,0.6617538003856437,0.08653629682349323,0.004619386592164184,11,3
A,36,15,0.5,0.57125,0,0.7562450809051895,0.6627132527000079,0.09353182820518166,0.003873510384433887,11,3
A,36,15,0.9,0.675,0,0.8152598330479587,0.6849418177659773,0.13031801528198136,0.0036780373574447664,11,3
A,36,15,0.99,0.71025,0,0.8404085953297058,0.6923954886017863,0.1480131067279195,0.003793599764304127,11,3
A,36,15,0.999,0.715,0,0.8432267155568223,0.6931947886903943,0.15003192686642794,0.0038104161260829918,11,3
A,37,19,0.1,0.497,0,0.7992881937013514,0.7464112687231707,0.05287692497818068,0.0037445618759919972,11,6
A,37,19,0.5,0.526,0,0.7784889130347047,0.7284057126861947,0.05008320034851003,0.003286459396150419,11,6
A,37,19,0.9,0.5625,0,0.7595688600153974,0.7133374049705722,0.04623145504482522,0.0032932453578150027,11,6
A,37,19,0.99,0.571,0,0.7558845910626806,0.7101096864516582,0.045774904611022404,0.0033360762335417436,11,6
A,37,19,0.999,0.57275,0,0.7555249213691566,0.7097947256444491,0.04573019572470738,0.0033408921224328636,11,6
A,38,25,0.1,0.514,0,0.6688100188700623,0.5170536989985157,0.1517563198715465,0.005364574764108682,14,8
A,38,25,0.5,0.56325,0,0.6905798179430103,0.6086009253861502,0.08197889255686024,0.0035225095402362616,14,8
A,38,25,0.9,0.5845,0,0.7907660528068334,0.7491840676661743,0.04158198514065901,0.0026123389355437953,14,8
A,38,25,0.99,0.57725,0,0.8310060278999644,0.7939622628893306,0.03704376501063379,0.002832037543270626,14,8
A,38,25,0.999,0.5745,0,0.8355114980183068,0.7988205282241068,0.03669096979420013,0.002870950120792706,14,8
A,39,16,0.1,0.4965,0,0.7904764833728655,0.7354518882554705,0.05502459511739499,0.003759141459315776,8,7
A,39,16,0.5,0.51075,0,0.7561875615731283,0.7223322207035712,0.03385534086955721,0.0032592952053366398,8,7
A,39,16,0.9,0.53375,0,0.7399706785014771,0.717381138740178,0.02258953976129931,0.003234434921279361,8,7
A,39,16,0.99,0.5355,0,0.737737478447772,0.7166675540432396,0.021069924404532443,0.003258952223519082,8,7
A,39,16,0.999,0.53575,0,0.7375319075800669,0.7166028419820373,0.020929065598029737,0.003261742236871431,8,7
A,40,18,0.1,0.5025,0,0.7442013697116101,0.6661141384642312,0.07808723124737904,0.004515111500556656,11,5
A,40,18,0.5,0.55125,0,0.744656945273806,0.6799566491372782,0.06470029613652768,0.0036348267864977444,11,5
A,40,18,0.9,0.5905,0,0.7960514641137019,0.7406946264371991,0.055356837676502894,0.003200235214314734,11,5
A,40,18,0.99,0.591,0,0.8229188334265457,0.7638394534509039,0.05907937997564177,0.00335074343672234,11,5
A,40,18,0.999,0.5925,0,0.8261102289681228,0.7663889388056232,0.059721290162499455,0.003377746356807446,11,5
A,41,19,0.1,0.5195,0,0.6651315931739454,0.508689353564437,0.15644223960950854,0.005480512259392041,7,3
A,41,19,0.5,0.6205,0,0.6587450805937178,0.5063771332003661,0.1523679473933516,0.004360688503294542,7,3
A,41,19,0.9,0.7165,0,0.6600650677297096,0.5050384793053779,0.15502658842433178,0.004037824102694747,7,3
A,41,19,0.99,0.72825,0,0.6608891214959867,0.5048114462955493,0.1560776752004374,0.00401912628288974,7,3
A,41,19,0.999,0.72925,0,0.660977837833668,0.5047898673701603,0.1561879704635076,0.004017953303636375,7,3
A,42,19,0.1,0.52,0,0.6681983091184863,0.525640631205311,0.14255767791317542,0.005491365564054135,9,5
A,42,19,0.5,0.562,0,0.6891226020043407,0.6032846452362253,0.08583795676811543,0.004287246230468002,9,5
A,42,19,0.9,0.61925,0,0.746687887392751,0.6677190189324147,0.07896886846033623,0.0035916187744729987,9,5
A,42,19,0.99,0.64075,0,0.7671594766981865,0.6810611285424029,0.08609834815578353,0.003580039047528588,9,5
A,42,19,0.999,0.6425,0,0.7693934473269487,0.6823748920580304,0.08701855526891841,0.003583596065465078,9,5
A,43,17,0.1,0.492,0,0.7476512279687995,0.6688050192206959,0.07884620874810368,0.004490201998790411,7,4
A,43,17,0.5,0.5405,0,0.7577304568231978,0.6867711858435617,0.07095927097963631,0.0036898315895967045,7,4
A,43,17,0.9,0.64625,0,0.7945773582284298,0.6996499848221915,0.09492737340623833,0.00340459639027971,7,4
A,43,17,0.99,0.6805,0,0.8080476963201777,0.7019548665604414,0.1060928297597363,0.0034431326841586384,7,4
A,43,17,0.999,0.68425,0,0.80951441269702,0.7021756416936699,0.10733877100335011,0.0034497626512578865,7,4
A,44,21,0.1,0.50925,0,0.7905973260636877,0.7464471398575717,0.04415018620611584,0.003860209169666778,8,6
A,44,21,0.5,0.52075,0,0.7632672415061394,0.7373325303752604,0.025934711130879123,0.0035033523153534035,8,6
A,44,21,0.9,0.51425,0,0.7525558257305395,0.7397410829134686,0.012814742817070901,0.003528330342250886,8,6
A,44,21,0.99,0.514,0,0.751843581337588,0.7418700291458035,0.0099735521917846,0.003576394743300724,8,6
A,44,21,0.999,0.5125,0,0.7518027583551272,0.74211473580429,0.009688022550837288,0.003581973638541901,8,6
A,45,14,0.1,0.51675,0,0.657014615272715,0.5035220760602748,0.15349253921244024,0.005370440789506784,7,6
A,45,14,0.5,0.5795,0,0.6594262270217075,0.5547676297333367,0.10465859728837087,0.0037572832079880484,7,6
A,45,14,0.9,0.5915,0,0.7331580818805082,0.687095816313347,0.04606226556716122,0.003227555536140682,7,6
A,45,14,0.99,0.543,0,0.7591399296350282,0.7336293774779075,0.025510552157120694,0.003459048779321544,7,6
A,45,14,0.999,0.5385,0,0.7619257052451222,0.7386978716552007,0.023227833589921212,0.0034946058506522162,7,6
A,46,20,0.1,0.506,0,0.7923954919831658,0.741167515450665,0.051227976532500726,0.0036687087180552838,12,7
A,46,20,0.5,0.5475,0,0.7803503686670817,0.728267909668194,0.05208245899888774,0.002867348447533195,12,7
A,46,20,0.9,0.58975,0,0.7866007666552662,0.7392518454704669,0.047348921184799476,0.0028047946102538676,12,7
A,46,20,0.99,0.592,0,0.7904673269096477,0.7447725453939193,0.04569478151572825,0.002924409694532365,12,7
A,46,20,0.999,0.5915,0,0.790893304810589,0.7453736645096717,0.04551964030091716,0.002939151100830662,12,7
A,47,23,0.1,0.531,0,0.6596873898366166,0.4970444038824621,0.16264298595415455,0.005295782886906482,12,4
A,47,23,0.5,0.60975,0,0.6570911723524221,0.5228429751574024,0.13424819719501954,0.003870306836922034,12,4
A,47,23,0.9,0.76075,0,0.7221673152356664,0.5661972913826464,0.15597002385302006,0.003396620839876971,12,4
A,47,23,0.99,0.79075,0,0.758701569735877,0.5772893699258184,0.1814121998100587,0.0035086610735099635,12,4
A,47,23,0.999,0.7915,0,0.7630576851049148,0.5784188529761897,0.18463883212872514,0.0035287817385656834,12,4
A,48,15,0.1,0.493,0,0.7909974811690411,0.7384467326991021,0.05255074846993896,0.003898379126752093,6,3
A,48,15,0.5,0.51325,0,0.7577624480852494,0.7130191230916592,0.04474332499359015,0.003956713438762668,6,3
A,48,15,0.9,0.521,0,0.7333209575967342,0.7006759486949736,0.032645008901760426,0.004158864667419223,6,3
A,48,15,0.99,0.53025,0,0.7287403532957103,0.6987313569478942,0.030008996347815935,0.004207885614506103,6,3
A,48,15,0.999,0.53275,0,0.7282983589373921,0.6985483642989246,0.029749994638467496,0.004212789632571826,6,3
A,49,8,0.1,0.5045,0,0.7944074060592354,0.7471267914366492,0.047280614622586196,0.004071233753968381,4,3
A,49,8,0.5,0.52775,0,0.7944074060592354,0.7471267914366494,0.04728061462258618,0.004071233753968381,4,3
A,49,8,0.9,0.5585,0,0.7944074060592354,0.7471267914366492,0.04728061462258617,0.004071233753968381,4,3
A,49,8,0.99,0.56825,0,0.7944074060592355,0.7471267914366494,0.047280614622586176,0.004071233753968381,4,3
A,49,8,0.999,0.569,0,0.7944074060592353,0.7471267914366491,0.04728061462258613,0.00407123375396838,4,3
A,50,19,0.1,0.5155,0,0.6709375569399216,0.4972586197017572,0.17367893723816444,0.0058218724133876805,9,2
A,50,19,0.5,0.64475,0,0.7116177941983413,0.49725861970175717,0.214359174496584,0.005396715845217238,9,2
A,50,19,0.9,0.7735,0,0.773940033920692,0.4972586197017571,0.27668141421893494,0.00507435337000707,9,2
A,50,19,0.99,0.797,0,0.7942675412360893,0.4972586197017572,0.2970089215343321,0.005070428215986963,9,2
A,50,19,0.999,0.79925,0,0.7965049514231244,0.4972586197017572,0.2992463317213673,0.005072877106678742,9,2
A,51,22,0.1,0.5065,0,0.7912837775359914,0.7428955678915777,0.04838820964441388,0.0038239502612737127,10,6
A,51,22,0.5,0.5365,0,0.7798868304847427,0.7414602710025988,0.03842655948214406,0.003475892971256024,10,6
A,51,22,0.9,0.569,0,0.7876342107666928,0.744077354613523,0.04355685615316996,0.003335025998820651,10,6
A,51,22,0.99,0.57875,0,0.7917566413501742,0.7447188961919126,0.04703774515826168,0.003320543692127879,10,6
A,51,22,0.999,0.57875,0,0.7922212356771835,0.7447836271139147,0.047437608563268695,0.003319736767016669,10,6
A,52,10,0.1,0.5175,0,0.6832650065561541,0.5164182204382227,0.16684678611793136,0.005467594558137108,6,3
A,52,10,0.5,0.61075,0,0.7293031445705805,0.5789230394357697,0.1503801051348108,0.0044967488567882845,6,3
A,52,10,0.9,0.72775,0,0.7799549568166858,0.6151100399080338,0.16484491690865188,0.004021815343729789,6,3
A,52,10,0.99,0.747,0,0.7929431775744029,0.6212472824504403,0.17169589512396274,0.003990833355993703,6,3
A,52,10,0.999,0.74825,0,0.7942796570316992,0.6218306121568276,0.17244904487487162,0.003989612793609843,6,3
A,53,20,0.1,0.51,0,0.7862700800876264,0.7511205719310813,0.03514950815654521,0.003965871394383599,7,6
A,53,20,0.5,0.51525,0,0.7678606545206647,0.7523132396120545,0.015547414908610183,0.003574559198084483,7,6
A,53,20,0.9,0.51625,0,0.7680748093962254,0.7602559531474345,0.00781885624879098,0.0033791478175457055,7,6
A,53,20,0.99,0.51625,0,0.769910254292937,0.7630280580707133,0.0068821962222236285,0.0033677297747174034,7,6
A,53,20,0.999,0.5165,0,0.7701221384491711,0.7633248311648495,0.006797307284321713,0.0033673868685203372,7,6
A,54,13,0.1,0.4915,0,0.8048917534333959,0.7548259328306504,0.05006582060274572,0.003946153774911643,6,3
A,54,13,0.5,0.52275,0,0.8088198237163449,0.7548259328306504,0.05399389088569458,0.0038878553726234234,6,3
A,54,13,0.9,0.5645,0,0.8133621952040992,0.7548259328306504,0.05853626237344901,0.0038322191353490514,6,3
A,54,13,0.99,0.57775,0,0.8143762519585931,0.7548259328306504,0.05955031912794276,0.00382127197659646,6,3
A,54,13,0.999,0.5775,0,0.8144743979849846,0.7548259328306504,0.059648465154334265,0.0038202408456303127,6,3
A,55,19,0.1,0.50425,0,0.6768045343473829,0.5157207247033319,0.16108380964405108,0.005307596899661996,10,6
A,55,19,0.5,0.5815,0,0.6939324333983059,0.5891955816290837,0.10473685176922212,0.0034820624435147446,10,6
A,55,19,0.9,0.58525,0,0.7047855004980869,0.6531293177878649,0.051656182710221994,0.003249052130102175,10,6
A,55,19,0.99,0.5695,0,0.7082648854301123,0.6678354314314765,0.04042945399863594,0.0034625959512023644,10,6
A,55,19,0.999,0.56575,0,0.7086492156048924,0.6693165572904733,0.03933265831441893,0.0034878962165737436,10,6
A,56,17,0.1,0.51175,0,0.6776680678318889,0.5277615187244433,0.14990654910744558,0.005585542398127951,10,4
A,56,17,0.5,0.57275,0,0.7288802440321697,0.6185998905474395,0.11028035348473006,0.004146870829119608,10,4
A,56,17,0.9,0.59975,0,0.7963038227030554,0.7298193077435564,0.06648451495949889,0.003350459703433214,10,4
A,56,17,0.99,0.5725,0,0.8138323103769506,0.7608407542383102,0.05299155613864033,0.0034052854306193636,10,4
A,56,17,0.999,0.569,0,0.8156328727309472,0.7640932783553465,0.05153959437560077,0.0034178468853867856,10,4
A,57,17,0.1,0.51425,0,0.7386335440764864,0.6557800536768678,0.08285349039961867,0.004641377378703558,9,3
A,57,17,0.5,0.60075,0,0.7160411775631976,0.5875883618931996,0.12845281566999803,0.004421024662108975,9,3
A,57,17,0.9,0.74975,0,0.7527676671504798,0.5193966701095316,0.2333709970409484,0.004877222599290642,9,3
A,57,17,0.99,0.773,0,0.7736047249500115,0.5040535394582063,0.2695511854918052,0.0051261451552721445,9,3
A,57,17,0.999,0.7755,0,0.7759776157595087,0.5025192263930736,0.27345838936643496,0.005155401032536151,9,3
A,58,16,0.1,0.5105,0,0.7465482636827112,0.654872384717974,0.09167587896473724,0.004667968798989111,11,4
A,58,16,0.5,0.5775,0,0.7471342179005677,0.640867455091123,0.10626676280944473,0.004098920643375041,11,4
A,58,16,0.9,0.712,0,0.7869064857821859,0.6451444582977278,0.141762027484458,0.0036195016870797406,11,4
A,58,16,0.99,0.74725,0,0.808386791755479,0.6469702573181298,0.16141653443734907,0.0035823928702695277,11,4
A,58,16,0.999,0.7505,0,0.810960965137793,0.6471627645547292,0.16379820058306366,0.0035838377526138,11,4
A,59,17,0.1,0.5195,0,0.7358546487971211,0.6627352945568389,0.07311935424028229,0.004630633945559861,9,4
A,59,17,0.5,0.55475,0,0.7090088235070866,0.6501026838998752,0.058906139607211236,0.00408471991316026,9,4
A,59,17,0.9,0.57025,0,0.7220865137256242,0.6594009450124813,0.06268556871314304,0.0043348454868972945,9,4
A,59,17,0.99,0.56225,0,0.7296340395903703,0.663961123162607,0.06567291642776334,0.004532209714182352,9,4
A,59,17,0.999,0.562,0,0.7304620359718765,0.6644595390391096,0.06600249693276694,0.004554693383600402,9,4
A,60,19,0.1,0.513,0,0.6676003110661238,0.5055275096012801,0.16207280146484385,0.005241884677769604,9,6
A,60,19,0.5,0.62225,0,0.661524784006326,0.5077364461293421,0.15378833787698373,0.003419863012924288,9,6
A,60,19,0.9,0.712,0,0.6979947509499886,0.5824252223403314,0.11556952860965743,0.003048611221323627,9,6
A,60,19,0.99,0.65325,0,0.7206828997080629,0.6255679158447951,0.09511498386326772,0.0037152310659370755,9,6
A,60,19,0.999,0.64675,0,0.7233675049521984,0.6306665287023613,0.09270097624983713,0.0038051920532518125,9,6
A,61,14,0.1,0.5145,0,0.6691048391384968,0.5260315873090435,0.1430732518294533,0.005540643289661607,7,6
A,61,14,0.5,0.55925,0,0.6977835022887855,0.6144177323942663,0.08336576989451906,0.004182981978500368,7,6
A,61,14,0.9,0.56275,0,0.7406680374247013,0.7056503593670019,0.03501767805769937,0.0034972067093156064,7,6
A,61,14,0.99,0.53775,0,0.751682480131143,0.7301907813089649,0.02149169882217825,0.0035489809829427964,7,6
A,61,14,0.999,0.535,0,0.7528064333323639,0.7327718234471525,0.020034609885211288,0.0035604816952761417,7,6
A,62,25,0.1,0.5075,0,0.7426503433081116,0.6684220540755766,0.07422828923253494,0.004617197285264901,9,8
A,62,25,0.5,0.52975,0,0.7391460909318522,0.6925528722932962,0.046593218638556026,0.0037117252355066328,9,8
A,62,25,0.9,0.54675,0,0.7867337969529772,0.7659036572665006,0.020830139686476772,0.0030023992866624618,9,8
A,62,25,0.99,0.50625,0,0.8038915797346344,0.8022845717101612,0.0016070080244732447,0.003052101700675831,9,8
A,62,25,0.999,0.5005,0,0.805724340455995,0.8067661940088201,-0.0010418535528252018,0.0030737996526889154,9,8
A,63,15,0.1,0.5215,0,0.7526469636191778,0.6633298964623039,0.08931706715687392,0.004661077349840145,5,4
A,63,15,0.5,0.5615,0,0.7549432984657491,0.6781966824088466,0.07674661605690257,0.004123321197800713,5,4
A,63,15,0.9,0.60375,0,0.7588687099959107,0.69117089340456,0.06769781659135074,0.003841206743290414,5,4
A,63,15,0.99,0.606,0,0.7597752812369545,0.6936309235649959,0.06614435767195866,0.0038020989608417754,5,4
A,63,15,0.999,0.60725,0,0.7598655984794431,0.6938678396140475,0.06599775886539563,0.0037985301793707245,5,4
A,64,18,0.1,0.504,0,0.7934017397942794,0.739014254225556,0.054387485568723304,0.003831805960606432,11,5
A,64,18,0.5,0.555,0,0.7749699149706755,0.7113239850527968,0.06364592991787865,0.0034200593668182308,11,5
A,64,18,0.9,0.58675,0,0.7793396691145152,0.7215226808044134,0.05781698831010176,0.003448798073920689,11,5
A,64,18,0.99,0.5755,0,0.7831764705599925,0.7282237997437612,0.054952670816231314,0.0035591714534815074,11,5
A,64,18,0.999,0.57475,0,0.7836128234414939,0.728958698777688,0.054654124663805904,0.0035726581432427677,11,5
A,65,15,0.1,0.51,0,0.6756463042514651,0.5282048894824974,0.1474414147689676,0.005499630753962807,7,3
A,65,15,0.5,0.573,0,0.7166870040315442,0.6092751675301527,0.10741183650139154,0.004316172833117869,7,3
A,65,15,0.9,0.623,0,0.7717867723313236,0.6820742893368036,0.08971248299452002,0.003942046183613685,7,3
A,65,15,0.99,0.62525,0,0.7865962318438273,0.6979532476326772,0.08864298421115012,0.004003946061573662,7,3
A,65,15,0.999,0.62675,0,0.7881204666776676,0.699533782359502,0.08858668431816552,0.0040133276116582186,7,3
A,66,16,0.1,0.511,0,0.748871445229385,0.6708145641463411,0.07805688108304396,0.004699896154256279,10,3
A,66,16,0.5,0.54075,0,0.7699030556195073,0.695936083979478,0.0739669716400294,0.0040467679797101825,10,3
A,66,16,0.9,0.6155,0,0.8264689689655457,0.7341519638920354,0.09231700507351022,0.003588252330069063,10,3
A,66,16,0.99,0.65125,0,0.8475975819140147,0.7445092064995137,0.10308837541450094,0.0036106037171669326,10,3
A,66,16,0.999,0.6555,0,0.8499548447054297,0.7455940347496319,0.10436080995579783,0.003617880293067448,10,3
A,67,17,0.1,0.50825,0,0.6662705903881724,0.518615446011028,0.14765514437714428,0.005348935727660698,9,7
A,67,17,0.5,0.576,0,0.6848353469299947,0.5830760367421368,0.10175931018785782,0.003647088037284895,9,7
A,67,17,0.9,0.666,0,0.7356209860381011,0.6496013204671235,0.08601966557097768,0.0029121656542884515,9,7
A,67,17,0.99,0.67175,0,0.7564309893436703,0.6657095820871184,0.09072140725655191,0.0030559316189387384,9,7
A,67,17,0.999,0.67075,0,0.7587832841695306,0.6673493920133474,0.09143389215618325,0.003080496561157533,9,7
A,68,12,0.1,0.49275,0,0.7508604327563003,0.6720969494408225,0.07876348331547772,0.004715193114734577,5,3
A,68,12,0.5,0.5325,0,0.7660190426488507,0.6987325677200942,0.06728647492875663,0.004206094383715304,5,3
A,68,12,0.9,0.5675,0,0.7924929980190596,0.7388789853750182,0.053614012644041434,0.003903750245480139,5,3
A,68,12,0.99,0.58075,0,0.8005975336730126,0.7499789624692415,0.050618571203771036,0.003933365246595419,5,3
A,68,12,0.999,0.579,0,0.8014661366895104,0.7511253720682703,0.05034076462123988,0.003939020588162514,5,3
A,69,13,0.1,0.5075,0,0.7496590033084883,0.6614658772322926,0.08819312607619573,0.004668145386526038,7,4
A,69,13,0.5,0.55625,0,0.753050506716723,0.6602490577391427,0.09280144897758034,0.004127360813045546,7,4
A,69,13,0.9,0.63075,0,0.7589920908007505,0.6583584323067198,0.1006336584940305,0.003918800202703839,7,4
A,69,13,0.99,0.651,0,0.7603945326751831,0.6579760709535197,0.10241846172166333,0.0038960055720576583,7,4
A,69,13,0.999,0.65275,0,0.7605344159795935,0.657940638863273,0.1025937771163205,0.003894088934319043,7,4
A,70,16,0.1,0.5005,0,0.754109519514452,0.6679842417874934,0.08612527772695877,0.004420658102394051,9,5
A,70,16,0.5,0.57,0,0.7707061858690076,0.6845179770182545,0.08618820885075326,0.003526204369190003,9,5
A,70,16,0.9,0.642,0,0.8066044322178392,0.7176418008874098,0.08896263133042934,0.0033024630690565854,9,5
A,70,16,0.99,0.65225,0,0.8175859092831392,0.7266119585111258,0.09097395077201338,0.003378577645005005,9,5
A,70,16,0.999,0.65175,0,0.8187702513503509,0.7275291536855971,0.09124109766475383,0.0033892812080882594,9,5
A,71,10,0.1,0.494,0,0.7922195117150047,0.7511878181437085,0.04103169357129636,0.003964920625817275,6,3
A,71,10,0.5,0.5155,0,0.7849821554022726,0.7511878181437085,0.033794337258564115,0.0038807962655497174,6,3
A,71,10,0.9,0.56,0,0.8044681503402593,0.7511878181437085,0.05328033219655087,0.003785910594782132,6,3
A,71,10,0.99,0.5835,0,0.8120063148021293,0.7511878181437086,0.06081849665842074,0.003800642168551899,6,3
A,71,10,0.999,0.58525,0,0.812813956683664,0.7511878181437085,0.06162613853995543,0.0038033310423348683,6,3
A,72,11,0.1,0.508,0,0.7898693993698273,0.7302650943722643,0.059604304997562994,0.003935956308649658,6,4
A,72,11,0.5,0.54875,0,0.7739964469526378,0.703240005042889,0.07075644190974885,0.003564937005654483,6,4
A,72,11,0.9,0.58,0,0.7769563516370923,0.7158671176602521,0.061089233976840095,0.0036067345845185047,6,4
A,72,11,0.99,0.58075,0,0.7796743513111415,0.7227994410175193,0.05687491029362226,0.0037160448953128377,6,4
A,72,11,0.999,0.5805,0,0.7799830367515969,0.7235577070461553,0.05642532970544163,0.003729374892495051,6,4
A,73,12,0.1,0.50475,0,0.7520973822100597,0.6682331485952859,0.08386423361477381,0.004722159220102122,5,3
A,73,12,0.5,0.5445,0,0.7368253379132789,0.6682331485952859,0.06859218931799285,0.004647566472341395,5,3
A,73,12,0.9,0.5515,0,0.7211994288357871,0.6682331485952859,0.05296628024050131,0.004685367362604923,5,3
A,73,12,0.99,0.54625,0,0.7179725740844869,0.6682331485952859,0.04973942548920081,0.004701231349864432,5,3
A,73,12,0.999,0.54675,0,0.7176597661603497,0.6682331485952858,0.04942661756506392,0.004702876852585788,5,3
A,74,10,0.1,0.5065,0,0.7438984121152039,0.6580402187547693,0.08585819336043451,0.004776451798387203,5,3
A,74,10,0.5,0.542,0,0.737684829810923,0.6580402187547693,0.07964461105615374,0.0046792943678874805,5,3
A,74,10,0.9,0.61125,0,0.7506120281163422,0.6580402187547693,0.09257180936157297,0.004718420217569874,5,3
A,74,10,0.99,0.62375,0,0.7565605905433397,0.6580402187547693,0.09852037178857043,0.004767505451072931,5,3
A,74,10,0.999,0.624,0,0.757217233520892,0.6580402187547691,0.09917701476612277,0.004773721553693142,5,3
A,75,13,0.1,0.51175,0,0.6647448439979399,0.5160230949520039,0.14872174904593577,0.0055103964021930765,7,3
A,75,13,0.5,0.5845,0,0.6972217747210503,0.5787999317126699,0.11842184300838039,0.004242814492447688,7,3
A,75,13,0.9,0.6755,0,0.7641463373123697,0.641090317085341,0.12305602022702876,0.0038115261127517086,7,3
A,75,13,0.99,0.69725,0,0.7877244548860944,0.6552350513123888,0.1324894035737057,0.003914543802542257,7,3
A,75,13,0.999,0.70075,0,0.7902908031902567,0.6566506443485224,0.13364015884173439,0.003931018411611467,7,3
A,76,14,0.1,0.512,0,0.7913450099531658,0.7461498798728655,0.04519513008030022,0.00402293631348031,5,3
A,76,14,0.5,0.526,0,0.7832913155797593,0.7461498798728655,0.0371414357068937,0.00396311345543992,5,3
A,76,14,0.9,0.5565,0,0.7918998727733657,0.7461498798728655,0.045749992900500164,0.0039619084038380395,5,3
A,76,14,0.99,0.57225,0,0.7972940818048759,0.7461498798728656,0.05114420193201036,0.003991953326936752,5,3
A,76,14,0.999,0.5735,0,0.797908367530127,0.7461498798728655,0.051758487657261515,0.00399625112918581,5,3
A,77,20,0.1,0.5125,0,0.6416092593325311,0.5031856131129222,0.13842364621960881,0.00537612399151324,10,4
A,77,20,0.5,0.55075,0,0.611138519054169,0.5500800940105198,0.06105842504364938,0.0038702061806680454,10,4
A,77,20,0.9,0.66225,0,0.7343318770371136,0.6418074248323881,0.09252445220472548,0.0032433736933540954,10,4
A,77,20,0.99,0.7345,0,0.8130859989762148,0.6684815770029731,0.1446044219732418,0.00352960612605208,10,4
A,77,20,0.999,0.743,0,0.8224123790353185,0.6712728679539164,0.15113951108140208,0.003577381777041704,10,4
A,78,13,0.1,0.5235,0,0.6443139093893754,0.5036785597400428,0.14063534964933247,0.005354228118198287,5,3
A,78,13,0.5,0.572,0,0.6045279645162284,0.5280643071338275,0.07646365738240087,0.0042020677418586165,5,3
A,78,13,0.9,0.5685,0,0.6229742034996667,0.5698184758972368,0.053155727602429925,0.004446330500619641,5,3
A,78,13,0.99,0.5565,0,0.6324362465551517,0.5805362513700095,0.05189999518514207,0.00467716155615189,5,3
A,78,13,0.999,0.555,0,0.6334558089664104,0.5816280877726263,0.05182772119378402,0.004702921635816519,5,3
A,79,24,0.1,0.516,0,0.6663260045375354,0.4956328766836417,0.17069312785389382,0.005250606369794686,14,3
A,79,24,0.5,0.651,0,0.6896608742121274,0.4984445676354673,0.19121630657666014,0.003889621949407923,14,3
A,79,24,0.9,0.76675,0,0.7462291943085267,0.5012562585872928,0.24497293572123396,0.004600954878995829,14,3
A,79,24,0.99,0.76125,0,0.7640556569640408,0.5018888890514537,0.26216676791258714,0.005026740878364174,14,3
A,79,24,0.999,0.76075,0,0.7659327070793042,0.5019521520978697,0.2639805549814346,0.005072991985362755,14,3
A,80,20,0.1,0.50775,0,0.6671404573951719,0.49607774939313765,0.17106270800203421,0.005441599653231826,9,2
A,80,20,0.5,0.62425,0,0.6803375631968827,0.4980191659390641,0.18231839725781857,0.00428567852551986,9,2
A,80,20,0.9,0.7905,0,0.7236348761002467,0.4991431439393373,0.22449173216090929,0.003937600120277728,9,2
A,80,20,0.99,0.81725,0,0.7371084843150225,0.4993337683489311,0.23777471596609148,0.00395992916380233,9,2
A,80,20,0.999,0.82175,0,0.7385194644811026,0.499351886727039,0.23916757775406364,0.003964245614988504,9,2
A,81,17,0.1,0.515,0,0.6554932845224869,0.5120628827083581,0.14343040181412875,0.005345608582143139,9,7
A,81,17,0.5,0.56325,0,0.6547510508957367,0.5789210414323088,0.07583000946342798,0.0036521318108813632,9,7
A,81,17,0.9,0.538,0,0.7235432345496144,0.6991981293752517,0.02434510517436269,0.0029106672901667904,9,7
A,81,17,0.99,0.52325,0,0.7603539850379957,0.7439565240251947,0.01639746101280113,0.0033198539873686953,9,7
A,81,17,0.999,0.52125,0,0.764591763984332,0.748886053741084,0.01570571024324799,0.0033822856566624376,9,7
A,82,13,0.1,0.51625,0,0.670850661813912,0.4985766873138289,0.17227397450008305,0.005296494617782787,9,2
A,82,13,0.5,0.62425,0,0.6932965065639921,0.49865682067272166,0.19463968589127043,0.004132108754991369,9,2
A,82,13,0.9,0.816,0,0.7496562049683965,0.4987032136699753,0.2509529912984211,0.003871325892587302,9,2
A,82,13,0.99,0.8525,0,0.7672803319591196,0.498711081829057,0.26856925013006266,0.003935884966329383,9,2
A,82,13,0.999,0.857,0,0.7691236864970676,0.4987118296781017,0.27041185681896596,0.003944847757073376,9,2
A,83,18,0.1,0.515,0,0.7966653389471062,0.7523336124263793,0.044331726520726845,0.0038166408927522194,8,5
A,83,18,0.5,0.5285,0,0.7940048456774793,0.7637359916106484,0.03026885406683093,0.00333139538688599,8,5
A,83,18,0.9,0.52175,0,0.7996375113485853,0.7811564007935359,0.01848111055504938,0.003243758064875932,8,5
A,83,18,0.99,0.517,0,0.8017982036547351,0.7860025411250147,0.015795662529720395,0.003283981747115987,8,5
A,83,18,0.999,0.517,0,0.8020319538958921,0.7865113913299814,0.01552056256591077,0.0032894117617116424,8,5
A,84,12,0.1,0.506,0,0.754046150596743,0.6727828003375373,0.08126335025920564,0.00449957480099417,5,4
A,84,12,0.5,0.544,0,0.7632722997305786,0.6902243502351271,0.07304794949545167,0.003878558453548296,5,4
A,84,12,0.9,0.60025,0,0.7691559956685515,0.699814209174138,0.06934178649441342,0.003698158458515425,5,4
A,84,12,0.99,0.6075,0,0.7701545468856432,0.7013399203919378,0.06881462649370539,0.003683077611990317,5,4
A,84,12,0.999,0.60825,0,0.7702486141153122,0.7014826937527985,0.06876592036251358,0.003681886074604883,5,4
A,85,10,0.1,0.5155,0,0.6648390472189828,0.5004526240229014,0.1643864231960814,0.005755532393557032,5,1
A,85,10,0.5,0.594,0,0.6898918429944636,0.5004526240229015,0.18943921897156196,0.005394486084234318,5,1
A,85,10,0.9,0.71775,0,0.747244421522771,0.5004526240229015,0.24679179749986951,0.005335100663854494,5,1
A,85,10,0.99,0.757,0,0.7643140356590272,0.5004526240229015,0.2638614116361258,0.00539539303498154,5,1
A,85,10,0.999,0.76,0,0.7661143270431092,0.5004526240229014,0.26566170302020786,0.005403362020801471,5,1
A,86,19,0.1,0.52325,0,0.6762839350693487,0.5159639221973535,0.1603200128719951,0.0055830622069753385,10,6
A,86,19,0.5,0.597,0,0.7093709695105384,0.5956960252858775,0.11367494422466089,0.004353149954452914,10,6
A,86,19,0.9,0.58075,0,0.7568875817156001,0.7046589844966168,0.05222859721898348,0.00354541192974682,10,6
A,86,19,0.99,0.5515,0,0.7717401736338357,0.734163348359808,0.037576825274027885,0.0035000391933635872,10,6
A,86,19,0.999,0.54775,0,0.7733235235338168,0.7372358985350583,0.036087624998758616,0.00350036809382746,10,6
A,87,11,0.1,0.507,0,0.8004562724825826,0.7514492816879257,0.04900699079465686,0.003991855551478867,5,3
A,87,11,0.5,0.5295,0,0.8034839034005825,0.7514492816879257,0.052034621712656944,0.0039503619381748,5,3
A,87,11,0.9,0.5585,0,0.8063195011110205,0.7514492816879256,0.0548702194230949,0.003911527054873402,5,3
A,87,11,0.99,0.568,0,0.8069187947740306,0.7514492816879257,0.05546951308610496,0.0039040388250906628,5,3
A,87,11,0.999,0.56925,0,0.8069769172313018,0.7514492816879256,0.055527635543376364,0.003903325114474894,5,3
A,88,21,0.1,0.50725,0,0.7872923198451482,0.7417778800870019,0.0455144397581464,0.0037960764403361233,11,7
A,88,21,0.5,0.535,0,0.7546277274543947,0.7162515227911624,0.03837620466323226,0.0032466692773413224,11,7
A,88,21,0.9,0.5435,0,0.7515459366696113,0.7245295327699557,0.027016403899655556,0.0033039505851045732,11,7
A,88,21,0.99,0.53825,0,0.7554807457080371,0.7309445238877842,0.02453622182025287,0.003464807959101919,11,7
A,88,21,0.999,0.53675,0,0.7559604246883476,0.7316580725764613,0.02430235211188608,0.003484527968848453,11,7
A,89,19,0.1,0.4975,0,0.7967932124935444,0.7431643027250625,0.05362890976848199,0.003789887897264753,10,5
A,89,19,0.5,0.53825,0,0.796302543166194,0.735947890028161,0.06035465313803305,0.003325439716045141,10,5
A,89,19,0.9,0.6045,0,0.8084068325906166,0.7480920891231805,0.060314743467436274,0.0032299609406687925,10,5
A,89,19,0.99,0.60975,0,0.8127758675788556,0.7525073647136089,0.0602685028652467,0.0032744714858631914,10,5
A,89,19,0.999,0.6115,0,0.8132384749379965,0.7529778275219905,0.06026064741600602,0.003280540836901684,10,5
A,90,9,0.1,0.50325,0,0.7502470961440311,0.6654061561514791,0.08484093999255188,0.004855872551821509,3,2
A,90,9,0.5,0.546,0,0.7502470961440311,0.6654061561514794,0.08484093999255186,0.00485587255182151,3,2
A,90,9,0.9,0.59,0,0.7502470961440311,0.6654061561514792,0.08484093999255186,0.004855872551821509,3,2
A,90,9,0.99,0.5975,0,0.7502470961440311,0.6654061561514794,0.08484093999255188,0.00485587255182151,3,2
A,90,9,0.999,0.59975,0,0.750247096144031,0.6654061561514791,0.08484093999255185,0.004855872551821508,3,2
A,91,10,0.1,0.501,0,0.7784203911366961,0.7321701747735151,0.0462502163631811,0.0038450751767962884,5,4
A,91,10,0.5,0.51825,0,0.7306258080010473,0.6895696143706537,0.04105619363039358,0.0037561079153034644,5,4
A,91,10,0.9,0.544,0,0.7058751774286163,0.6711392139417475,0.03473596348686891,0.003949876015885081,5,4
A,91,10,0.99,0.54475,0,0.7020360058862509,0.6687188900606318,0.03331711582561895,0.003997510918523611,5,4
A,91,10,0.999,0.54325,0,0.7016765673743122,0.6684994247563889,0.033177142617923316,0.004002241447049512,5,4
A,92,22,0.1,0.508,0,0.7516114884872972,0.6803827131966899,0.07122877529060725,0.004576669729707293,9,6
A,92,22,0.5,0.53875,0,0.7707991070967164,0.7152509006862781,0.05554820641043816,0.003762882043564544,9,6
A,92,22,0.9,0.5915,0,0.8149981840010573,0.7620745543972641,0.05292362960379324,0.003152186497166297,9,6
A,92,22,0.99,0.59175,0,0.8328542783301324,0.7790213585228188,0.05383291980731366,0.0032011340655632133,9,6
A,92,22,0.999,0.59025,0,0.8348707926377055,0.7809033940510723,0.05396739858663311,0.003215438292397864,9,6
A,93,15,0.1,0.5065,0,0.7861492433263816,0.7407097210326653,0.045439522293716186,0.0037530876059490375,6,5
A,93,15,0.5,0.52325,0,0.7571256428922291,0.7185539648822848,0.038571678009944294,0.0034206346908995247,6,5
A,93,15,0.9,0.551,0,0.7560179452711107,0.721210651564858,0.03480729370625275,0.003564860652909684,6,5
A,93,15,0.99,0.54725,0,0.7584553321728348,0.7241385462273477,0.0343167859454871,0.003665487891084606,6,5
A,93,15,0.999,0.54525,0,0.7587402217203771,0.7244729466533849,0.03426727506699214,0.0036771297894070097,6,5
A,94,16,0.1,0.51925,0,0.6531564287037034,0.498753366738325,0.15440306196537837,0.005375757223383492,5,3
A,94,16,0.5,0.592,0,0.6440462426395014,0.5251221881035248,0.11892405453597656,0.004184086610233604,5,3
A,94,16,0.9,0.64875,0,0.6852997543845953,0.5683818974185192,0.11691785696607604,0.004561152527117986,5,3
A,94,16,0.99,0.64975,0,0.6985968168855018,0.5794020420873272,0.11919477479817454,0.004862239488908543,5,3
A,94,16,0.999,0.648,0,0.6999752895157696,0.5805235639044002,0.1194517256113696,0.0048957239638412935,5,3
A,95,18,0.1,0.502,0,0.791766979135726,0.7401894860345519,0.05157749310117425,0.003815571020373451,7,6
A,95,18,0.5,0.54125,0,0.7817597308863223,0.729732426301946,0.05202730458437628,0.0033219507115399586,7,6
A,95,18,0.9,0.59575,0,0.7929674710662026,0.7411211202059262,0.05184635086027629,0.003340847179509978,7,6
A,95,18,0.99,0.5995,0,0.7981116229571471,0.7461443484741987,0.051967274482948425,0.00343530165929435,7,6
A,95,18,0.999,0.5975,0,0.7986819316921963,0.7466885243287773,0.05199340736341895,0.003447027656958745,7,6
A,96,11,0.1,0.515,0,0.793885740722475,0.7492995879578211,0.044586152764653934,0.004009224463365112,6,4
A,96,11,0.5,0.52725,0,0.7897996283291607,0.7625735445403287,0.027226083788832085,0.0037393635581347436,6,4
A,96,11,0.9,0.52225,0,0.8052379610588496,0.7888458878763747,0.01639207318247485,0.0035126209402839507,6,4
A,96,11,0.99,0.52275,0,0.811970157024866,0.7973246334130474,0.014645523611818562,0.00352885594399896,6,4
A,96,11,0.999,0.52125,0,0.8127245743908958,0.798231064629421,0.014493509761474873,0.0035333777896441663,6,4
A,97,17,0.1,0.525,0,0.6719468507580912,0.5052839186408314,0.1666629321172598,0.005412631037743455,9,6
A,97,17,0.5,0.62825,0,0.6977827441263985,0.5560693609986345,0.1417133831277641,0.003863903225179406,9,6
A,97,17,0.9,0.66225,0,0.7570669140118219,0.6702538359859121,0.08681307802590979,0.003214978847032083,9,6
A,97,17,0.99,0.63,0,0.7758743409901608,0.7050852200787442,0.07078912091141645,0.0033745158038954908,9,6
A,97,17,0.999,0.62275,0,0.7778910650357392,0.7087549753957082,0.06913608964003094,0.003399745760814956,9,6
A,98,12,0.1,0.532,0,0.6661358994927131,0.5249379684075541,0.14119793108515905,0.005501226205374429,7,4
A,98,12,0.5,0.5685,0,0.6893166450114643,0.6110827177336295,0.07823392727783465,0.004270291994160407,7,4
A,98,12,0.9,0.55575,0,0.7357251789389777,0.6961283052383683,0.0395968737006095,0.0037411522419653004,7,4
A,98,12,0.99,0.54175,0,0.7477586591240918,0.7156588839585226,0.0320997751655689,0.003766415088795113,7,4
A,98,12,0.999,0.5405,0,0.748978784398316,0.7176216810840069,0.03135710331430906,0.0037722620157821275,7,4
A,99,24,0.1,0.5085,0,0.7453039362545678,0.663755508400307,0.0815484278542609,0.004474091615044466,14,8
A,99,24,0.5,0.56525,0,0.7441968971011463,0.6627798530653963,0.08141704403575005,0.00333549043328785,14,8
A,99,24,0.9,0.679,0,0.7799214007149967,0.6793123013141508,0.10060909940084582,0.003078050151054033,14,8
A,99,24,0.99,0.701,0,0.7971856140796953,0.6848772601069528,0.11230835397274261,0.0032048333794708664,14,8
A,99,24,0.999,0.70325,0,0.7991523506215376,0.6854670907900989,0.11368525983143858,0.0032228086805326083,14,8
A,100,10,0.1,0.525,0,0.6657496662494461,0.5200664191440112,0.14568324710543493,0.005465807530139732,5,4
A,100,10,0.5,0.573,0,0.6916042819027,0.5972839293500339,0.09432035255266596,0.004393368324980133,5,4
A,100,10,0.9,0.57875,0,0.7166189169136206,0.6633076714771942,0.053311245436426444,0.003889410078799499,5,4
A,100,10,0.99,0.5705,0,0.7220660425971416,0.6778443760307041,0.044221666566437466,0.003850425973610048,5,4
A,100,10,0.999,0.57,0,0.7226082112789854,0.6792963803029991,0.04331183097598642,0.0038481016267715,5,4
A,101,21,0.1,0.521,0,0.7488336126362221,0.6536228168747107,0.09521079576151122,0.004409091744398037,11,5
A,101,21,0.5,0.58,0,0.7456346228061186,0.6479948479288484,0.09763977487727007,0.0032893003500324113,11,5
A,101,21,0.9,0.63575,0,0.7653314638710238,0.681683361549499,0.0836481023215245,0.003117269381966113,11,5
A,101,21,0.99,0.63775,0,0.7728063079658061,0.692066402066047,0.08073990589975931,0.003259088341315681,11,5
A,101,21,0.999,0.63875,0,0.7736037433376748,0.6931386069432365,0.08046513639443828,0.0032766655985852744,11,5
A,102,12,0.1,0.52475,0,0.7981419233752786,0.7468135314661986,0.05132839190907994,0.003979572122886936,5,3
A,102,12,0.5,0.53875,0,0.7909243030589791,0.7468135314661987,0.04411077159278041,0.003950490657778299,5,3
A,102,12,0.9,0.546,0,0.7881081986138707,0.7468135314661986,0.04129466714767204,0.00395516043902039,5,3
A,102,12,0.99,0.55,0,0.7877190989431803,0.7468135314661988,0.040905567476981444,0.003957190724355326,5,3
A,102,12,0.999,0.55075,0,0.787684058714163,0.7468135314661986,0.04087052724796442,0.003957379515621963,5,3
A,103,21,0.1,0.51875,0,0.6658119207684943,0.5048490202112422,0.16096290055725213,0.005310707355919168,11,8
A,103,21,0.5,0.59775,0,0.6667713825170638,0.5426045499291761,0.12416683258788776,0.003833615432727293,11,8
A,103,21,0.9,0.6235,0,0.713102913141236,0.6470797185257074,0.06602319461552852,0.0032647723518901143,11,8
A,103,21,0.99,0.5985,0,0.7373794861377367,0.6848225917863007,0.05255689435143604,0.0033320739597461234,11,8
A,103,21,0.999,0.5965,0,0.7402250531265199,0.6889816209718905,0.05124343215462948,0.003347723293622778,11,8
A,104,17,0.1,0.50025,0,0.7987156912011961,0.7518290917928052,0.046886599408390836,0.003941434923503845,11,3
A,104,17,0.5,0.52475,0,0.8009003554444112,0.7518290917928052,0.04907126365160586,0.003761122767368326,11,3
A,104,17,0.9,0.58625,0,0.8313260489278081,0.7518290917928052,0.07949695713500292,0.003568492156428526,11,3
A,104,17,0.99,0.63225,0,0.8469201702721866,0.7518290917928054,0.09509107847938128,0.0035779310539158313,11,3
A,104,17,0.999,0.63875,0,0.8487611805380318,0.7518290917928052,0.09693208874522648,0.0035821250792676704,11,3
A,105,18,0.1,0.523,0,0.7850183167696594,0.7362903185316004,0.048727998238059005,0.00370619233230836,8,7
A,105,18,0.5,0.545,0,0.7523126730406703,0.7086817521431941,0.04363092089747623,0.0030224664991078862,8,7
A,105,18,0.9,0.57325,0,0.7524947226364811,0.7152820130226489,0.037212709613832225,0.0030418734383919764,8,7
A,105,18,0.99,0.573,0,0.7578502942451609,0.7215835391985086,0.03626675504665238,0.003213200326735587,8,7
A,105,18,0.999,0.57375,0,0.7584640962602417,0.7222976045496766,0.036166491710565164,0.003234143963665509,8,7
A,106,16,0.1,0.49975,0,0.7873591190321328,0.7457660458693426,0.04159307316279014,0.0038408528498423745,9,5
A,106,16,0.5,0.5265,0,0.7908839750842667,0.7481133005485631,0.04277067453570369,0.0033255605996203295,9,5
A,106,16,0.9,0.57875,0,0.839145334834313,0.7872189725811761,0.051926362253136904,0.0030005918866255325,9,5
A,106,16,0.99,0.592,0,0.8570250598846381,0.803276409781685,0.05374865010295308,0.00309591633089966,9,5
A,106,16,0.999,0.5965,0,0.8589832078341743,0.8050552079854276,0.05392799984874656,0.0031122605080235706,9,5
A,107,16,0.1,0.51575,0,0.7855215749190291,0.7347248613199232,0.050796713599105814,0.003861979882403309,6,4
A,107,16,0.5,0.52975,0,0.7351936187475319,0.6973782159553528,0.037815402792179126,0.0037290177310339762,6,4
A,107,16,0.9,0.53125,0,0.7007272111027514,0.6809260658195995,0.01980114528315204,0.0038962347035956697,6,4
A,107,16,0.99,0.52225,0,0.6944326823455722,0.6785962406529725,0.015836441692599817,0.003954071443716691,6,4
A,107,16,0.999,0.5215,0,0.6938350035062502,0.6783829171741904,0.015452086332059842,0.0039599142023922194,6,4
A,108,15,0.1,0.516,0,0.6541997928911565,0.5195889681280831,0.13461082476307337,0.0054472360778557395,8,6
A,108,15,0.5,0.5605,0,0.6668167872404547,0.5873633921638983,0.07945339507655647,0.003678870407279973,8,6
A,108,15,0.9,0.645,0,0.7296512984331893,0.6426465637824313,0.08700473465075806,0.0034144677654611285,8,6
A,108,15,0.99,0.65725,0,0.7480922671920667,0.6552013760095604,0.09289089118250624,0.0036251566580045554,8,6
A,108,15,0.999,0.65775,0,0.7499873839571428,0.6564660681325538,0.09352131582458884,0.0036505421837392036,8,6
A,109,22,0.1,0.50475,0,0.6654531767314791,0.5067574011518824,0.15869577557959674,0.005882009819071925,2,1
A,109,22,0.5,0.56975,0,0.6654531767314792,0.5067574011518825,0.15869577557959666,0.005882009819071926,2,1
A,109,22,0.9,0.64225,0,0.6654531767314791,0.5067574011518824,0.15869577557959666,0.005882009819071925,2,1
A,109,22,0.99,0.657,0,0.6654531767314792,0.5067574011518825,0.15869577557959666,0.005882009819071927,2,1
A,109,22,0.999,0.65825,0,0.6654531767314791,0.5067574011518824,0.15869577557959666,0.0058820098190719245,2,1
A,110,11,0.1,0.51325,0,0.8048487761649851,0.751796055399482,0.053052720765503034,0.003883826897549069,4,3
A,110,11,0.5,0.543,0,0.8048487761649851,0.7517960553994821,0.05305272076550303,0.003883826897549069,4,3
A,110,11,0.9,0.57375,0,0.804848776164985,0.7517960553994819,0.05305272076550296,0.003883826897549068,4,3
A,110,11,0.99,0.5785,0,0.8048487761649851,0.7517960553994821,0.053052720765502985,0.003883826897549069,4,3
A,110,11,0.999,0.5795,0,0.8048487761649848,0.7517960553994819,0.05305272076550292,0.003883826897549068,4,3
A,111,23,0.1,0.5075,0,0.7850263648586424,0.7400506582228964,0.044975706635746106,0.00368936718597835,12,5
A,111,23,0.5,0.54375,0,0.7638578358630382,0.707895857005211,0.05596197885782725,0.0032597387551073437,12,5
A,111,23,0.9,0.63875,0,0.7910712412274893,0.6917510225683525,0.09932021865913683,0.0034835513742845574,12,5
A,111,23,0.99,0.6775,0,0.80906288215611,0.6903819116216422,0.11868097053446783,0.003666084679125742,12,5
A,111,23,0.999,0.68,0,0.8111943965211084,0.6902887492614908,0.12090564725961755,0.0036888276357111317,12,5
A,112,15,0.1,0.49425,0,0.7392989426877521,0.6737400625877884,0.06555888009996363,0.004383751687433622,8,6
A,112,15,0.5,0.5355,0,0.7310655388110293,0.6760831766809619,0.054982362130067436,0.0032887126575160395,8,6
A,112,15,0.9,0.62025,0,0.7634631164340221,0.6912976573441384,0.07216545908988374,0.003247586139584159,8,6
A,112,15,0.99,0.6395,0,0.7755858887641293,0.6965169185946063,0.079068970169523,0.0033921774242858696,8,6
A,112,15,0.999,0.6405,0,0.776865248618419,0.697069860627703,0.07979538799071581,0.003409490924163795,8,6
A,113,20,0.1,0.4965,0,0.7929431371439852,0.7479971131745303,0.04494602396945488,0.0037242020151254576,9,7
A,113,20,0.5,0.5175,0,0.7778808121975972,0.7503082138318361,0.027572598365761092,0.003099436691250926,9,7
A,113,20,0.9,0.5345,0,0.7744880291640585,0.7562917819546648,0.018196247209393675,0.0029400416210118405,9,7
A,113,20,0.99,0.53175,0,0.7746240972422156,0.7583191117904441,0.01630498545177144,0.0029573191008242365,9,7
A,113,20,0.999,0.532,0,0.7746528223876631,0.7585342345426416,0.016118587845021428,0.0029600598491880395,9,7
A,114,11,0.1,0.5105,0,0.6555846558476458,0.5144771531471788,0.14110750270046696,0.005453216332986103,5,4
A,114,11,0.5,0.5485,0,0.6637023137178856,0.5889837725884699,0.07471854112941555,0.003945699481169499,5,4
A,114,11,0.9,0.56575,0,0.7070747240774016,0.6631804771254814,0.04389424695192011,0.00364623419376541,5,4
A,114,11,0.99,0.56325,0,0.7197018590451447,0.6796385477732023,0.04006331127194241,0.0037690768783981035,5,4
A,114,11,0.999,0.562,0,0.7210057361975037,0.68128030961223,0.039725426585273775,0.0037848748359947987,5,4
A,115,13,0.1,0.50725,0,0.8035787012724815,0.7496244214092638,0.05395427986321788,0.003980849009997912,7,3
A,115,13,0.5,0.54275,0,0.8173574324818061,0.7496244214092638,0.06773301107254244,0.003811284890712041,7,3
A,115,13,0.9,0.62325,0,0.8456690219887163,0.7496244214092638,0.0960446005794526,0.003621434219109593,7,3
A,115,13,0.99,0.66825,0,0.8581383425915109,0.7496244214092638,0.10851392118224706,0.003611432456501134,7,3
A,115,13,0.999,0.6735,0,0.8596432103711507,0.7496244214092638,0.11001878896188694,0.0036127358453904293,7,3
A,116,14,0.1,0.498,0,0.7347936622661837,0.6589751122063116,0.07581855005987204,0.004762949399690797,6,2
A,116,14,0.5,0.545,0,0.7127099810925536,0.6185187400038434,0.09419124108871012,0.004488737281683793,6,2
A,116,14,0.9,0.701,0,0.7761580789036562,0.5950966297813618,0.18106144912229435,0.004287945599092554,6,2
A,116,14,0.99,0.76725,0,0.8078892902600453,0.5911242869672474,0.216765003292798,0.004343713972066507,6,2
A,116,14,0.999,0.77625,0,0.8114946447385066,0.5907467256192362,0.22074791911927047,0.004355076543913041,6,2
A,117,14,0.1,0.5065,0,0.6651447604781197,0.5290969247784422,0.1360478356996775,0.005460450969131932,7,5
A,117,14,0.5,0.5555,0,0.6845888561151289,0.6070350585886402,0.0775537975264887,0.004343481690261045,7,5
A,117,14,0.9,0.585,0,0.7108993036412089,0.6604579548767311,0.05044134876447781,0.0037318274628065067,7,5
A,117,14,0.99,0.585,0,0.716419099219359,0.669790774871952,0.04662832434740695,0.00363957132676961,7,5
A,117,14,0.999,0.5855,0,0.7169559172954637,0.6706766192396194,0.04627929805584425,0.0036310486553827667,7,5
A,118,22,0.1,0.50525,0,0.7847765675145877,0.7383590859677969,0.04641748154679078,0.003807992549682057,14,6
A,118,22,0.5,0.53575,0,0.770733330565537,0.7313279792701765,0.03940535129536049,0.00327560344722052,14,6
A,118,22,0.9,0.6145,0,0.812887428033221,0.749787069271986,0.06310035876123483,0.003044625388783119,14,6
A,118,22,0.99,0.64,0,0.8307972149423352,0.7555877934514313,0.0752094214909037,0.00311379319062866,14,6
A,118,22,0.999,0.64225,0,0.8327685817354825,0.756189579363107,0.07657900237237528,0.0031248264958255016,14,6
A,119,14,0.1,0.50175,0,0.7957852260870762,0.7530320224058802,0.04275320368119603,0.003887898804800371,6,3
A,119,14,0.5,0.511,0,0.7780283032186787,0.7530320224058803,0.02499628081279831,0.003911188106234178,6,3
A,119,14,0.9,0.51075,0,0.7677824598458746,0.7530320224058802,0.014750437439994326,0.004009040509036902,6,3
A,119,14,0.99,0.5075,0,0.7661122393945348,0.7530320224058803,0.013080216988654513,0.004030706328738647,6,3
A,119,14,0.999,0.50725,0,0.765955267254752,0.7530320224058802,0.012923244848871805,0.0040328384921680905,6,3
A,120,21,0.1,0.515,0,0.6718104212924293,0.5179918824124848,0.15381853887994434,0.005308682207664029,12,6
A,120,21,0.5,0.58,0,0.7013656290754627,0.5942075645173945,0.10715806455806813,0.0035228996677079726,12,6
A,120,21,0.9,0.70175,0,0.7885620004856091,0.685279406070592,0.10328259441501711,0.0028577381233061802,12,6
A,120,21,0.99,0.71625,0,0.8214142885198403,0.7086640684844274,0.11275022003541293,0.0030564667146704126,12,6
A,120,21,0.999,0.718,0,0.8250261333453639,0.7110694770899864,0.11395665625537751,0.0030855235993036767,12,6
A,121,21,0.1,0.49875,0,0.7929469181999516,0.7409429942653304,0.0520039239346212,0.0037489975304251925,7,5
A,121,21,0.5,0.53275,0,0.7746913080418543,0.7350310525408161,0.03966025550103814,0.0032603566778077837,7,5
A,121,21,0.9,0.5505,0,0.7737086667707566,0.744122528414601,0.02958613835615557,0.0033263222826223396,7,5
A,121,21,0.99,0.55025,0,0.7748931006119092,0.7477785544113681,0.02711454620054119,0.003412075289460344,7,5
A,121,21,0.999,0.55075,0,0.7750307396401234,0.7481733009804227,0.026857438659700483,0.0034220964855267775,7,5
A,122,19,0.1,0.49825,0,0.7960957689777373,0.7470211006649152,0.049074668312821985,0.003662049112788608,10,7
A,122,19,0.5,0.543,0,0.7904258067128744,0.7349986527169199,0.05542715399595453,0.002863938330597099,10,7
A,122,19,0.9,0.62875,0,0.7963672952234893,0.7351297107214861,0.06123758450200306,0.0028459671577579205,10,7
A,122,19,0.99,0.62925,0,0.7991539658840051,0.7368453320483208,0.06230863383568439,0.002949126937021273,10,7
A,122,19,0.999,0.6295,0,0.7994631758322578,0.7370482710426857,0.06241490478957227,0.0029613371926087866,10,7
A,123,11,0.1,0.52225,0,0.6745655264972452,0.49091562502974534,0.18364990146749977,0.005808650979960316,7,1
A,123,11,0.5,0.60625,0,0.6905215760574474,0.4909156250297455,0.19960595102770173,0.005345554914759477,7,1
A,123,11,0.9,0.696,0,0.707439939022204,0.49091562502974545,0.21652431399245864,0.005166760891852211,7,1
A,123,11,0.99,0.72075,0,0.7121548143219443,0.4909156250297455,0.22123918929219874,0.005182629061368718,7,1
A,123,11,0.999,0.7215,0,0.7126471916919098,0.49091562502974545,0.22173156666216437,0.00518532417867702,7,1
A,124,20,0.1,0.507,0,0.7410455815679623,0.6449747018898696,0.0960708796780925,0.004466002563149757,9,4
A,124,20,0.5,0.559,0,0.7243516378864242,0.6323172994973398,0.09203433838908436,0.003558950606135818,9,4
A,124,20,0.9,0.64925,0,0.7604803317205351,0.6605406433606184,0.09993968835991675,0.0034843696886463988,9,4
A,124,20,0.99,0.674,0,0.7852932247109645,0.6705940009943484,0.11469922371661613,0.0036697355355371393,9,4
A,124,20,0.999,0.67875,0,0.7883226792604586,0.6716458908634259,0.11667678839703284,0.0036979400258805874,9,4
A,125,13,0.1,0.4955,0,0.6682804147023972,0.5136904116092365,0.1545900030931607,0.0053428617567183034,6,3
A,125,13,0.5,0.5695,0,0.6837035656969376,0.56023352411724,0.12347004157969763,0.004023187466316498,6,3
A,125,13,0.9,0.688,0,0.7143561686938715,0.5878867324796684,0.1264694362142031,0.0036744868721288655,6,3
A,125,13,0.99,0.70725,0,0.7241394717855637,0.5924848286516259,0.13165464313393788,0.003714379262981685,6,3
A,125,13,0.999,0.7095,0,0.7251593083581261,0.5929194985950195,0.13223980976310662,0.0037205523734470027,6,3
A,126,15,0.1,0.515,0,0.6742038781840799,0.5201399465686228,0.15406393161545712,0.005326549807367641,8,5
A,126,15,0.5,0.59,0,0.719900659418911,0.6081889132241601,0.11171174619475079,0.00372989724164601,8,5
A,126,15,0.9,0.62775,0,0.7903279882488227,0.7184607023621212,0.07186728588670147,0.0031409415125179196,8,5
A,126,15,0.99,0.60125,0,0.8106013012206477,0.7500034754470262,0.06059782577362155,0.003300428405516772,8,5
A,126,15,0.999,0.5975,0,0.8127124823452205,0.7533077721926721,0.059404710152548404,0.0033241086158307467,8,5
A,127,17,0.1,0.51375,0,0.6659176187681637,0.5044218106628795,0.1614958081052843,0.005351351402763931,7,4
A,127,17,0.5,0.6065,0,0.6899536189519656,0.5380034202512645,0.15195019870070098,0.003967904621450919,7,4
A,127,17,0.9,0.70575,0,0.718353346622456,0.5910319798938918,0.1273213667285643,0.003509308146418406,7,4
A,127,17,0.99,0.698,0,0.7254683593662749,0.6040810826109697,0.12138727675530518,0.0035371356995441234,7,4
A,127,17,0.999,0.69675,0,0.7261946723236249,0.6054009575279796,0.12079371479564528,0.0035425211605266496,7,4
A,128,12,0.1,0.517,0,0.6644015800497841,0.5230758159696249,0.14132576408015915,0.00547928489979711,7,3
A,128,12,0.5,0.5895,0,0.6842712959346652,0.5627439467356868,0.12152734919897847,0.004414583235974551,7,3
A,128,12,0.9,0.72325,0,0.739121344136895,0.5857097066528806,0.1534116374840144,0.0037387416526270807,7,3
A,128,12,0.99,0.76875,0,0.7660338758830099,0.5896046533725048,0.17642922251050502,0.003721380010467175,7,3
A,128,12,0.999,0.77125,0,0.7692535544249115,0.5899748584133984,0.17927869601151317,0.0037289921238928044,7,3
A,129,12,0.1,0.498,0,0.7910597845047026,0.7366619717092018,0.05439781279550085,0.0039720431871671635,7,4
A,129,12,0.5,0.55325,0,0.7858270104094152,0.7157070749211325,0.07011993548828271,0.0038492469138482616,7,4
A,129,12,0.9,0.66575,0,0.8212126428196912,0.7094491872029498,0.11176345561674142,0.0036846194981022574,7,4
A,129,12,0.99,0.7035,0,0.8399076884621798,0.7089723827515109,0.1309353057106688,0.0036973026366586433,7,4
A,129,12,0.999,0.70975,0,0.8420818192777498,0.7089337107593123,0.13314810851843747,0.003702666920675934,7,4
A,130,11,0.1,0.5065,0,0.649640239152564,0.502982300643185,0.14665793850937894,0.005348586996799085,7,3
A,130,11,0.5,0.57825,0,0.6497826410539189,0.54168918247212,0.10809345858179904,0.004007572192111646,7,3
A,130,11,0.9,0.666,0,0.7205242695670954,0.6005305862801954,0.11999368328690008,0.0038888738819932867,7,3
A,130,11,0.99,0.68525,0,0.752566417607873,0.6148585472222353,0.1377078703856377,0.004112348195109951,7,3
A,130,11,0.999,0.68825,0,0.7562392081023306,0.6163050667061365,0.13993414139619414,0.004143746345015878,7,3
A,131,15,0.1,0.5075,0,0.7415027172512955,0.6590119382219543,0.08249077902934128,0.004524352331062779,11,3
A,131,15,0.5,0.55175,0,0.738323552839421,0.6591129891603464,0.07921056367907449,0.0038887440411465553,11,3
A,131,15,0.9,0.6105,0,0.7745587138172233,0.6868368374474748,0.08772187636974835,0.0038022433410618943,11,3
A,131,15,0.99,0.62225,0,0.788938995188773,0.6957100879007375,0.09322890728803536,0.003928334262350228,11,3
A,131,15,0.999,0.62175,0,0.7904725396433059,0.6966584991219034,0.09381404052140255,0.0039448263987730495,11,3
A,132,15,0.1,0.5,0,0.6587353208724844,0.5196998161073587,0.13903550476512574,0.005511383021706016,6,5
A,132,15,0.5,0.53125,0,0.6639252567425784,0.6143961053972531,0.04952915134532525,0.004262497726405856,6,5
A,132,15,0.9,0.512,0,0.7359307277207285,0.7303568931070572,0.005573834613671313,0.003729879364406214,6,5
A,132,15,0.99,0.5015,0,0.7629825878889562,0.7624567921561285,0.0005257957328277078,0.0038990847800689757,6,5
A,132,15,0.999,0.5025,0,0.7658989050882198,0.7658219660163754,7.693907184430038e-05,0.003925021879460927,6,5
A,133,19,0.1,0.51825,0,0.6649981310742453,0.511515419743533,0.15348271133071228,0.005299017503068457,11,6
A,133,19,0.5,0.58375,0,0.691916330320541,0.5851288174205221,0.10678751290001873,0.003731758395697701,11,6
A,133,19,0.9,0.68725,0,0.7888521680660064,0.6858473613000652,0.10300480676594133,0.0029972367299097476,11,6
A,133,19,0.99,0.70875,0,0.8240185392780631,0.7145020553295609,0.10951648394850219,0.003077141708258264,11,6
A,133,19,0.999,0.709,0,0.8278324842691281,0.7175111188802127,0.11032136538891538,0.003093141166723717,11,6
A,134,11,0.1,0.494,0,0.7491174613618096,0.6648719583981635,0.08424550296364584,0.004669046849183428,5,3
A,134,11,0.5,0.5445,0,0.7533380934154905,0.6797194638365687,0.07361862957892186,0.004256794562533719,5,3
A,134,11,0.9,0.61775,0,0.7774910376119502,0.690531772217038,0.08695926539491189,0.004036718612477622,5,3
A,134,11,0.99,0.63475,0,0.7861280529971794,0.6924982208506721,0.09362983214650732,0.0040353429550994075,5,3
A,134,11,0.999,0.6355,0,0.7870501933809946,0.6926875052867562,0.09436268809423837,0.004036527037734857,5,3
A,135,13,0.1,0.51825,0,0.734325502913161,0.6523365026623579,0.08198900025080307,0.004808226615692731,7,3
A,135,13,0.5,0.59075,0,0.6989019672258842,0.5833284450850186,0.11557352214086558,0.004669630360385466,7,3
A,135,13,0.9,0.685,0,0.6906453279158774,0.514320387507679,0.1763249404081983,0.00512339706490952,7,3
A,135,13,0.99,0.69775,0,0.6925538453657114,0.49879357455277784,0.19376027081293357,0.005309652107234632,7,3
A,135,13,0.999,0.69825,0,0.6928226810160508,0.4972408932572876,0.19558178775876325,0.005329823734128653,7,3
A,136,23,0.1,0.51325,0,0.6792484017224615,0.5283957748329663,0.15085262688949527,0.005271662528434369,13,6
A,136,23,0.5,0.591,0,0.718748924846788,0.6044911461699807,0.11425777867680727,0.0035413596513182745,13,6
A,136,23,0.9,0.67925,0,0.7777460958378115,0.6768765877823663,0.10086950805544521,0.003045893046256468,13,6
A,136,23,0.99,0.6825,0,0.7969374087712351,0.6947359997729529,0.10220140899828233,0.0032519684613965326,13,6
A,136,23,0.999,0.68175,0,0.7989868922160425,0.6965654055158288,0.10242148670021375,0.0032800186937643108,13,6
A,137,14,0.1,0.50525,0,0.7489196700075457,0.6624115993566143,0.0865080706509313,0.004587203103272038,6,5
A,137,14,0.5,0.55025,0,0.743867004278332,0.6628244993559985,0.08104250492233342,0.0040769717772815225,6,5
A,137,14,0.9,0.60575,0,0.7536698069211334,0.6852749429531835,0.06839486396795001,0.0037594012899302806,6,5
A,137,14,0.99,0.613,0,0.7579164597684689,0.6925738426159985,0.06534261715247061,0.0037385117076666986,6,5
A,137,14,0.999,0.61175,0,0.7583825499486718,0.6933391022684497,0.06504344768022213,0.003738182513153456,6,5
A,138,20,0.1,0.51225,0,0.6563850634277162,0.5099397603692091,0.14644530305850703,0.005277703889012162,10,7
A,138,20,0.5,0.569,0,0.6690177429518639,0.5785160497476907,0.09050169320417308,0.003668700579129537,10,7
A,138,20,0.9,0.633,0,0.7299605273723249,0.6642413317327854,0.06571919563953946,0.0028710092227557716,10,7
A,138,20,0.99,0.63225,0,0.7521274095262879,0.6873357173878093,0.06479169213847853,0.002976207083495332,10,7
A,138,20,0.999,0.63025,0,0.7545331066470194,0.6897297341928325,0.06480337245418692,0.0029957165960688495,10,7
A,139,17,0.1,0.518,0,0.7490948414103512,0.6746228885796403,0.07447195283071102,0.0046689684408971945,11,4
A,139,17,0.5,0.55425,0,0.764470464911638,0.7018443961584401,0.06262606875319776,0.003948459959722846,11,4
A,139,17,0.9,0.5845,0,0.8064636896526372,0.743484040590688,0.06297964906194897,0.003542102665418741,11,4
A,139,17,0.99,0.591,0,0.8206490119657418,0.7549075296720179,0.06574148229372395,0.003573416031668421,11,4
A,139,17,0.999,0.591,0,0.8221669047066276,0.7560833856589082,0.06608351904771927,0.0035802304716635643,11,4
A,140,19,0.1,0.5035,0,0.7849183929524295,0.7365432742867187,0.04837511866571057,0.003680924134929185,8,6
A,140,19,0.5,0.5435,0,0.7510785415744963,0.6998793931725786,0.05119914840191771,0.0030733838649582056,8,6
A,140,19,0.9,0.64775,0,0.7560237008221243,0.6775406075621752,0.07848309325994898,0.002978941196423794,8,6
A,140,19,0.99,0.67975,0,0.7651084233232787,0.6738906099838373,0.09121781333944144,0.003075921925288163,8,6
A,140,19,0.999,0.682,0,0.7661976900779152,0.6735462921881881,0.09265139788972712,0.0030897388885641193,8,6
A,141,14,0.1,0.4945,0,0.7800074136738432,0.7278331777753035,0.05217423589853966,0.0038481760811217907,7,6
A,141,14,0.5,0.52675,0,0.713905993355308,0.6731168480690313,0.040789145286276945,0.0032906098696097847,7,6
A,141,14,0.9,0.5435,0,0.6739199558579173,0.649845952860047,0.024074002997870256,0.003111624859225397,7,6
A,141,14,0.99,0.54275,0,0.6679246200160598,0.647215822258976,0.020708797757083657,0.003109185920352592,7,6
A,141,14,0.999,0.542,0,0.6673782531334499,0.6469901175508169,0.020388135582632926,0.003109455501295595,7,6
A,142,23,0.1,0.51575,0,0.7383324524679036,0.6593402538901709,0.07899219857773261,0.004372532301625825,11,6
A,142,23,0.5,0.551,0,0.7181024867856083,0.6542118791259095,0.0638906076596989,0.0032896433989415084,11,6
A,142,23,0.9,0.62525,0,0.7611177602247029,0.6901234902368754,0.07099426998782744,0.003000483245625531,11,6
A,142,23,0.99,0.653,0,0.7891523687057104,0.7047144211828684,0.08443794752284199,0.00324524225600088,11,6
A,142,23,0.999,0.65425,0,0.7924485541820403,0.7062928519722714,0.08615570220976877,0.003281616885011015,11,6
A,143,14,0.1,0.505,0,0.7525429484492033,0.6542933279741381,0.09824962047506518,0.004452677601190516,8,5
A,143,14,0.5,0.5675,0,0.7538918073128084,0.6564112504725204,0.09748055684028796,0.0035244447943311207,8,5
A,143,14,0.9,0.66225,0,0.7882772225993894,0.6874722162730216,0.10080500632636785,0.0032927246309679735,8,5
A,143,14,0.99,0.682,0,0.8045092449012222,0.6976890288521528,0.10682021604906936,0.003431773049700135,8,5
A,143,14,0.999,0.683,0,0.8063915111051917,0.6987587309470334,0.10763278015815836,0.0034525964076296575,8,5
A,144,15,0.1,0.5115,0,0.7386310697038285,0.6689716457237775,0.06965942398005086,0.004596642386574786,8,6
A,144,15,0.5,0.524,0,0.735389501212139,0.698751865448703,0.036637635763436,0.0037926378527548517,8,6
A,144,15,0.9,0.5355,0,0.7632654345164037,0.7405546495118172,0.022710785004586568,0.0034015906381175266,8,6
A,144,15,0.99,0.53075,0,0.7729540662651277,0.7518146410259412,0.021139425239186424,0.0034341653763764577,8,6
A,144,15,0.999,0.53,0,0.773981681992676,0.7529865808013442,0.02099510119133191,0.00344051925760969,8,6
A,145,18,0.1,0.49975,0,0.6704338879309217,0.521613038207449,0.1488208497234727,0.0054519012949557685,10,7
A,145,18,0.5,0.56,0,0.7008429391444809,0.6025356920128335,0.09830724713164733,0.003914528990165642,10,7
A,145,18,0.9,0.63275,0,0.7504313093013916,0.667994068282391,0.0824372410190005,0.0033738109928207064,10,7
A,145,18,0.99,0.634,0,0.765112319436635,0.6814239350139426,0.0836883844226927,0.003512137810746776,10,7
A,145,18,0.999,0.63425,0,0.7666581183485456,0.6827599686603244,0.08389814968822121,0.003531546214884037,10,7
A,146,20,0.1,0.51875,0,0.6666940139614653,0.49806361989755554,0.16863039406390976,0.005327945339096484,9,5
A,146,20,0.5,0.62125,0,0.683127849973278,0.5276304357977207,0.15549741417555726,0.003602918240490623,9,5
A,146,20,0.9,0.7005,0,0.7340295173192294,0.6148346747106054,0.11919484260862398,0.0032614694275396134,9,5
A,146,20,0.99,0.65375,0,0.749072248322387,0.6488486691500903,0.10022357917229664,0.003623318123848072,9,5
A,146,20,0.999,0.65025,0,0.750625927405848,0.6526221587487803,0.0980037686570678,0.0036715049639353785,9,5
A,147,21,0.1,0.52125,0,0.6679240249824001,0.5128919706837712,0.15503205429862885,0.005284513758314132,9,6
A,147,21,0.5,0.58175,0,0.6920021224222325,0.5854682270351184,0.10653389538711422,0.0036353480367554486,9,6
A,147,21,0.9,0.57725,0,0.7514005454808046,0.7093820294716499,0.04201851600915484,0.003028001204352356,9,6
A,147,21,0.99,0.545,0,0.7724993850538667,0.7478375478373238,0.024661837216542942,0.0032959527209684278,9,6
A,147,21,0.999,0.5425,0,0.7747729467798828,0.7519051127101033,0.02286783406977962,0.0033336861105778288,9,6
A,148,18,0.1,0.51975,0,0.7389342069133463,0.6449676252263976,0.09396658168694876,0.004553892217693953,9,3
A,148,18,0.5,0.58625,0,0.7159682493215666,0.6061619799325381,0.10980626938902839,0.0037567369450622703,9,3
A,148,18,0.9,0.72625,0,0.7394052917062248,0.5906484313433896,0.14875686036283528,0.003483314168023683,9,3
A,148,18,0.99,0.7585,0,0.7568433770273103,0.5885979062054427,0.16824547082186758,0.0035853572626161193,9,3
A,148,18,0.999,0.76125,0,0.7588807801892672,0.5884121161684386,0.17046866402082866,0.003601645464266628,9,3
A,149,14,0.1,0.51425,0,0.7429370761402893,0.6459646636894832,0.0969724124508061,0.004531390453667483,5,3
A,149,14,0.5,0.58325,0,0.7177662111758709,0.6064363024930113,0.11132990868285955,0.003892892674038063,5,3
A,149,14,0.9,0.701,0,0.7300097378499784,0.5908035134330587,0.1392062244169196,0.0037658280927600177,5,3
A,149,14,0.99,0.71925,0,0.7371989515574996,0.588787778509817,0.14841117304768262,0.0038153087021258188,5,3
A,149,14,0.999,0.72075,0,0.7379884950315546,0.5886062275731077,0.14938226745844707,0.00382195707141275,5,3
A,150,17,0.1,0.507,0,0.6626143224843373,0.49814495864409014,0.1644693638402472,0.005388360083773144,9,5
A,150,17,0.5,0.60325,0,0.676570402397693,0.5348117483434619,0.14175865405423121,0.003662867571882594,9,5
A,150,17,0.9,0.767,0,0.7724568163791673,0.610333174768888,0.1621236416102792,0.003195220721931695,9,5
A,150,17,0.99,0.78825,0,0.8176387485059775,0.6323898695740975,0.1852488789318802,0.0035619592119367294,9,5
A,150,17,0.999,0.78925,0,0.8228163506713271,0.6347003820281277,0.18811596864319954,0.003612447000707854,9,5
A,151,16,0.1,0.51325,0,0.7880882119765482,0.7387032209476603,0.04938499102888799,0.004051681064821928,8,7
A,151,16,0.5,0.54075,0,0.7830960508281262,0.7302332918877553,0.052862758940370826,0.003737657452629815,8,7
A,151,16,0.9,0.56625,0,0.7901527279220875,0.7440912292375398,0.04606149868454761,0.0033880584405616325,8,7
A,151,16,0.99,0.57075,0,0.793005441424022,0.7519298033098971,0.04107563811412475,0.0033646464792145884,8,7
A,151,16,0.999,0.57075,0,0.793317605773747,0.7528297865908944,0.0404878191828526,0.0033655969129174823,8,7
A,152,15,0.1,0.52575,0,0.7797114527597281,0.7345644475837284,0.04514700517599962,0.0037854860904413005,9,5
A,152,15,0.5,0.54925,0,0.7356442691053507,0.6910913111553788,0.04455295794997197,0.003224787361826611,9,5
A,152,15,0.9,0.592,0,0.7204121472939867,0.6720315322316422,0.048380615062344534,0.0030394892613500994,9,5
A,152,15,0.99,0.607,0,0.7193625867717612,0.6694317406544731,0.04993084611728812,0.003036342150276486,9,5
A,152,15,0.999,0.6085,0,0.7192896217356735,0.6691958946604797,0.05009372707519378,0.0030367759916235647,9,5
A,153,17,0.1,0.5055,0,0.6623697721821302,0.5160517719954528,0.14631800018667734,0.005294964430044515,12,4
A,153,17,0.5,0.552,0,0.6652291614135083,0.5863671932820632,0.07886196813144515,0.00392498841394702,12,4
A,153,17,0.9,0.61775,0,0.7417104100402145,0.6648427716992122,0.07686763834100233,0.0034104393469426655,12,4
A,153,17,0.99,0.67725,0,0.7923823099986103,0.6835727451188303,0.10880956487977991,0.0034534255558884264,12,4
A,153,17,0.999,0.68375,0,0.7991819559501159,0.6854639922863413,0.11371796366377451,0.003468594949310461,12,4
A,154,19,0.1,0.5155,0,0.7357846264103084,0.6589554323848837,0.07682919402542464,0.0043534535217042165,10,7
A,154,19,0.5,0.5385,0,0.694090645945384,0.6507314890735072,0.043359156871877004,0.003203217050215926,10,7
A,154,19,0.9,0.5495,0,0.7019470619853397,0.6768425339827632,0.025104528002576527,0.0028599526067035696,10,7
A,154,19,0.99,0.54875,0,0.7104733982899808,0.6873213738054403,0.023152024484540498,0.002946273225191981,10,7
A,154,19,0.999,0.54725,0,0.711435122611453,0.6884474985848876,0.02298762402656541,0.0029586816949556498,10,7
A,155,21,0.1,0.519,0,0.6562947512577184,0.5024126550827513,0.15388209617496706,0.005818552664598033,2,1
A,155,21,0.5,0.55875,0,0.6154433685005343,0.5024126550827515,0.11303071341778274,0.005785275334465555,2,1
A,155,21,0.9,0.5805,0,0.5917925679569012,0.5024126550827513,0.08937991287414977,0.005832278720845419,2,1
A,155,21,0.99,0.5855,0,0.5877814397239984,0.5024126550827515,0.08536878464124703,0.005845003253820754,2,1
A,155,21,0.999,0.586,0,0.5874001919179734,0.5024126550827512,0.08498753683522205,0.005846283501013857,2,1
A,156,15,0.1,0.49925,0,0.7485746904941359,0.6770634611293909,0.071511229364745,0.00450846684674926,9,5
A,156,15,0.5,0.54175,0,0.7524188618475554,0.6844523256275163,0.0679665362200391,0.0035571287775997104,9,5
A,156,15,0.9,0.611,0,0.794624305679245,0.7237100527036486,0.07091425297559624,0.003143413308002041,9,5
A,156,15,0.99,0.62075,0,0.8113186507630141,0.741163940647991,0.07015471011502313,0.0033141018727670104,9,5
A,156,15,0.999,0.62125,0,0.813128942666841,0.7431302304386127,0.06999871222822833,0.00333996818380796,9,5
A,157,15,0.1,0.51975,0,0.6801600652130338,0.5268687013303449,0.153291363882689,0.005304689531101054,8,5
A,157,15,0.5,0.597,0,0.7253427077293109,0.6019050108016584,0.12343769692765244,0.003666914935075385,8,5
A,157,15,0.9,0.6645,0,0.7848258523541252,0.6925501039157721,0.09227574843835308,0.003093338280854641,8,5
A,157,15,0.99,0.63775,0,0.8005373535084934,0.7190021802460594,0.08153517326243385,0.0032448726684662496,8,5
A,157,15,0.999,0.633,0,0.8021457543649567,0.7217910242461555,0.08035473011880118,0.003267396978001,8,5
A,158,16,0.1,0.50125,0,0.6579408556110669,0.4931505308876349,0.1647903247234319,0.00523322419574935,6,4
A,158,16,0.5,0.58525,0,0.6704085251288486,0.5482367008188341,0.1221718243100144,0.0037855390908551204,6,4
A,158,16,0.9,0.6315,0,0.7528274305523581,0.6614091872484329,0.0914182433039252,0.003641105279550678,6,4
A,158,16,0.99,0.627,0,0.7825359963743681,0.6945117028774739,0.08802429349689411,0.003926644683694489,6,4
A,158,16,0.999,0.6265,0,0.7857157643186141,0.6979750715735581,0.0877406927450559,0.003963146503361985,6,4
A,159,21,0.1,0.5145,0,0.6693602241617199,0.5252737963275804,0.14408642783413955,0.005345397232359016,11,6
A,159,21,0.5,0.5765,0,0.7054056263553627,0.6124409453314993,0.0929646810238634,0.0036779857501074214,11,6
A,159,21,0.9,0.64875,0,0.7702477398572953,0.6845565632125378,0.08569117664475752,0.0031725796374132706,11,6
A,159,21,0.99,0.65975,0,0.7902040223968892,0.6994176910311126,0.09078633136577662,0.003280125090074709,11,6
A,159,21,0.999,0.66175,0,0.792304970599804,0.7008869881017962,0.09141798249800769,0.003295216567831634,11,6
A,160,18,0.1,0.50525,0,0.6557014461977186,0.49956706917243376,0.1561343770252849,0.005808097705990967,4,1
A,160,18,0.5,0.56825,0,0.6452297191058292,0.4995670691724339,0.14566264993339528,0.005505565034146403,4,1
A,160,18,0.9,0.663,0,0.6790351152280374,0.4995670691724338,0.17946804605560354,0.005408309278472644,4,1
A,160,18,0.99,0.698,0,0.6951537008341504,0.4995670691724339,0.19558663166171641,0.005481074121256635,4,1
A,160,18,0.999,0.7015,0,0.6969807961112673,0.4995670691724338,0.19741372693883347,0.005492268656477116,4,1
A,161,12,0.1,0.49875,0,0.7456655676663252,0.6665191506751628,0.07914641699116245,0.004663114024548576,7,4
A,161,12,0.5,0.52875,0,0.7526625600336168,0.6987275069171344,0.053935053116482334,0.003991922840025426,7,4
A,161,12,0.9,0.539,0,0.7984027239466739,0.7696875951455341,0.028715128801139758,0.0033429500120541055,7,4
A,161,12,0.99,0.53125,0,0.8177234589168297,0.794740283841341,0.022983175075488704,0.0033882241202824554,7,4
A,161,12,0.999,0.531,0,0.8199060994400171,0.7974820778841215,0.022424021555895547,0.003401766797431316,7,4
A,162,14,0.1,0.5045,0,0.7915413875623906,0.7383528862743074,0.05318850128808311,0.00399778265151969,8,3
A,162,14,0.5,0.54025,0,0.7813117484189597,0.7129105141056558,0.06840123431330392,0.0038780979632482594,8,3
A,162,14,0.9,0.64525,0,0.8191121863170313,0.7001466568286001,0.1189655294884312,0.0037813599907980974,8,3
A,162,14,0.99,0.705,0,0.8416125593053994,0.698122245277195,0.14349031402820442,0.003833695753078771,8,3
A,162,14,0.999,0.71175,0,0.8442900447969423,0.6979347384917824,0.14635530630515967,0.003844291369578539,8,3
A,163,14,0.1,0.519,0,0.6629713862186236,0.5275025656218021,0.13546882059682158,0.005262671277868379,7,6
A,163,14,0.5,0.557,0,0.6737119986765702,0.6045231177911509,0.06918888088541922,0.0037096247296587916,7,6
A,163,14,0.9,0.57175,0,0.707608655471547,0.6667214937645647,0.04088716170698243,0.003427869242860551,7,6
A,163,14,0.99,0.5665,0,0.7174678216046736,0.6796736598714993,0.03779416173317428,0.003563358085714355,7,6
A,163,14,0.999,0.56525,0,0.7184766965927779,0.6809544362214702,0.03752226037130757,0.0035803265035436356,7,6
A,164,14,0.1,0.5105,0,0.6720301518009942,0.5234657272768516,0.14856442452414256,0.005297286006651696,9,3
A,164,14,0.5,0.57075,0,0.6916001579765256,0.5788523109345364,0.11274784704198934,0.0038997858158759517,9,3
A,164,14,0.9,0.62575,0,0.72637472277971,0.6342358901651497,0.0921388326145603,0.003759289428414402,9,3
A,164,14,0.99,0.6285,0,0.7371079569148881,0.6469836043558878,0.09012435255900024,0.0038949106576483274,9,3
A,164,14,0.999,0.63,0,0.738245654618527,0.6482640195633159,0.08998163505521094,0.003911423624235918,9,3
A,165,18,0.1,0.5205,0,0.7452758734508643,0.6606895855743837,0.08458628787648069,0.00452449049259507,7,3
A,165,18,0.5,0.5675,0,0.740504069766039,0.6470405319054789,0.09346353786055997,0.0039609700925114415,7,3
A,165,18,0.9,0.66225,0,0.7954460940704876,0.6600297997318799,0.1354162943386076,0.00410063287110232,7,3
A,165,18,0.99,0.6915,0,0.8195559255287923,0.6666905474233873,0.15286537810540493,0.004277982250763776,7,3
A,165,18,0.999,0.6955,0,0.8222593575619562,0.6674308137176738,0.15482854384428255,0.004300512102904725,7,3
A,166,22,0.1,0.5045,0,0.6747109873656507,0.524811069461394,0.14989991790425652,0.005425586490596172,9,5
A,166,22,0.5,0.55875,0,0.6940898832734241,0.6034968334210378,0.09059304985238646,0.0041836359035033735,9,5
A,166,22,0.9,0.6035,0,0.7595348588753439,0.6874113191340968,0.07212353974124701,0.0035901918006755167,9,5
A,166,22,0.99,0.6085,0,0.7853885353303418,0.7108497577878147,0.07453877754252711,0.003785672388027524,9,5
A,166,22,0.999,0.6065,0,0.7882849265354123,0.7133154945281007,0.07496943200731153,0.0038169045601055248,9,5
A,167,13,0.1,0.51275,0,0.7544338591341941,0.6591972405906865,0.09523661854350761,0.004832254175428909,6,2
A,167,13,0.5,0.559,0,0.7664734337982151,0.6591972405906865,0.10727619320752843,0.004676870944862765,6,2
A,167,13,0.9,0.6175,0,0.7744301547519225,0.6591972405906865,0.11523291416123595,0.004594340693545572,6,2
A,167,13,0.99,0.63325,0,0.7757776094652491,0.6591972405906865,0.11658036887456238,0.004583056037672255,6,2
A,167,13,0.999,0.6335,0,0.7759062527122937,0.6591972405906865,0.11670901212160723,0.004582023928995764,6,2
A,168,19,0.1,0.5105,0,0.7556941643478721,0.6761811892604055,0.0795129750874665,0.004664026421738639,8,5
A,168,19,0.5,0.53175,0,0.7589068241698992,0.7057354813420211,0.05317134282787822,0.00397075298870285,8,5
A,168,19,0.9,0.5285,0,0.7619614015046857,0.7389043778205182,0.023057023684167535,0.0035612080873639205,8,5
A,168,19,0.99,0.5155,0,0.7627413420877333,0.7471588303684034,0.015582511719329851,0.0035348145002370513,8,5
A,168,19,0.999,0.51525,0,0.7628243088607825,0.7479972411044231,0.014827067756359384,0.003533764627869267,8,5
A,169,15,0.1,0.50975,0,0.7340549090754181,0.6633392146291491,0.0707156944462688,0.004526193677433639,8,5
A,169,15,0.5,0.55375,0,0.7220033369191292,0.6608000964933801,0.061203240425749116,0.0037416829056222964,8,5
A,169,15,0.9,0.609,0,0.7643937807031485,0.6949487907623743,0.06944498994077407,0.0035430041685261095,8,5
A,169,15,0.99,0.614,0,0.784876818025647,0.710958835325458,0.07391798270018912,0.003730600054382643,8,5
A,169,15,0.999,0.61475,0,0.7872133241170838,0.7127859456625223,0.07442737845456147,0.003759007404870213,8,5
A,170,23,0.1,0.49725,0,0.7915329888239307,0.7510016919585027,0.04053129686542808,0.0038388440528757625,11,8
A,170,23,0.5,0.52,0,0.7813526745870297,0.7518878728307292,0.029464801756300438,0.0033237815978309623,11,8
A,170,23,0.9,0.53275,0,0.7952416506585608,0.7739089371372835,0.021332713521277292,0.003061739685081851,11,8
A,170,23,0.99,0.5225,0,0.8023542245177739,0.7827766217696243,0.01957760274814963,0.0031410558024929447,11,8
A,170,23,0.999,0.522,0,0.8031446098250113,0.7837578128586633,0.019386796966347875,0.0031539702269111755,11,8
A,171,15,0.1,0.5085,0,0.656286374131669,0.5054761748225068,0.15081019930916217,0.005452988969621937,9,2
A,171,15,0.5,0.60825,0,0.6649834451728313,0.5045562557916847,0.16042718938114645,0.004189530098674696,9,2
A,171,15,0.9,0.80825,0,0.7442302322976261,0.50402367108963,0.2402065612079961,0.003802401887710078,9,2
A,171,15,0.99,0.85725,0,0.774946138662321,0.5039333457946832,0.2710127928676378,0.0038765088358341045,9,2
A,171,15,0.999,0.86125,0,0.7782496145124419,0.503924760599073,0.27432485391336886,0.0038887128101762355,9,2
A,172,8,0.1,0.5095,0,0.7404016111297045,0.6626127851590663,0.0777888259706383,0.004811676153547034,4,3
A,172,8,0.5,0.524,0,0.7295169794886498,0.6895429257766548,0.039974053711994965,0.004393378545464638,4,3
A,172,8,0.9,0.52725,0,0.7538756609526427,0.729960110775095,0.023915550177547627,0.004168460801475831,4,3
A,172,8,0.99,0.52,0,0.7632653582764495,0.7408586280896634,0.022406730186786076,0.004216623610901155,4,3
A,172,8,0.999,0.51875,0,0.7642678302212951,0.7419960327487907,0.022271797472504545,0.004224174043247112,4,3
A,173,20,0.1,0.5245,0,0.6604088726585321,0.4962565114709746,0.16415236118755752,0.00542111434808893,12,3
A,173,20,0.5,0.6305,0,0.6606871710371164,0.4967256731255124,0.16396149791160403,0.004185994477756103,12,3
A,173,20,0.9,0.8225,0,0.7258040435555558,0.4969972930307711,0.2288067505247847,0.0037442366149086814,12,3
A,173,20,0.99,0.8505,0,0.7555256088684434,0.49704335922073306,0.25848224964771044,0.0037923114532666838,12,3
A,173,20,0.999,0.855,0,0.7588882366136275,0.4970477376980255,0.26184049891560185,0.0038023723371631104,12,3
A,174,16,0.1,0.52125,0,0.6751471701841874,0.5177341139398564,0.15741305624433102,0.005575954101076801,8,3
A,174,16,0.5,0.60275,0,0.6923305644334833,0.5566406679836378,0.1356898964498453,0.004759312821511329,8,3
A,174,16,0.9,0.664,0,0.7131575351885852,0.5791655150616167,0.13399202012696848,0.004451296518964481,8,3
A,174,16,0.99,0.666,0,0.7188390265376302,0.5829856838499673,0.13585334268766297,0.004439099462355166,8,3
A,174,16,0.999,0.66725,0,0.7194352285258776,0.583348781433656,0.1360864470922216,0.004438884531592421,8,3
A,175,14,0.1,0.522,0,0.6608439734292567,0.5158476452574997,0.14499632817175695,0.005346149926217641,8,4
A,175,14,0.5,0.5885,0,0.6897276132068304,0.5861272937107527,0.10360031949607754,0.0038177738766282366,8,4
A,175,14,0.9,0.6185,0,0.7681779463968534,0.6922119399578596,0.07596600643899394,0.003402213187824702,8,4
A,175,14,0.99,0.61425,0,0.7983299083175704,0.7231940449322685,0.07513586338530204,0.0036373716681183006,8,4
A,175,14,0.999,0.616,0,0.8016522937384186,0.7264342382701524,0.0752180554682663,0.003670044253125378,8,4
A,176,21,0.1,0.51625,0,0.6641991266381678,0.5016812267704416,0.16251789986772638,0.0058241396098941715,11,1
A,176,21,0.5,0.58775,0,0.6895283540204099,0.5016812267704417,0.18784712724996824,0.005345721961724924,11,1
A,176,21,0.9,0.737,0,0.7692302250294252,0.5016812267704416,0.2675489982589835,0.00501579782060258,11,1
A,176,21,0.99,0.79675,0,0.801792984834052,0.5016812267704417,0.3001117580636103,0.005046452449428179,11,1
A,176,21,0.999,0.80375,0,0.8054938534721688,0.5016812267704416,0.30381262670172726,0.0050540945916609965,11,1
A,177,22,0.1,0.5045,0,0.7963727425566054,0.7575429809159991,0.03882976164060625,0.00378134990071168,13,8
A,177,22,0.5,0.518,0,0.7956159534139003,0.7706936593683252,0.024922294045575017,0.0031122044712655816,13,8
A,177,22,0.9,0.54575,0,0.8226449023341106,0.79503331979508,0.027611582539030722,0.0027251997717303326,13,8
A,177,22,0.99,0.564,0,0.8404998680768547,0.8036627593683245,0.03683710870853007,0.00276060236185408,13,8
A,177,22,0.999,0.56925,0,0.8427603083401111,0.8045859679651814,0.038174340374929484,0.0027725072345537063,13,8
A,178,12,0.1,0.517,0,0.7915579508421423,0.7406737257954006,0.050884225046741755,0.0038342745986990777,8,3
A,178,12,0.5,0.55575,0,0.7705570852620289,0.7014027006222507,0.06915438463977813,0.003919190080464852,8,3
A,178,12,0.9,0.586,0,0.7603416471820944,0.6742614025888007,0.08608024459329372,0.004299736386010038,8,3
A,178,12,0.99,0.592,0,0.7595116531308972,0.67007489902564,0.08943675410525727,0.004382734663350375,8,3
A,178,12,0.999,0.593,0,0.7594531154351141,0.6696950243901256,0.08975809104498866,0.004390582293445527,8,3
A,179,11,0.1,0.5155,0,0.7849217026662626,0.7362544552405773,0.04866724742568533,0.0038886910995124175,5,3
A,179,11,0.5,0.54025,0,0.7553649225199731,0.7097241361513317,0.04564078636864149,0.003963875472919841,5,3
A,179,11,0.9,0.55825,0,0.7449982971053377,0.6966924964942509,0.04830580061108676,0.004115049422866106,5,3
A,179,11,0.99,0.5645,0,0.7437313145428327,0.6946394696468893,0.049091844895943454,0.004144808542651946,5,3
A,179,11,0.999,0.56575,0,0.7436179817391442,0.6944466293283076,0.0491713524108367,0.004147642508876345,5,3
A,180,19,0.1,0.519,0,0.6514420186565408,0.5155210543102249,0.13592096434631606,0.005399641094595803,9,6
A,180,19,0.5,0.54475,0,0.6585331213395048,0.6049604859188387,0.05357263542066604,0.0037446237859515754,9,6
A,180,19,0.9,0.525,0,0.7368745322902241,0.7130315369068216,0.02384299538340256,0.0031909173917289164,9,6
A,180,19,0.99,0.52875,0,0.764419907551365,0.7437694647252187,0.02065044282614629,0.0034153187560374025,9,6
A,180,19,0.999,0.52675,0,0.7673651665443615,0.7469973667545423,0.02036779978981918,0.003447147989595257,9,6
A,181,23,0.1,0.501,0,0.7480417285785496,0.6717576845999462,0.0762840439786033,0.004398986927226881,12,8
A,181,23,0.5,0.547,0,0.744059060505038,0.6811615271302773,0.06289753337476059,0.003067419544969462,12,8
A,181,23,0.9,0.66075,0,0.7652445126620013,0.6854988516433427,0.07974566101865863,0.0026956554355288985,12,8
A,181,23,0.99,0.683,0,0.7763777450011216,0.6866563666337813,0.0897213783673402,0.0027865150487763695,12,8
A,181,23,0.999,0.6845,0,0.7776040865246795,0.6867782823526819,0.0908258041719975,0.002799553159514774,12,8
A,182,15,0.1,0.4955,0,0.7867480827121207,0.7369253693641324,0.04982271334798827,0.0037675359408086855,7,4
A,182,15,0.5,0.526,0,0.757026745686648,0.7045813792352005,0.052445366451447394,0.0035377651504739063,7,4
A,182,15,0.9,0.60125,0,0.7581276448116735,0.690176934095385,0.06795071071628851,0.0037138190527306342,7,4
A,182,15,0.99,0.62125,0,0.7622651984589393,0.6880424103939959,0.07422278806494319,0.003801379070106488,7,4
A,182,15,0.999,0.62125,0,0.762744976246789,0.6878449312870168,0.07490004495977234,0.0038113405907969403,7,4
A,183,15,0.1,0.51,0,0.7866001012634108,0.7364372565133626,0.050162844750048265,0.003950656056922549,8,4
A,183,15,0.5,0.5465,0,0.7659094729152934,0.7036895836893975,0.062219889225895844,0.0038316702032346723,8,4
A,183,15,0.9,0.6245,0,0.779548375205365,0.6687368159271206,0.11081155927824433,0.0042403222381307525,8,4
A,183,15,0.99,0.65225,0,0.7889533056251021,0.6623023382918459,0.12665096733325623,0.00436776984705709,8,4
A,183,15,0.999,0.65425,0,0.7900607565654728,0.6617404963031093,0.12832026026236376,0.004380200878502557,8,4
A,184,21,0.1,0.49725,0,0.7946454912778973,0.7511184238714841,0.04352706740641332,0.003772105036871533,13,7
A,184,21,0.5,0.52025,0,0.7943102998715154,0.7643062797904463,0.030004020081069022,0.0031365829430347603,13,7
A,184,21,0.9,0.53775,0,0.8108294763256505,0.786721866326813,0.02410760999883749,0.0028596153472609867,13,7
A,184,21,0.99,0.54,0,0.81668487148825,0.7932823873080491,0.023402484180200835,0.0028947714616643933,13,7
A,184,21,0.999,0.541,0,0.817324346497149,0.793971457790959,0.023352888706190122,0.002900855533194021,13,7
A,185,12,0.1,0.50175,0,0.8026707530931942,0.7435921845472351,0.059078568545959206,0.003830634125996898,7,4
A,185,12,0.5,0.545,0,0.8041579969370043,0.7370837111103736,0.06707428582663064,0.0035679188722977247,7,4
A,185,12,0.9,0.6325,0,0.8210430632624262,0.7342578349687388,0.08678522829368739,0.003459451252852448,7,4
A,185,12,0.99,0.6615,0,0.8280034002595221,0.7338583523468575,0.0941450479126646,0.0034643915401696072,7,4
A,185,12,0.999,0.6625,0,0.8287871098732259,0.7338211002975227,0.09496600957570317,0.0034662494723737536,7,4
A,186,14,0.1,0.52175,0,0.7562279545558004,0.6767663298466139,0.07946162470918654,0.004624637098142253,8,5
A,186,14,0.5,0.558,0,0.7629467292722184,0.7005357701550546,0.06241095911716371,0.00397524290687296,8,5
A,186,14,0.9,0.561,0,0.7636085524904148,0.7191312907994051,0.04447726169100979,0.0036576036201508132,8,5
A,186,14,0.99,0.55625,0,0.7632908039360641,0.7226183857615384,0.040672418174525854,0.0036265542012548723,8,5
A,186,14,0.999,0.556,0,0.7632529721310457,0.722956412045963,0.04029656008508276,0.003624087586558452,8,5
A,187,13,0.1,0.512,0,0.7941950737005545,0.7387832629852347,0.05541181071531991,0.003975181793748204,7,3
A,187,13,0.5,0.54275,0,0.7720468268734275,0.7122528200792817,0.059794006794145815,0.003950343317565289,7,3
A,187,13,0.9,0.57175,0,0.761375193388886,0.6991254285089811,0.06224976487990498,0.0040577996088904025,7,3
A,187,13,0.99,0.57975,0,0.7599398836513067,0.6970788660696953,0.06286101758161144,0.004083675794002761,7,3
A,187,13,0.999,0.5805,0,0.7598145899674242,0.6968872674823585,0.06292732248506563,0.004086185023656033,7,3
A,188,16,0.1,0.51775,0,0.6668927016201629,0.5143702446939047,0.15252245692625813,0.005354868871477004,9,6
A,188,16,0.5,0.5875,0,0.6766941528283256,0.5759173058017987,0.10077684702652688,0.003624330134264109,9,6
A,188,16,0.9,0.60725,0,0.7011963533838521,0.6365236783502994,0.06467267503355269,0.0034217908195134277,9,6
A,188,16,0.99,0.59375,0,0.7090795120318653,0.6504223098457811,0.05865720218608422,0.0036174159178075076,9,6
A,188,16,0.999,0.5925,0,0.709910953217301,0.651818910056931,0.05809204316037001,0.003640826349986148,9,6
A,189,17,0.1,0.52075,0,0.740391984328239,0.657453940278872,0.0829380440493669,0.004588796338032086,9,7
A,189,17,0.5,0.55025,0,0.7187238415070338,0.6627954518082706,0.055928389698763216,0.003858154813922878,9,7
A,189,17,0.9,0.55975,0,0.7570055989433114,0.7181007223930879,0.038904876550223726,0.003268276066613033,9,7
A,189,17,0.99,0.555,0,0.7771534695447918,0.7390030526109157,0.0381504169338762,0.003399242484826441,9,7
A,189,17,0.999,0.5555,0,0.7794256426545006,0.74129265074638,0.03813299190812055,0.003423561413541011,9,7
A,190,12,0.1,0.516,0,0.7460324964566001,0.6681221155533893,0.07791038090321072,0.004794049184032089,5,2
A,190,12,0.5,0.54675,0,0.7465757120376467,0.6681221155533894,0.07845359648425722,0.0046380385320509395,5,2
A,190,12,0.9,0.5955,0,0.7680250138198091,0.6681221155533893,0.09990289826641977,0.004546409059585991,5,2
A,190,12,0.99,0.617,0,0.775733958236722,0.6681221155533894,0.10761184268333243,0.004564483250344512,5,2
A,190,12,0.999,0.62,0,0.7765750236907147,0.6681221155533892,0.10845290813732555,0.004567572242355003,5,2
A,191,20,0.1,0.524,0,0.662726437140031,0.5006004230842053,0.16212601405582566,0.005353701799865015,11,6
A,191,20,0.5,0.60625,0,0.6662605369868602,0.5412811387035106,0.12497939828334975,0.0035371471366880255,11,6
A,191,20,0.9,0.5975,0,0.7124895906431385,0.6597663908878508,0.052723199755287824,0.003021771776965232,11,6
A,191,20,0.99,0.54225,0,0.7318228866950736,0.7030237123016916,0.028799174393381782,0.0034019376028176468,11,6
A,191,20,0.999,0.53775,0,0.7339592685350833,0.7077627733682444,0.026196495166838838,0.0034538630024592383,11,6
A,192,23,0.1,0.5085,0,0.739750732098234,0.6583209028028587,0.08142982929537544,0.004559720952052448,14,3
A,192,23,0.5,0.54325,0,0.7181377560300202,0.648294835499543,0.06984292053047707,0.004017162606315936,14,3
A,192,23,0.9,0.596,0,0.7515527609892407,0.6659914619991482,0.08556129899009232,0.003939709817085283,14,3
A,192,23,0.99,0.656,0,0.793825500295231,0.6730155979618451,0.12080990233338591,0.0040325888411674015,14,3
A,192,23,0.999,0.6645,0,0.8000263372118203,0.6737725531891594,0.12625378402266088,0.004061744091516998,14,3
A,193,24,0.1,0.51275,0,0.7564110646423149,0.6637315794160845,0.09267948522623033,0.004703864124037667,7,2
A,193,24,0.5,0.56425,0,0.7649012918288011,0.6637315794160847,0.10116971241271637,0.004572782590988297,7,2
A,193,24,0.9,0.65525,0,0.8052267516112702,0.6637315794160845,0.14149517219518565,0.004271919433059631,7,2
A,193,24,0.99,0.71525,0,0.8346520206853941,0.6637315794160847,0.17092044126930953,0.004260498190445976,7,2
A,193,24,0.999,0.72325,0,0.8386394330718538,0.6637315794160845,0.1749078536557695,0.004268292995622474,7,2
A,194,14,0.1,0.512,0,0.7959419938368922,0.7497986245459575,0.046143369290934814,0.003880868313711093,5,4
A,194,14,0.5,0.5375,0,0.7925109043000287,0.7448174119650709,0.04769349233495772,0.0036366809189614067,5,4
A,194,14,0.9,0.56625,0,0.8041463043419035,0.7636548117135268,0.040491492628376764,0.003571649751706096,5,4
A,194,14,0.99,0.561,0,0.808311475336041,0.771032627997465,0.03727884733857601,0.0036246394555233354,5,4
A,194,14,0.999,0.56,0,0.8087575172734411,0.7718353197788052,0.03692219749463613,0.003632107185822274,5,4
A,195,12,0.1,0.50725,0,0.7473902700381786,0.6691519094949254,0.07823836054325303,0.004573841980169641,6,5
A,195,12,0.5,0.5285,0,0.744164145636722,0.6945107744011803,0.04965337123554171,0.003768293615442157,6,5
A,195,12,0.9,0.54225,0,0.7624744773670329,0.7311495815835269,0.03132489578350611,0.0035239263783343137,6,5
A,195,12,0.99,0.543,0,0.7696679364331189,0.7407905798094974,0.028877356623621498,0.00360809761219628,6,5
A,195,12,0.999,0.5435,0,0.7704457042926388,0.7417745900724244,0.02867111422021427,0.003619742274226232,6,5
A,196,18,0.1,0.51275,0,0.7971795974666618,0.7431882379258097,0.0539913595408522,0.0038500010047457316,9,5
A,196,18,0.5,0.541,0,0.7888806767565193,0.7363614640177127,0.05251921273880647,0.0035398693512280303,9,5
A,196,18,0.9,0.60125,0,0.8191835763322424,0.7483335253908014,0.07085005094144096,0.0032410872601015155,9,5
A,196,18,0.99,0.6475,0,0.8367198485546334,0.7532376493569392,0.08348219919769426,0.0032494233398135497,9,5
A,196,18,0.999,0.653,0,0.8387706146109919,0.7537784544174466,0.08499216019354526,0.003255655972798341,9,5
A,197,15,0.1,0.49375,0,0.755361451594191,0.6786945914634825,0.07666686013070839,0.0046124225437940945,10,4
A,197,15,0.5,0.52,0,0.7714050776639649,0.7168308943527387,0.05457418331122627,0.0037997025597502464,10,4
A,197,15,0.9,0.56325,0,0.808227794403415,0.7608089391814721,0.047418855221942724,0.003314053323450726,10,4
A,197,15,0.99,0.58175,0,0.8245859218814205,0.7722389791349371,0.05234694274648346,0.003351191700096974,10,4
A,197,15,0.999,0.58425,0,0.8264732582840081,0.7734194389489549,0.0530538193350532,0.003360869340750393,10,4
A,198,20,0.1,0.51075,0,0.791594590279639,0.7369008380041466,0.0546937522754924,0.0037779843666721352,9,7
A,198,20,0.5,0.5485,0,0.7743109595995875,0.7135132463345658,0.060797713265021654,0.0032998709674687825,9,7
A,198,20,0.9,0.62625,0,0.7708620865302139,0.7071085968509173,0.06375348967929663,0.0031585075218599034,9,7
A,198,20,0.99,0.62775,0,0.7712347064636633,0.7074883845270051,0.06374632193665816,0.003175356887988897,9,7
A,198,20,0.999,0.62925,0,0.771290867276032,0.707564523307297,0.06372634396873504,0.0031781211024672434,9,7
A,199,19,0.1,0.5065,0,0.7496309664194468,0.6646150648504735,0.0850159015689734,0.004524718115976518,10,6
A,199,19,0.5,0.5375,0,0.7423733282590037,0.6772089964892086,0.06516433176979507,0.003640056852261839,10,6
A,199,19,0.9,0.5725,0,0.7551143326539809,0.6986664380370204,0.05644789461696041,0.0035842553799340328,10,6
A,199,19,0.99,0.5745,0,0.7615986921598851,0.7050668826077006,0.05653180955218437,0.003737166826914981,10,6
A,199,19,0.999,0.57475,0,0.7623156875943082,0.7057391677245461,0.05657651986976209,0.0037557754371621162,10,6
