part,inst,n,gamma,p_opt_a1,ties,power1,power2,power_diff,power_diff_se,reach1,reach2
A,0,15,0.1,0.50875,0,0.7970310201788886,0.74906381992918,0.04796720024970858,0.003919933556704983,7,5
A,0,15,0.5,0.52175,0,0.7860885940604653,0.761603194614082,0.02448539944638331,0.0037000720135937372,7,5
A,0,15,0.9,0.5155,0,0.785777290871735,0.7719744287388646,0.013802862132870294,0.0035666746815628536,7,5
A,0,15,0.99,0.519,0,0.7862049120730651,0.7739651442757979,0.012239767797267112,0.003543851534210618,7,5
A,0,15,0.999,0.52075,0,0.7862512447049205,0.7741576084950775,0.012093636209842938,0.003541740429906682,7,5
A,1,8,0.1,0.50575,0,0.7381120368706681,0.663421414594372,0.07469062227629608,0.004738933212343623,4,3
A,1,8,0.5,0.53025,0,0.7290862922222526,0.6685117693911777,0.06057452283107489,0.004204316318262453,4,3
A,1,8,0.9,0.54725,0,0.7364802395064661,0.6950012667322015,0.041478972774264516,0.004163164462481842,4,3
A,1,8,0.99,0.54575,0,0.7396976640735363,0.7032838798923922,0.03641378418114411,0.004253856709367869,4,3
A,1,8,0.999,0.5455,0,0.7400438738939163,0.7041567624533216,0.03588711144059485,0.004265226165190409,4,3
A,2,9,0.1,0.511,0,0.663208024062974,0.4995885632805892,0.16361946078238482,0.005801869811249431,4,1
A,2,9,0.5,0.57175,0,0.6480985476281098,0.4995885632805893,0.14850998434752058,0.005530086565381251,4,1
A,2,9,0.9,0.617,0,0.6230739048097855,0.49958856328058926,0.1234853415291963,0.005537796025971638,4,1
A,2,9,0.99,0.6205,0,0.617572038370151,0.4995885632805893,0.11798347508956161,0.005559597045543802,4,1
A,2,9,0.999,0.62125,0,0.617032783721988,0.4995885632805892,0.11744422044139884,0.005562003056050141,4,1
A,3,11,0.1,0.5025,0,0.7864568297132687,0.7337072475616981,0.05274958215157038,0.0038981772013943084,6,4
A,3,11,0.5,0.5325,0,0.7533117700408479,0.7046683819617283,0.048643388079119686,0.003710354258810694,6,4
A,3,11,0.9,0.5695,0,0.741282601758313,0.6929133500058438,0.048369251752469214,0.003726082382773002,6,4
A,3,11,0.99,0.57675,0,0.7399047330393563,0.6913408243927439,0.04856390864661245,0.0037381530980304355,6,4
A,3,11,0.999,0.577,0,0.7397848972175852,0.6911970038995476,0.0485878933180375,0.0037394340735081902,6,4
A,4,12,0.1,0.5015,0,0.7433424445414281,0.67201996108597,0.07132248345545825,0.004493610267302328,6,4
A,4,12,0.5,0.5205,0,0.7248780543948192,0.686429064378844,0.038448990015975196,0.003913252830337901,6,4
A,4,12,0.9,0.524,0,0.7180335882565682,0.6974182713589845,0.02061531689758361,0.0037920233809801774,6,4
A,4,12,0.99,0.5225,0,0.7170738827275945,0.6994614363397709,0.017612446387823586,0.0037928511500275124,6,4
A,4,12,0.999,0.523,0,0.7169847003250334,0.6996568455325101,0.01732785479252329,0.0037932643809516177,6,4
A,5,8,0.1,0.508,0,0.6688922115644365,0.5038207379494815,0.16507147361495494,0.0059281584918208,2,1
A,5,8,0.5,0.57475,0,0.6688922115644366,0.5038207379494816,0.1650714736149549,0.005928158491820801,2,1
A,5,8,0.9,0.6465,0,0.6688922115644365,0.5038207379494816,0.1650714736149549,0.0059281584918208004,2,1
A,5,8,0.99,0.66575,0,0.6688922115644366,0.5038207379494817,0.16507147361495492,0.005928158491820801,2,1
A,5,8,0.999,0.66675,0,0.6688922115644365,0.5038207379494816,0.1650714736149549,0.0059281584918208,2,1
A,6,17,0.1,0.49825,0,0.7394970402844677,0.6702187650655386,0.06927827521892913,0.004564673599114354,10,6
A,6,17,0.5,0.5255,0,0.7271820177745236,0.6801404804212957,0.047041537353227865,0.0036748835230495484,10,6
A,6,17,0.9,0.586,0,0.7696272741649444,0.7087403074642348,0.06088696670070955,0.0034270011654178784,10,6
A,6,17,0.99,0.6185,0,0.7905621558301511,0.7181244765036858,0.07243767932646548,0.0035752890492639967,10,6
A,6,17,0.999,0.62225,0,0.792928265306298,0.7191201660697016,0.07380809923659644,0.0035964841620784635,10,6
A,7,15,0.1,0.50875,0,0.7306926243576866,0.6542943414172665,0.07639828294042007,0.004745700640410868,4,2
A,7,15,0.5,0.55025,0,0.6990860480291777,0.6130682216736643,0.08601782635551337,0.004577951900549894,4,2
A,7,15,0.9,0.6375,0,0.7106965535434527,0.5892004681378945,0.12149608540555829,0.004709910592362751,4,2
A,7,15,0.99,0.662,0,0.7174040298113262,0.5851525451136119,0.13225148469771436,0.0047923706119964065,4,2
A,7,15,0.999,0.665,0,0.718140801961358,0.5847678000537787,0.13337300190757936,0.004801978262310347,4,2
A,8,13,0.1,0.49975,0,0.7423873029266911,0.6696308725232858,0.07275643040340538,0.004819143017177805,5,2
A,8,13,0.5,0.52875,0,0.7367678036170126,0.6696308725232858,0.06713693109372672,0.004674781877984873,5,2
A,8,13,0.9,0.587,0,0.7613880854099517,0.6696308725232858,0.09175721288666591,0.00457096441704313,5,2
A,8,13,0.99,0.613,0,0.7706763398269946,0.6696308725232858,0.10104546730370856,0.004583272830500634,5,2
A,8,13,0.999,0.615,0,0.7716910198986384,0.6696308725232858,0.10206014737535257,0.004585701516835335,5,2
A,9,16,0.1,0.52625,0,0.6637994229243372,0.5310274394351636,0.1327719834891736,0.005458253613438612,10,5
A,9,16,0.5,0.57225,0,0.6758688068503366,0.6015300608918048,0.07433874595853171,0.0043415450130563455,10,5
A,9,16,0.9,0.58375,0,0.7020858018412814,0.6465574621244583,0.05552833971682314,0.003780727820287726,10,5
A,9,16,0.99,0.5885,0,0.7093028618555535,0.6537954881661613,0.05550737368939222,0.003714850107167712,10,5
A,9,16,0.999,0.58775,0,0.710053852188068,0.6544739014057979,0.0555799507822702,0.0037093242289162782,10,5
A,10,10,0.1,0.514,0,0.647514846443386,0.502364742740238,0.14515010370314793,0.005857640940728903,2,1
A,10,10,0.5,0.5555,0,0.606931486196647,0.5023647427402381,0.10456674345640889,0.005846128808764678,2,1
A,10,10,0.9,0.57825,0,0.5834358565801139,0.502364742740238,0.08107111383987578,0.0059039671178847085,2,1
A,10,10,0.99,0.5845,0,0.579451045024546,0.5023647427402381,0.07708630228430785,0.005918377346061548,2,1
A,10,10,0.999,0.58475,0,0.5790722985535351,0.502364742740238,0.07670755581329701,0.00591981541907276,2,1
A,11,8,0.1,0.529,0,0.6529137826356483,0.4958748771888937,0.15703890544675442,0.005793175064409041,2,1
A,11,8,0.5,0.5615,0,0.6136042701575509,0.49587487718889384,0.11772939296865706,0.005772498049627143,2,1
A,11,8,0.9,0.58475,0,0.590846131354442,0.4958748771888938,0.09497125416554811,0.005823490549262221,2,1
A,11,8,0.99,0.58775,0,0.5869863967584371,0.49587487718889384,0.0911115195695433,0.005836643230319316,2,1
A,11,8,0.999,0.588,0,0.5866195385427124,0.49587487718889384,0.09074466135381866,0.005837960426494417,2,1
A,12,18,0.1,0.51125,0,0.6704224727770597,0.5226720436557346,0.1477504291213253,0.005376270297562978,11,3
A,12,18,0.5,0.5835,0,0.7112728776821428,0.5820794942661357,0.12919338341600697,0.00434737975143838,11,3
A,12,18,0.9,0.727,0,0.7808045461887886,0.616473281461631,0.16433126472715748,0.0038132956417858623,11,3
A,12,18,0.99,0.77,0,0.8088511407017956,0.6223063986367463,0.18654474206504942,0.0037900041561147123,11,3
A,12,18,0.999,0.77625,0,0.8121784500965782,0.6228608219800597,0.1893176281165185,0.0037934741396228023,11,3
A,13,17,0.1,0.50025,0,0.7805792222344223,0.7235199446618701,0.057059277572552185,0.003695494636111496,8,4
A,13,17,0.5,0.55675,0,0.7255215053213533,0.6441152282889185,0.08140627703243479,0.0032117096094691003,8,4
A,13,17,0.9,0.73825,0,0.7431777043960404,0.5954608845111387,0.1477168198849017,0.0033269001742343486,8,4
A,13,17,0.99,0.77875,0,0.7567519550078718,0.5875773169677564,0.16917463804011543,0.0034912629426503625,8,4
A,13,17,0.999,0.7815,0,0.7582411787822458,0.5868385682266534,0.1714026105555925,0.003510185601135897,8,4
A,14,13,0.1,0.50925,0,0.6493578100021137,0.5004129011730563,0.1489449088290574,0.005854064959101233,2,1
A,14,13,0.5,0.54625,0,0.6092632799768767,0.5004129011730563,0.10885037880382031,0.005832032644430793,2,1
A,14,13,0.9,0.573,0,0.5860506573306868,0.5004129011730563,0.08563775615763045,0.005882043674784904,2,1
A,14,13,0.99,0.57675,0,0.582113843188431,0.5004129011730564,0.08170094201537449,0.005895018636168755,2,1
A,14,13,0.999,0.57675,0,0.5817396587527023,0.5004129011730563,0.08132675757964605,0.005896318795771436,2,1
A,15,17,0.1,0.51275,0,0.7914153351564778,0.7319121739753628,0.05950316118111514,0.0037734409505839547,9,6
A,15,17,0.5,0.5645,0,0.7826462906353715,0.7029428566282515,0.07970343400711988,0.003334105320725488,9,6
A,15,17,0.9,0.65,0,0.8064562954515117,0.7064692607766251,0.09998703467488661,0.0034718894533012482,9,6
A,15,17,0.99,0.6655,0,0.8166459830156392,0.7107214407421191,0.10592454227352015,0.0036238743310253456,9,6
A,15,17,0.999,0.6655,0,0.8177751694328605,0.7112110545684711,0.10656411486438955,0.0036420079711446183,9,6
A,16,14,0.1,0.512,0,0.7427529586261816,0.651213809566345,0.09153914905983658,0.004526348757769399,7,5
A,16,14,0.5,0.56975,0,0.7348392539242703,0.6382467287213383,0.09659252520293203,0.0036399063766734247,7,5
A,16,14,0.9,0.63075,0,0.7556699492967186,0.6655215260195458,0.09014842327717276,0.003611613423021409,7,5
A,16,14,0.99,0.63825,0,0.7631787252375606,0.6751865302375198,0.08799219500004071,0.0037358310201569796,7,5
A,16,14,0.999,0.63725,0,0.763975463028221,0.6761989774964159,0.08777648553180498,0.003750938053504411,7,5
A,17,21,0.1,0.50925,0,0.7405908994450378,0.6679960869910161,0.07259481245402162,0.00455845033953763,13,5
A,17,21,0.5,0.5335,0,0.7316034635593035,0.6842756981962057,0.04732776536309793,0.0037750908938395497,13,5
A,17,21,0.9,0.5685,0,0.7710940579015556,0.7192321599165606,0.05186189798499507,0.0033217364818730563,13,5
A,17,21,0.99,0.62925,0,0.8077136879061417,0.7293415466264066,0.07837214127973516,0.0033272055366967237,13,5
A,17,21,0.999,0.6375,0,0.8132096551505424,0.7303962239658173,0.08281343118472506,0.003345197608881311,13,5
A,18,11,0.1,0.5055,0,0.7489305219093216,0.6535453373413305,0.09538518456799125,0.004641379797864058,5,2
A,18,11,0.5,0.5675,0,0.7383754440352405,0.6143077313736481,0.12406771266159228,0.004515477485940685,5,2
A,18,11,0.9,0.68875,0,0.7641239766175452,0.5915912226555162,0.17253275396202883,0.0045070528949568735,5,2
A,18,11,0.99,0.72775,0,0.7743970948981593,0.587738548438245,0.1866585464599143,0.0045415326166481996,5,2
A,18,11,0.999,0.7325,0,0.7754990004872115,0.5873723612940358,0.18812663919317568,0.004546401965947264,5,2
A,19,16,0.1,0.517,0,0.7827162385028751,0.7335620840243814,0.049154154478493736,0.0037038243733231112,8,6
A,19,16,0.5,0.5395,0,0.7499235329670212,0.7090225850702091,0.0409009478968121,0.0029828275927899395,8,6
A,19,16,0.9,0.5985,0,0.7590832842399565,0.7033071900500889,0.05577609418986748,0.0031590683749050637,8,6
A,19,16,0.99,0.617,0,0.7675197793338826,0.7037745022432439,0.06374527709063879,0.003359124556227553,8,6
A,19,16,0.999,0.6185,0,0.7684505225296734,0.7038479513720556,0.06460257115761775,0.003382136677385095,8,6
A,20,18,0.1,0.5075,0,0.670447579120018,0.5116879143097374,0.15875966481028062,0.0053494956998708,11,5
A,20,18,0.5,0.59425,0,0.706829353886034,0.5797463055051535,0.12708304838088041,0.003729635503455575,11,5
A,20,18,0.9,0.68725,0,0.7644170773564308,0.6565209692876779,0.10789610806875313,0.003103312783789884,11,5
A,20,18,0.99,0.69825,0,0.781361957732338,0.6751753672596806,0.10618659047265715,0.0031652441091657097,11,5
A,20,18,0.999,0.699,0,0.7831328727500486,0.6770621941039568,0.10607067864609175,0.0031759773266095883,11,5
A,21,12,0.1,0.47775,0,0.7992353773808174,0.7558852065646963,0.04335017081612115,0.003933238904757586,7,4
A,21,12,0.5,0.5065,0,0.8128535577828606,0.7738662850050483,0.03898727277781233,0.0035237231375364027,7,4
A,21,12,0.9,0.54575,0,0.8319781197467405,0.7970106385387579,0.03496748120798266,0.003266614885089831,7,4
A,21,12,0.99,0.55025,0,0.8372423560842538,0.8030346360372081,0.034207720047045455,0.003265879860703907,7,4
A,21,12,0.999,0.5515,0,0.8377864638044396,0.803657054254832,0.034129409549607484,0.0032676016449036363,7,4
A,22,11,0.1,0.4925,0,0.7939490017027662,0.741530910634477,0.052418091068289104,0.0038753313340489075,7,3
A,22,11,0.5,0.52625,0,0.786070404486558,0.7140446753937011,0.0720257290928568,0.0038343046632922473,7,3
A,22,11,0.9,0.607,0,0.7902089741601336,0.7005548260926248,0.08965414806750883,0.0038505950543882344,7,3
A,22,11,0.99,0.6305,0,0.7935463212012118,0.6984572521896661,0.09508906901154565,0.003863285540120136,7,3
A,22,11,0.999,0.63325,0,0.7939449651717221,0.6982603879191579,0.09568457725256417,0.0038651098994782872,7,3
A,23,23,0.1,0.497,0,0.7905261123716399,0.7495092364301358,0.04101687594150413,0.003677386119824537,11,7
A,23,23,0.5,0.5235,0,0.7773706217935409,0.7470284078271964,0.030342213966344418,0.0031081656207455153,11,7
A,23,23,0.9,0.53825,0,0.8025227422582,0.7860332008668115,0.016489541391388453,0.0028833962792381112,11,7
A,23,23,0.99,0.52725,0,0.8143849409498153,0.8007134649104496,0.013671476039365534,0.0029629252764456476,11,7
A,23,23,0.999,0.52425,0,0.8156798184003692,0.8022812277868384,0.013398590613530959,0.0029748136490962045,11,7
A,24,21,0.1,0.521,0,0.6676674620574449,0.5028297990312285,0.1648376630262163,0.005798458648245718,10,1
A,24,21,0.5,0.5875,0,0.6800717807130113,0.5028297990312286,0.17724198168178268,0.005435102327020128,10,1
A,24,21,0.9,0.73925,0,0.7716836171789332,0.5028297990312285,0.2688538181477047,0.004994667765585432,10,1
A,24,21,0.99,0.8175,0,0.8234032959051579,0.5028297990312286,0.32057349687392933,0.004981344541415275,10,1
A,24,21,0.999,0.82775,0,0.8298666515548414,0.5028297990312285,0.3270368525236129,0.004988963931418858,10,1
A,25,19,0.1,0.506,0,0.75701104371464,0.6726378427168733,0.08437320099776659,0.004600782985701286,10,5
A,25,19,0.5,0.553,0,0.7807006657629725,0.7071447762325933,0.07355588953037903,0.0035992123674936523,10,5
A,25,19,0.9,0.63575,0,0.8407157961455362,0.7583815936570222,0.08233420248851395,0.003107334151911193,10,5
A,25,19,0.99,0.66,0,0.8637138372373115,0.7719770424764149,0.0917367947608967,0.00316929663335376,10,5
A,25,19,0.999,0.6645,0,0.8663120191538168,0.7733787225166773,0.09293329663713976,0.003182215936699868,10,5
A,26,11,0.1,0.51325,0,0.7923284088218993,0.734423456615431,0.05790495220646827,0.003744000262088325,6,4
A,26,11,0.5,0.56025,0,0.7671382720313353,0.6943935706054383,0.07274470142589706,0.003403414905230869,6,4
A,26,11,0.9,0.63275,0,0.7520542611564756,0.6697155624853176,0.08233869867115794,0.0034596530639390546,6,4
A,26,11,0.99,0.644,0,0.7495282296028243,0.6654858457915744,0.08404238381124984,0.0034901997757161352,6,4
A,26,11,0.999,0.6445,0,0.7492904049928295,0.6650834791663816,0.0842069258264479,0.0034934258235701965,6,4
A,27,12,0.1,0.49925,0,0.7871859436159127,0.7424825185050654,0.04470342511084709,0.003957265611920321,6,4
A,27,12,0.5,0.537,0,0.7738828960199898,0.7220702208691457,0.05181267515084407,0.0038079520880445524,6,4
A,27,12,0.9,0.5885,0,0.7811014685708201,0.7157508964644451,0.06535057210637503,0.003845352742377434,6,4
A,27,12,0.99,0.6025,0,0.7845830828598491,0.7151556767272302,0.06942740613261877,0.0038757604632845663,6,4
A,27,12,0.999,0.602,0,0.784965543458964,0.7151066252118343,0.06985891824712982,0.0038794193716084465,6,4
A,28,12,0.1,0.52225,0,0.6695452716857601,0.5074324850278692,0.1621127866578908,0.005399606560032951,7,2
A,28,12,0.5,0.609,0,0.6700341977186287,0.5059618338898828,0.1640723638287459,0.004501745719866335,7,2
A,28,12,0.9,0.75825,0,0.7098154855500763,0.5051104042836801,0.2047050812663963,0.004098508703082477,7,2
A,28,12,0.99,0.805,0,0.7381102205579805,0.5049660035338842,0.2331442170240963,0.004146523887219627,7,2
A,28,12,0.999,0.81075,0,0.7417068047154979,0.5049522786001943,0.23675452611530362,0.004164212619972589,7,2
A,29,15,0.1,0.514,0,0.658430106520718,0.5147250823075774,0.14370502421314063,0.005476403112657104,8,3
A,29,15,0.5,0.5725,0,0.6788550168186901,0.5796183304355675,0.09923668638312233,0.003960932800971564,8,3
A,29,15,0.9,0.69775,0,0.7789089748023323,0.6439045848271444,0.13500438997518796,0.003574328078229682,8,3
A,29,15,0.99,0.74475,0,0.821241690624292,0.6584231864979381,0.162818504126354,0.0037497530533727413,8,3
A,29,15,0.999,0.75125,0,0.8260977653567492,0.6598764505811575,0.16622131477559174,0.0037765439445403403,8,3
A,30,23,0.1,0.5115,0,0.7931510932094652,0.7453868833626193,0.04776420984684603,0.0038814697066922085,13,5
A,30,23,0.5,0.53325,0,0.7830000585925129,0.73638983612343,0.046610222469082994,0.0035536283188251933,13,5
A,30,23,0.9,0.622,0,0.8178299647932056,0.7328134517801181,0.08501651301308749,0.003310693003874038,13,5
A,30,23,0.99,0.6855,0,0.8437463955977224,0.732120088284573,0.11162630731314943,0.003328634621987714,13,5
A,30,23,0.999,0.6955,0,0.8470659857787876,0.7320505504026308,0.11501543537615692,0.003337628770852528,13,5
A,31,18,0.1,0.50775,0,0.7858334742251835,0.7365576703995105,0.04927580382567304,0.0037474834424645284,7,4
A,31,18,0.5,0.538,0,0.7418761353591297,0.6962440244682319,0.04563211089089785,0.003589539420236375,7,4
A,31,18,0.9,0.55025,0,0.7112605433094031,0.6680902568838192,0.04317028642558405,0.0038722199001595264,7,4
A,31,18,0.99,0.5525,0,0.705728830007092,0.6631661388399123,0.04256269116717979,0.003953794490596799,7,4
A,31,18,0.999,0.55325,0,0.7052004505046411,0.6626994395370537,0.04250101096758747,0.003962056015115889,7,4
A,32,17,0.1,0.508,0,0.7941088539129558,0.7417252407225876,0.05238361319036826,0.00372131305137367,9,6
A,32,17,0.5,0.545,0,0.7845779373208182,0.7357069219507203,0.048871015370097845,0.0031382317906878767,9,6
A,32,17,0.9,0.56375,0,0.801938388648533,0.7667825265878774,0.03515586206065553,0.003193321268060421,9,6
A,32,17,0.99,0.5585,0,0.8100005636243414,0.7776933393792874,0.032307224245054056,0.0033198905236746954,9,6
A,32,17,0.999,0.556,0,0.8108926402975632,0.7788415864479437,0.03205105384961956,0.003335523658271693,9,6
A,33,18,0.1,0.518,0,0.7488935584220924,0.6705690990428999,0.0783244593791925,0.004610050552732432,10,4
A,33,18,0.5,0.53725,0,0.7431959714443204,0.6827378338223833,0.060458137621937066,0.004197764790001459,10,4
A,33,18,0.9,0.549,0,0.7348324972333844,0.6865382314778344,0.04829426575555009,0.004093762702744248,10,4
A,33,18,0.99,0.549,0,0.7327992839847884,0.6865937468003582,0.04620553718443026,0.0041046677876937585,10,4
A,33,18,0.999,0.54925,0,0.7325982298788528,0.6865893202124231,0.04600890966642973,0.004106185722488815,10,4
A,34,14,0.1,0.51575,0,0.6672193891032588,0.5036125193768155,0.1636068697264434,0.005466767891053429,9,3
A,34,14,0.5,0.64775,0,0.6973185168437506,0.5049637342481609,0.1923547825955895,0.004172506541191612,9,3
A,34,14,0.9,0.824,0,0.7459626654259808,0.5057460165420978,0.24021664888388297,0.003881485616951287,9,3
A,34,14,0.99,0.839,0,0.7594593343095251,0.5058786900467226,0.2535806442628025,0.003949032201402727,9,3
A,34,14,0.999,0.839,0,0.7608475368981483,0.5058913003348134,0.254956236563335,0.0039583733966605,9,3
A,35,17,0.1,0.50025,0,0.78485451717266,0.7330501552503909,0.05180436192226901,0.0037388869311001664,9,7
A,35,17,0.5,0.54875,0,0.7519470620042157,0.6942417364022914,0.05770532560192423,0.0029095308789019434,9,7
A,35,17,0.9,0.65125,0,0.748667554293032,0.671992339853015,0.07667521444001713,0.002913957101920293,9,7
A,35,17,0.99,0.6685,0,0.7512852996819328,0.6689816836603454,0.08230361602158735,0.003057502651079144,9,7
A,35,17,0.999,0.66975,0,0.7515988234599635,0.6687150437990746,0.08288377966088883,0.00307431579788599,9,7
A,36,15,0.1,0.5155,0,0.7408756739715574,0.6673917539303375,0.07348392004121987,0.004403737051345239,7,3
A,36,15,0.5,0.54025,0,0.7260313964742214,0.6614149650148224,0.064616431459399,0.00393610822223331,7,3
A,36,15,0.9,0.63325,0,0.7589340388935893,0.6604052531144655,0.09852878577912369,0.0037189806468715266,7,3
A,36,15,0.99,0.681,0,0.7770283744982341,0.6603959360984463,0.11663243839978796,0.003752318336066308,7,3
A,36,15,0.999,0.68375,0,0.7791301072629344,0.6603966525749542,0.11873345468798034,0.0037607215725811148,7,3
A,37,15,0.1,0.51975,0,0.7460911229636383,0.6670150973967722,0.07907602556686602,0.004552892402603846,5,4
A,37,15,0.5,0.547,0,0.7246341589153642,0.6652368028297068,0.05939735608565749,0.003971315396451843,5,4
A,37,15,0.9,0.57125,0,0.7122483245776206,0.659297268100248,0.052951056477372506,0.003932311660813656,5,4
A,37,15,0.99,0.57825,0,0.7102838945253878,0.6579635343013173,0.05232036022407046,0.003955874439628909,5,4
A,37,15,0.999,0.578,0,0.7101000746099736,0.6578326484700457,0.05226742613992779,0.003958560938135178,5,4
A,38,20,0.1,0.51825,0,0.7485625558921145,0.664054381027488,0.0845081748646264,0.004532912652035274,10,7
A,38,20,0.5,0.581,0,0.7570624745233946,0.6679188286268932,0.08914364589650131,0.0036905809388787397,10,7
A,38,20,0.9,0.707,0,0.798578953620454,0.6779631952558147,0.12061575836463913,0.003253917025033899,10,7
A,38,20,0.99,0.7465,0,0.8198923711000805,0.6798421027288671,0.14005026837121337,0.0032661876950381575,10,7
A,38,20,0.999,0.7505,0,0.8224834800168729,0.6800180228157965,0.14246545720107642,0.0032751505924126234,10,7
A,39,19,0.1,0.48925,0,0.788641497175337,0.737609585283684,0.05103191189165303,0.003742448937148227,11,7
A,39,19,0.5,0.5355,0,0.7661822302867044,0.7095865573086722,0.05659567297803247,0.0032150640318231835,11,7
A,39,19,0.9,0.628,0,0.7748883214789443,0.701260709818732,0.07362761166021212,0.0031037384009597793,11,7
A,39,19,0.99,0.64825,0,0.7817984029753783,0.7008525219116608,0.08094588106371745,0.003143590769798361,11,7
A,39,19,0.999,0.65125,0,0.7825723764863427,0.7008321790875709,0.08174019739877184,0.003149353881585039,11,7
A,40,23,0.1,0.53025,0,0.6619157152881436,0.5029064175514368,0.15900929773670677,0.005391947697569438,13,2
A,40,23,0.5,0.6305,0,0.6886609560712682,0.5016497528171231,0.18701120325414525,0.004320455850060656,13,2
A,40,23,0.9,0.86675,0,0.7922941614953207,0.5009222100762044,0.29137195141911637,0.0036704605873700766,13,2
A,40,23,0.99,0.932,0,0.8510009212822315,0.5007988202897419,0.3502021009924896,0.003618185003116958,13,2
A,40,23,0.999,0.93675,0,0.8586324945419714,0.5007870923960885,0.3578454021458829,0.0036281277058936036,13,2
A,41,11,0.1,0.49225,0,0.7936025054746983,0.7465286744316528,0.0470738310430455,0.003855077733809317,6,4
A,41,11,0.5,0.51625,0,0.7708948329069669,0.7351823040421767,0.035712528864790344,0.0036897000759131657,6,4
A,41,11,0.9,0.50375,0,0.765736785049209,0.7482907705821058,0.017446014467103137,0.003852709695010693,6,4
A,41,11,0.99,0.5005,0,0.7668378692796552,0.7546805118474321,0.01215735743222317,0.003961006323288364,6,4
A,41,11,0.999,0.5,0,0.766995680143013,0.755384417188485,0.011611262954527869,0.003973960831695045,6,4
A,42,18,0.1,0.52725,0,0.654496777677859,0.49227161747210374,0.16222516020575528,0.005393176448996502,10,4
A,42,18,0.5,0.60525,0,0.6545001519059015,0.537192363953661,0.11730778795224042,0.0038837544022762836,10,4
A,42,18,0.9,0.6465,0,0.7067822380170394,0.6066921890316682,0.10009004898537117,0.0038267896639196863,10,4
A,42,18,0.99,0.66475,0,0.7366654764452305,0.6242020289184311,0.11246344752679943,0.004131060807921941,10,4
A,42,18,0.999,0.66625,0,0.7401541894801812,0.625981399377671,0.11417279010251011,0.004172420637616488,10,4
A,43,18,0.1,0.51175,0,0.7914602938306724,0.7329479501992471,0.05851234363142544,0.0037048427472708896,10,5
A,43,18,0.5,0.56125,0,0.7667617029110716,0.7003490104932562,0.06641269241781535,0.0033112207865940574,10,5
A,43,18,0.9,0.609,0,0.7549083981938141,0.6860188852586323,0.06888951293518178,0.003383924725176043,10,5
A,43,18,0.99,0.617,0,0.753817230361431,0.6840087070753684,0.06980852328606271,0.0034257874147217903,10,5
A,43,18,0.999,0.61775,0,0.7537455747971826,0.6838213708787165,0.06992420391846617,0.0034304754445179195,10,5
A,44,20,0.1,0.5095,0,0.7425047296681416,0.669584838449158,0.07291989121898376,0.004513215317241547,7,5
A,44,20,0.5,0.52575,0,0.7303147637045644,0.6975380861539797,0.032776677550584686,0.0036865092807865925,7,5
A,44,20,0.9,0.51025,0,0.7750260400314342,0.7654729846596282,0.009553055371805903,0.0031490887991793707,7,5
A,44,20,0.99,0.504,0,0.7945442674239341,0.7875504456979189,0.006993821726015264,0.0032555737914582656,7,5
A,44,20,0.999,0.50625,0,0.7966994357004687,0.7899182029491328,0.006781232751335984,0.0032746625058058393,7,5
A,45,19,0.1,0.5195,0,0.7373700852826357,0.6519613598816356,0.08540872540099989,0.004464805561078674,8,6
A,45,19,0.5,0.59275,0,0.7173176055304454,0.6193474478253368,0.09797015770510861,0.0036045606731070303,8,6
A,45,19,0.9,0.69625,0,0.7186257098802188,0.6051500721646954,0.11347563771552338,0.003396718213360417,8,6
A,45,19,0.99,0.7,0,0.7203853000249344,0.602956070028022,0.11742922999691238,0.003408283937397176,8,6
A,45,19,0.999,0.7035,0,0.7205793889390436,0.602753444045836,0.11782594489320783,0.0034103985007587754,8,6
A,46,15,0.1,0.5145,0,0.7514885415365034,0.6765201678239191,0.07496837371258416,0.004547418863613273,8,4
A,46,15,0.5,0.54675,0,0.7776515889086293,0.7200759109171686,0.057575677991460655,0.003803817367296043,8,4
A,46,15,0.9,0.57075,0,0.8047185508528655,0.7585267741098726,0.0461917767429929,0.0034828991126478817,8,4
A,46,15,0.99,0.56425,0,0.8111630273515005,0.7668233555171107,0.044339671834389784,0.0034878330247500957,8,4
A,46,15,0.999,0.564,0,0.8118157597411507,0.7676479467672007,0.04416781297394998,0.003490017916387966,8,4
A,47,13,0.1,0.4995,0,0.7424400443455499,0.6756011749687755,0.06683886937677444,0.004677263867330729,6,4
A,47,13,0.5,0.50475,0,0.7264773975225489,0.6996662815866588,0.026811115935890188,0.004260142124862412,6,4
A,47,13,0.9,0.50325,0,0.7567714077515484,0.7478565260987007,0.00891488165284777,0.0037650835550829247,6,4
A,47,13,0.99,0.51025,0,0.7735351785841212,0.7653778729069776,0.00815730567714367,0.0038230756777025117,6,4
A,47,13,0.999,0.51075,0,0.7754551816701509,0.7672814287582043,0.00817375291194665,0.0038378210484311826,6,4
A,48,17,0.1,0.50025,0,0.7567622933180467,0.6683182163078698,0.08844407701017686,0.0046797597288003425,11,4
A,48,17,0.5,0.53825,0,0.7651963407380344,0.6924429208475785,0.07275341989045593,0.004035562613674012,11,4
A,48,17,0.9,0.574,0,0.8074803895438631,0.742153770519086,0.06532661902477709,0.003420849455915496,11,4
A,48,17,0.99,0.597,0,0.8305590086186839,0.7610067061791979,0.06955230243948603,0.00347028254504398,11,4
A,48,17,0.999,0.59825,0,0.8333385594694103,0.7630816579093782,0.07025690156003207,0.0034855530965037327,11,4
A,49,15,0.1,0.499,0,0.7831832094057295,0.7390348825985066,0.04414832680722285,0.003984554212492722,10,3
A,49,15,0.5,0.5115,0,0.74857587165095,0.7138952867783701,0.03468058487257992,0.004065856248762576,10,3
A,49,15,0.9,0.544,0,0.7537451842788824,0.7012895552566237,0.05245562902225847,0.004030978517601694,10,3
A,49,15,0.99,0.56675,0,0.764109815966394,0.6993245670958173,0.0647852488705768,0.003995802938339478,10,3
A,49,15,0.999,0.5715,0,0.7654800923927659,0.6991400858883476,0.06634000650441844,0.0039934514172517525,10,3
A,50,22,0.1,0.51575,0,0.6776771425946923,0.5309017466217267,0.14677539597296552,0.005249135314497432,12,7
A,50,22,0.5,0.573,0,0.7148192509460366,0.6192863382247373,0.0955329127212995,0.00350459320112734,12,7
A,50,22,0.9,0.6495,0,0.7893605001163929,0.7163104378063945,0.07305006230999843,0.0026966662133254835,12,7
A,50,22,0.99,0.67675,0,0.8225206131726104,0.7407305715593817,0.08179004161322866,0.002818929809609625,12,7
A,50,22,0.999,0.67825,0,0.8263839459973658,0.7432356239987111,0.08314832199865473,0.002843204241665795,12,7
A,51,18,0.1,0.496,0,0.7864657292826793,0.7397428447268233,0.04672288455585613,0.0037523878379843055,9,8
A,51,18,0.5,0.53025,0,0.7664013550182692,0.7241006561022844,0.042300698915984855,0.0031882704234636058,9,8
A,51,18,0.9,0.5545,0,0.7821162623810721,0.7540946144696871,0.02802164791138507,0.0029798654999523967,9,8
A,51,18,0.99,0.552,0,0.7901759727375333,0.7658236734856387,0.024352299251894537,0.00306815186948414,9,8
A,51,18,0.999,0.55075,0,0.7910680521971956,0.7670706751390348,0.023997377058160824,0.003080555330409997,9,8
A,52,23,0.1,0.51875,0,0.6627418913712142,0.5202251815845723,0.14251670978664208,0.005418208058334737,10,7
A,52,23,0.5,0.573,0,0.6874223578941112,0.5922004801765732,0.09522187771753787,0.003775365998271857,10,7
A,52,23,0.9,0.629,0,0.7627697677972564,0.7020800134372884,0.06068975435996779,0.002798160355031189,10,7
A,52,23,0.99,0.62225,0,0.797142359836921,0.7395242313011899,0.05761812853573116,0.002999415790361774,10,7
A,52,23,0.999,0.62125,0,0.8011338352434543,0.7436027220180863,0.05753111322536795,0.0030386553610643103,10,7
A,53,17,0.1,0.5185,0,0.6678163926803925,0.5071153626308774,0.16070103004951505,0.005754665017384487,4,2
A,53,17,0.5,0.62675,0,0.6847479497625968,0.5071153626308774,0.1776325871317194,0.005411137139857073,4,2
A,53,17,0.9,0.71275,0,0.7188126759596315,0.5071153626308773,0.2116973133287543,0.005314064611741209,4,2
A,53,17,0.99,0.7235,0,0.728580738414836,0.5071153626308774,0.22146537578395853,0.005341333630188139,4,2
A,53,17,0.999,0.72425,0,0.7296028748853268,0.5071153626308773,0.22248751225444954,0.005345319973873321,4,2
A,54,17,0.1,0.50325,0,0.7396555225885542,0.6706592286591129,0.06899629392944152,0.0045769190459927275,8,5
A,54,17,0.5,0.52825,0,0.7192809429491369,0.6766137378285432,0.04266720512059385,0.0037900362892050424,8,5
A,54,17,0.9,0.534,0,0.7155586005408108,0.6909771171911943,0.02458148334961652,0.0035034294889469903,8,5
A,54,17,0.99,0.53325,0,0.7162527122265262,0.6954674363410893,0.020785275885437042,0.00352057709833521,8,5
A,54,17,0.999,0.5335,0,0.7163461034098259,0.6959415436929712,0.02040455971685472,0.003523932451314469,8,5
A,55,16,0.1,0.512,0,0.6651496138421422,0.525493816320364,0.13965579752177826,0.005488762733763707,6,5
A,55,16,0.5,0.549,0,0.6931518872476321,0.6142323748858669,0.07891951236176518,0.004228224441071037,6,5
A,55,16,0.9,0.5485,0,0.7313150157932801,0.6980842034817403,0.03323081231153997,0.003656453678078798,6,5
A,55,16,0.99,0.5335,0,0.7406297458760303,0.7166964698274413,0.023933276048588935,0.0036543752509496253,6,5
A,55,16,0.999,0.5335,0,0.7415709770485118,0.7185556602736313,0.023015316774880477,0.0036568713123609343,6,5
A,56,21,0.1,0.5095,0,0.6601194599629953,0.5194181608037418,0.1407012991592535,0.005440127387063427,9,7
A,56,21,0.5,0.55975,0,0.6677365277209824,0.587733449267806,0.08000307845317638,0.0037792888618160088,9,7
A,56,21,0.9,0.573,0,0.7413870555792837,0.6918718582050758,0.049515197374207814,0.003235677735419659,9,7
A,56,21,0.99,0.56625,0,0.7728433830831922,0.7238062678248882,0.04903711525830395,0.003621363993282568,9,7
A,56,21,0.999,0.56625,0,0.7763087908525451,0.7271934272710748,0.04911536358147036,0.003673448780882123,9,7
A,57,10,0.1,0.51925,0,0.6616610173687637,0.4985994830574178,0.16306153431134598,0.005412020696167209,5,3
A,57,10,0.5,0.602,0,0.6646506917246273,0.5286756628309125,0.1359750288937148,0.004260575864315304,5,3
A,57,10,0.9,0.648,0,0.6918772507362119,0.5800490317840864,0.11182821895212537,0.004383468446304881,5,3
A,57,10,0.99,0.6475,0,0.7009214969708718,0.5930639211013222,0.10785757586954958,0.0045690790761037745,5,3
A,57,10,0.999,0.6475,0,0.7018751833166421,0.5943848621469059,0.10749032116973627,0.004590335910980725,5,3
A,58,19,0.1,0.5095,0,0.7918988768542343,0.7364353804323263,0.05546349642190815,0.003767140116886866,10,5
A,58,19,0.5,0.56475,0,0.7779401968752772,0.7050621899972804,0.07287800687799666,0.0034752439322051866,10,5
A,58,19,0.9,0.64675,0,0.7870990665913268,0.6939556315613251,0.09314343503000151,0.0034447228356579178,10,5
A,58,19,0.99,0.65675,0,0.7924868787712086,0.6926252852265775,0.09986159354463103,0.0034831601714270023,10,5
A,58,19,0.999,0.65625,0,0.7931016656886232,0.6925066354468323,0.10059503024179085,0.0034882122141800084,10,5
A,59,16,0.1,0.4965,0,0.7455496895617136,0.6681288884909617,0.07742080107075186,0.004704780813578196,7,4
A,59,16,0.5,0.55175,0,0.7532022364906318,0.6832848762012438,0.06991736028938805,0.004237345519559156,7,4
A,59,16,0.9,0.618,0,0.7862693743402748,0.6946029887954728,0.09166638554480193,0.003971480761233725,7,4
A,59,16,0.99,0.64125,0,0.797417989129269,0.696698192624935,0.10071979650433412,0.0039605929893966885,7,4
A,59,16,0.999,0.6435,0,0.7985997114797174,0.6968994765610931,0.10170023491862441,0.003961070383814568,7,4
A,60,10,0.1,0.5105,0,0.8002602924988877,0.7480309787495639,0.052229313749323776,0.0039671499792790854,5,3
A,60,10,0.5,0.537,0,0.8016682684334342,0.7480309787495639,0.05363728968387011,0.003940492137171227,5,3
A,60,10,0.9,0.56675,0,0.8015825356707249,0.7480309787495639,0.053551556921161064,0.0039372324089748485,5,3
A,60,10,0.99,0.5765,0,0.8014222208320119,0.7480309787495639,0.053391242082447915,0.0039396808581760165,5,3
A,60,10,0.999,0.577,0,0.8014042737868362,0.7480309787495637,0.05337329503727244,0.003939988866126686,5,3
A,61,10,0.1,0.5065,0,0.7522718231521723,0.675871524535333,0.07640029861683938,0.0047245028720412615,5,4
A,61,10,0.5,0.5375,0,0.7553337110785543,0.6993041701691766,0.05602954090937782,0.004160516663072729,5,4
A,61,10,0.9,0.52525,0,0.7712801163205929,0.7502798731445298,0.02100024317606323,0.003758340601860526,5,4
A,61,10,0.99,0.5055,0,0.7771066663929118,0.7689775212736311,0.008129145119280708,0.0038200554518100427,5,4
A,61,10,0.999,0.5025,0,0.7777438398396955,0.7710617730694744,0.006682066770221006,0.0038320408460916187,5,4
A,62,21,0.1,0.50225,0,0.7377072840407572,0.6732012932271831,0.06450599081357421,0.0045528241782635545,5,4
A,62,21,0.5,0.51675,0,0.7227162488517864,0.695113786957694,0.027602461894092524,0.003864417355982166,5,4
A,62,21,0.9,0.505,0,0.7431713686924166,0.7320750201678926,0.01109634852452411,0.0036663943080020934,5,4
A,62,21,0.99,0.50725,0,0.7510933281363277,0.7421549789390789,0.008938349197248747,0.0037555295280520345,5,4
A,62,21,0.999,0.5075,0,0.7519477378696261,0.7431920271435376,0.008755710726088257,0.003767610548556597,5,4
A,63,19,0.1,0.49375,0,0.7776406515757925,0.7329102773690833,0.04473037420670913,0.0038413605186258474,11,5
A,63,19,0.5,0.5245,0,0.742271426998092,0.6971221291291279,0.04514929786896424,0.003466320531462111,11,5
A,63,19,0.9,0.62575,0,0.7900213450995093,0.7091681667960383,0.0808531783034708,0.003229547547686764,11,5
A,63,19,0.99,0.658,0,0.8196949459660594,0.7219066547782736,0.09778829118778569,0.003453231691371334,11,5
A,63,19,0.999,0.66025,0,0.8231019658493117,0.7234168799606002,0.09968508588871146,0.003487144763576978,11,5
A,64,8,0.1,0.5055,0,0.8019089119183959,0.7499664885847388,0.0519424233336571,0.003972135287688839,4,3
A,64,8,0.5,0.53675,0,0.8019089119183959,0.7499664885847389,0.05194242333365709,0.003972135287688839,4,3
A,64,8,0.9,0.56525,0,0.8019089119183959,0.7499664885847389,0.05194242333365706,0.003972135287688839,4,3
A,64,8,0.99,0.5685,0,0.8019089119183959,0.7499664885847389,0.05194242333365705,0.003972135287688839,4,3
A,64,8,0.999,0.56975,0,0.8019089119183956,0.7499664885847388,0.05194242333365703,0.003972135287688838,4,3
A,65,22,0.1,0.507,0,0.7487834830967633,0.6657133420511747,0.08307014104558867,0.00459950509378007,11,6
A,65,22,0.5,0.5375,0,0.7440004362813502,0.6860143763647597,0.05798605991659052,0.003791667183471754,11,6
A,65,22,0.9,0.55025,0,0.749275112696275,0.7161555238272015,0.033119588869073485,0.0033137212867197043,11,6
A,65,22,0.99,0.543,0,0.7520564194624125,0.7244534040617016,0.027603015400710924,0.0032831310354495625,11,6
A,65,22,0.999,0.5405,0,0.7523662019137927,0.7253186511507731,0.027047550763019537,0.0032820972863502654,11,6
A,66,16,0.1,0.524,0,0.6809385700293522,0.5240024382046221,0.1569361318247302,0.005397682156088948,8,5
A,66,16,0.5,0.596,0,0.713541641635894,0.5962349540064527,0.1173066876294413,0.0042695032533490605,8,5
A,66,16,0.9,0.64075,0,0.7395513251697666,0.6467028773778538,0.09284844779191277,0.0036422733965968458,8,5
A,66,16,0.99,0.642,0,0.7454722382321831,0.655749811508642,0.08972242672354104,0.00356387470195228,8,5
A,66,16,0.999,0.64275,0,0.7460687210197263,0.6566155686594854,0.08945315236024098,0.0035572942486863887,8,5
A,67,23,0.1,0.5025,0,0.7839434716294038,0.7358486995105723,0.048094772118831626,0.0038924190063012037,12,7
A,67,23,0.5,0.532,0,0.7576299411496575,0.7145171900797844,0.04311275106987304,0.0034367316545635294,12,7
A,67,23,0.9,0.577,0,0.7669285875964095,0.725261753795181,0.04166683380122844,0.002973611599531038,12,7
A,67,23,0.99,0.61725,0,0.791468916309924,0.7341093118889438,0.05735960442098015,0.002962426250007005,12,7
A,67,23,0.999,0.62075,0,0.7952970387906911,0.7351596650469134,0.06013737374377774,0.002980668183806362,12,7
A,68,18,0.1,0.5095,0,0.7561687211922965,0.6647156206201439,0.09145310057215256,0.0045408393759131275,10,5
A,68,18,0.5,0.57625,0,0.7767662007694801,0.6858889791540859,0.09087722161539417,0.0035714392982569023,10,5
A,68,18,0.9,0.62975,0,0.8208365520963704,0.7455054340335818,0.07533111806278851,0.003250525231607961,10,5
A,68,18,0.99,0.615,0,0.834642950961437,0.7628833098317905,0.07175964112964654,0.003332334027833768,10,5
A,68,18,0.999,0.61375,0,0.8361020697675744,0.7646745543103863,0.07142751545718795,0.0033443389296390425,10,5
A,69,22,0.1,0.506,0,0.7482934518715115,0.6712978207491115,0.07699563112239995,0.00467906329075197,9,7
A,69,22,0.5,0.533,0,0.7601554926338934,0.701434561641266,0.05872093099262715,0.003954553143145295,9,7
A,69,22,0.9,0.54575,0,0.7973992526937309,0.7641142373222573,0.03328501537147362,0.0032038735281327115,9,7
A,69,22,0.99,0.5385,0,0.8094577063803345,0.7853472207352858,0.024110485645048686,0.003132665313729161,9,7
A,69,22,0.999,0.536,0,0.8107396867254413,0.7876672055727133,0.023072481152727923,0.003129687732542096,9,7
A,70,23,0.1,0.51175,0,0.7931840343379765,0.7437443288172737,0.04943970552070272,0.003747083801374232,14,7
A,70,23,0.5,0.5345,0,0.779457812304556,0.7406100470496537,0.03884776525490227,0.0030137896459047934,14,7
A,70,23,0.9,0.5905,0,0.7979132053460871,0.7456830198182417,0.05223018552784532,0.00295887165493128,14,7
A,70,23,0.99,0.61775,0,0.810783461640739,0.7480040149401413,0.06277944670059765,0.0030876326245660615,14,7
A,70,23,0.999,0.6215,0,0.8123326744517357,0.7482546081372159,0.06407806631451995,0.0031060562382367054,14,7
A,71,25,0.1,0.5025,0,0.7528349794021174,0.6667439075981586,0.08609107180395884,0.004494055015705067,15,7
A,71,25,0.5,0.5455,0,0.7577038568342377,0.6885141476990245,0.06918970913521315,0.0034607740260821176,15,7
A,71,25,0.9,0.59525,0,0.794808647624135,0.740115681806192,0.05469296581794302,0.002931062006268352,15,7
A,71,25,0.99,0.61625,0,0.8146438902114866,0.7554580142287047,0.05918587598278194,0.003042533599934397,15,7
A,71,25,0.999,0.6145,0,0.8169611162216729,0.7570561044244354,0.0599050117972375,0.0030619959702982923,15,7
A,72,22,0.1,0.50375,0,0.7877882189957126,0.7374858280265816,0.05030239096913103,0.0037936818998267406,10,5
A,72,22,0.5,0.5375,0,0.7539851241018377,0.7010020882305313,0.0529830358713064,0.003374048960272766,10,5
A,72,22,0.9,0.60875,0,0.7588429539843752,0.6863965483612661,0.0724464056231092,0.0033594863638034544,10,5
A,72,22,0.99,0.6465,0,0.772717530443416,0.6859141384365992,0.08680339200681678,0.0035025566131596172,10,5
A,72,22,0.999,0.65075,0,0.7745397056271953,0.685906707423409,0.08863299820378623,0.0035246192985336363,10,5
A,73,11,0.1,0.5245,0,0.6661953013337417,0.4972170519177266,0.16897824941601514,0.0059198804205912664,5,1
A,73,11,0.5,0.5995,0,0.6844086954130953,0.49721705191772675,0.1871916434953686,0.005488271451570292,5,1
A,73,11,0.9,0.70625,0,0.7259329082552156,0.49721705191772664,0.22871585633748884,0.005319982916268386,5,1
A,73,11,0.99,0.73875,0,0.7386117266047204,0.49721705191772675,0.24139467468699366,0.005343057248260708,5,1
A,73,11,0.999,0.74275,0,0.7399442058997517,0.4972170519177266,0.24272715398202518,0.005346782374401888,5,1
A,74,11,0.1,0.49575,0,0.7429011784308357,0.6494958562975662,0.09340532213326957,0.004690294534692632,6,2
A,74,11,0.5,0.557,0,0.7150316690567814,0.6096614875856958,0.1053701814710856,0.004485236945395745,6,2
A,74,11,0.9,0.648,0,0.7258780118477359,0.5865994846472444,0.13927852720049144,0.004511588719541398,6,2
A,74,11,0.99,0.6855,0,0.7388252126383322,0.5826882153046679,0.15613699733366432,0.004614118120482371,6,2
A,74,11,0.999,0.68875,0,0.7403945845684349,0.5823164588388938,0.15807812572954108,0.004628664146771707,6,2
A,75,23,0.1,0.5065,0,0.6781000129233348,0.5308886025142676,0.14721141040906713,0.00546386681779657,14,7
A,75,23,0.5,0.56525,0,0.7221165569460709,0.6357274652810438,0.08638909166502724,0.0036210198532613774,14,7
A,75,23,0.9,0.5755,0,0.824151619726277,0.790893862645041,0.03325775708123607,0.00234331401262386,14,7
A,75,23,0.99,0.559,0,0.8689502971216836,0.8432612118822398,0.0256890852394438,0.0024169092113113834,14,7
A,75,23,0.999,0.55825,0,0.874133137665456,0.8490559519013239,0.025077185764131985,0.0024452875547238784,14,7
A,76,17,0.1,0.51325,0,0.7472916092360463,0.6631207266953252,0.08417088254072118,0.004723546972879893,12,2
A,76,17,0.5,0.5525,0,0.754528824600028,0.6631207266953252,0.0914080979047028,0.004464510795527655,12,2
A,76,17,0.9,0.656,0,0.8015603666754453,0.6631207266953252,0.1384396399801201,0.0041805778205379444,12,2
A,76,17,0.99,0.7115,0,0.8321967189268358,0.6631207266953253,0.16907599223151043,0.004170426646042943,12,2
A,76,17,0.999,0.722,0,0.8364214829513926,0.6631207266953252,0.17330075625606747,0.0041793895708282,12,2
A,77,15,0.1,0.5085,0,0.7895395675172939,0.7461984430353626,0.04334112448193125,0.0037605473879374113,7,5
A,77,15,0.5,0.52525,0,0.7739802329504287,0.7447527754652237,0.02922745748520495,0.0035087543751343045,7,5
A,77,15,0.9,0.5385,0,0.7729276257281024,0.749219091850448,0.02370853387765442,0.003439333294373419,7,5
A,77,15,0.99,0.536,0,0.773332011349966,0.7504595397265397,0.022872471623426278,0.003430626407729447,7,5
A,77,15,0.999,0.53725,0,0.7733778037919351,0.7505829043596577,0.02279489943227742,0.003429894111179633,7,5
A,78,21,0.1,0.50925,0,0.6779782179810625,0.5044893246743022,0.17348889330676032,0.005741450294996494,11,2
A,78,21,0.5,0.6395,0,0.7076098705158612,0.5044893246743022,0.203120545841559,0.005255928752549186,11,2
A,78,21,0.9,0.773,0,0.7744435941277604,0.5044893246743022,0.26995426945345824,0.005012547868031664,11,2
A,78,21,0.99,0.79125,0,0.7986028458548997,0.5044893246743022,0.2941135211805974,0.0050612688414971565,11,2
A,78,21,0.999,0.79325,0,0.8012719350425633,0.5044893246743021,0.2967826103682612,0.005069762169923853,11,2
A,79,19,0.1,0.50025,0,0.7482160561076167,0.6694145238562688,0.07880153225134802,0.004404695399790165,10,8
A,79,19,0.5,0.55825,0,0.7579783822105205,0.682826409766457,0.07515197244406358,0.0032929458206637377,10,8
A,79,19,0.9,0.68625,0,0.78432088896593,0.6911219318977426,0.09319895706818733,0.0028919341506905578,10,8
A,79,19,0.99,0.70425,0,0.792394411063842,0.6922229230499751,0.1001714880138667,0.002902289676100628,10,8
A,79,19,0.999,0.70475,0,0.7932321350760753,0.6923206340116732,0.10091150106440211,0.002905433522440125,10,8
A,80,17,0.1,0.4955,0,0.7248299799912975,0.6515871700216744,0.07324280996962315,0.004723218143938137,6,3
A,80,17,0.5,0.53775,0,0.6769111123593275,0.6125582978017549,0.06435281455757269,0.00455996210791164,6,3
A,80,17,0.9,0.6255,0,0.6966025094968636,0.589962634937591,0.10663987455927253,0.004615443030415207,6,3
A,80,17,0.99,0.65475,0,0.7127684866218911,0.5861304559342466,0.1266380306876445,0.0047373773807774956,6,3
A,80,17,0.999,0.65875,0,0.7146242273044977,0.58576621680937,0.12885801049512777,0.00475396029517524,6,3
A,81,8,0.1,0.515,0,0.6717875305419329,0.5249697456632471,0.14681778487868563,0.005599299996376135,4,3
A,81,8,0.5,0.56725,0,0.7072045090355146,0.6078396026973433,0.09936490633817141,0.004619380359997155,4,3
A,81,8,0.9,0.60725,0,0.7527060182976499,0.6818370643272801,0.07086895397036984,0.004225887136045256,4,3
A,81,8,0.99,0.59525,0,0.7642909815755219,0.6979347222081758,0.06635625936734593,0.004258369051357968,4,3
A,81,8,0.999,0.597,0,0.7654823700927957,0.6995364716476936,0.06594589844510208,0.004264334768624361,4,3
A,82,20,0.1,0.5125,0,0.7476782731686448,0.6691480068695719,0.0785302662990729,0.00448094043009558,12,7
A,82,20,0.5,0.55475,0,0.7526703649847704,0.6840805132157282,0.06858985176904218,0.00360159662747793,12,7
A,82,20,0.9,0.64125,0,0.7846562710416982,0.7102970196092768,0.07435925143242145,0.0031486157706453353,12,7
A,82,20,0.99,0.643,0,0.7948629952619987,0.7171162021250916,0.0777467931369071,0.0031337275141199426,12,7
A,82,20,0.999,0.64575,0,0.7959349734987774,0.7178124287852288,0.07812254471354868,0.0031347052671563693,12,7
A,83,13,0.1,0.51725,0,0.7524531499133068,0.6754409264970382,0.07701222341626858,0.00444000452212539,7,5
A,83,13,0.5,0.55775,0,0.771112852054563,0.7093200513339188,0.06179280072064411,0.0035800618792104213,7,5
A,83,13,0.9,0.59075,0,0.7998354868142163,0.7491011053129378,0.05073438150127842,0.003316440019824182,7,5
A,83,13,0.99,0.58325,0,0.8073948466085931,0.7592871072534771,0.04810773935511582,0.0033680894318422762,7,5
A,83,13,0.999,0.58225,0,0.8081674415620471,0.7603224699112475,0.04784497165079973,0.0033757830283793564,7,5
A,84,16,0.1,0.51375,0,0.7498397722957908,0.6660566463702083,0.08378312592558243,0.004404866785668215,10,4
A,84,16,0.5,0.56875,0,0.756078701787239,0.6623869499564866,0.09369175183075232,0.003489115200156981,10,4
A,84,16,0.9,0.68575,0,0.8013572570351746,0.6889526924767672,0.11240456455840743,0.003303619500477335,10,4
A,84,16,0.99,0.70925,0,0.8177764210126186,0.6979419998257747,0.11983442118684386,0.0034344277639253113,10,4
A,84,16,0.999,0.70925,0,0.819531069036714,0.698894486577939,0.1206365824587751,0.0034517431262921228,10,4
A,85,19,0.1,0.50575,0,0.7454587818342027,0.6783624863669645,0.06709629546723823,0.004582107798149937,12,5
A,85,19,0.5,0.5295,0,0.759354867861212,0.7116336137525503,0.04772125410866178,0.003872460116022496,12,5
A,85,19,0.9,0.5435,0,0.7868219633151716,0.7483269078430644,0.03849505547210718,0.003590517899807073,12,5
A,85,19,0.99,0.54625,0,0.7975343557913619,0.7572756226101571,0.040258733181204785,0.0036151332327863674,12,5
A,85,19,0.999,0.54725,0,0.7987632483060931,0.7581860051847669,0.04057724312132638,0.003620916901473774,12,5
A,86,16,0.1,0.52025,0,0.7529709317666853,0.6718427643370386,0.08112816742964654,0.004576801998891163,8,6
A,86,16,0.5,0.54225,0,0.7688278975121623,0.712358774665623,0.05646912284653928,0.003744385400337133,8,6
A,86,16,0.9,0.5515,0,0.8146868522367641,0.786502148011944,0.028184704224820067,0.0029550332551998588,8,6
A,86,16,0.99,0.524,0,0.8307566525840715,0.8163271075850566,0.014429544999015035,0.002947093726387976,8,6
A,86,16,0.999,0.52,0,0.8324750363501694,0.8197905215638057,0.012684514786363696,0.0029569467586473015,8,6
A,87,23,0.1,0.49775,0,0.7703894374359119,0.7233648160339051,0.047024621402006875,0.0038172800152338777,11,7
A,87,23,0.5,0.54075,0,0.7043234635928384,0.6467077807926241,0.057615682800214146,0.003057313048090107,11,7
A,87,23,0.9,0.664,0,0.6865308027584918,0.603476045395418,0.08305475736307377,0.0029099067337393365,11,7
A,87,23,0.99,0.6865,0,0.6878960884936901,0.5965792925438613,0.09131679594982875,0.0029574039315691998,11,7
A,87,23,0.999,0.68525,0,0.6881399726988459,0.5959278506144293,0.09221212208441668,0.0029638625429442896,11,7
A,88,17,0.1,0.50925,0,0.79166946129047,0.740684753555491,0.050984707734979075,0.0039679460780135106,12,3
A,88,17,0.5,0.547,0,0.7795903078075558,0.7159028576631526,0.06368745014440301,0.003883765188187735,12,3
A,88,17,0.9,0.62225,0,0.8041220913721335,0.7037080855346365,0.10041400583749714,0.0037979079733080675,12,3
A,88,17,0.99,0.66525,0,0.8221487427127662,0.7017684657349111,0.1203802769778549,0.0037903248241325034,12,3
A,88,17,0.999,0.671,0,0.8244969522091481,0.701585992276836,0.12291095993231198,0.0037924145987658507,12,3
A,89,12,0.1,0.50425,0,0.7410099328137307,0.6681880848960337,0.07282184791769712,0.004537241018969512,6,4
A,89,12,0.5,0.5305,0,0.732346799385731,0.6844287432663004,0.04791805611943058,0.003888262218616437,6,4
A,89,12,0.9,0.5805,0,0.7514881667136686,0.6963320013416449,0.055156165372023634,0.003705371794003869,6,4
A,89,12,0.99,0.59425,0,0.7592735651297434,0.6985114374304983,0.06076212769924504,0.0037302732412622798,6,4
A,89,12,0.999,0.5985,0,0.7601304439853848,0.6987208023249412,0.06140964166044364,0.00373452205671162,6,4
A,90,14,0.1,0.493,0,0.7889147764582012,0.7468266696696125,0.042088106788588646,0.0037599862329535426,7,5
A,90,14,0.5,0.52375,0,0.7670910002251915,0.7304056629804784,0.036685337244712915,0.003339126023635595,7,5
A,90,14,0.9,0.58675,0,0.7706014251034466,0.7178511819572259,0.05275024314622097,0.00334331489058003,7,5
A,90,14,0.99,0.6085,0,0.7759282059146295,0.7156015708457782,0.06032663506885125,0.0034096340829795142,7,5
A,90,14,0.999,0.6105,0,0.7765496056442713,0.7153886945513998,0.06116091109287156,0.0034180163766406404,7,5
A,91,12,0.1,0.5,0,0.744890153978194,0.6711566615234266,0.07373349245476739,0.004565979271468449,5,3
A,91,12,0.5,0.538,0,0.7450294908679314,0.6720770816181263,0.07295240924980513,0.003982851060404342,5,3
A,91,12,0.9,0.57225,0,0.7554136975516088,0.6944834604927773,0.060930237058831556,0.003968569671747935,5,3
A,91,12,0.99,0.57275,0,0.7588094946388865,0.70214943321707,0.056660061421816496,0.0040738992746267196,5,3
A,91,12,0.999,0.57225,0,0.7591656263725851,0.7029598243753369,0.05620580199724824,0.004086630870827563,5,3
A,92,15,0.1,0.50525,0,0.797273529606301,0.7499205595260774,0.047352970080223614,0.0036977719507136175,6,4
A,92,15,0.5,0.532,0,0.7805230247693855,0.7268726733724911,0.053650351396894565,0.003460895707118764,6,4
A,92,15,0.9,0.592,0,0.7699363859623773,0.7117171609650829,0.05821922499729452,0.0035089734434634806,6,4
A,92,15,0.99,0.605,0,0.7679633664346064,0.7089979106388337,0.05896545579577276,0.0035338017302372847,6,4
A,92,15,0.999,0.6075,0,0.7677739558137738,0.7087373200445631,0.059036635769210664,0.0035364605189829946,6,4
A,93,10,0.1,0.52125,0,0.6743845173066161,0.5312860759477827,0.14309844135883337,0.005413635230243307,5,4
A,93,10,0.5,0.57775,0,0.6972244745902855,0.6150229858971871,0.08220148869309847,0.004293677918559462,5,4
A,93,10,0.9,0.56,0,0.7273473363425748,0.6877829535766258,0.03956438276594892,0.0039779051418366886,5,4
A,93,10,0.99,0.547,0,0.7345307826512398,0.7033576295290234,0.031173153122216482,0.004024214646779128,5,4
A,93,10,0.999,0.54475,0,0.7352543304517837,0.7049075324116895,0.030346798040094308,0.004031014224595063,5,4
A,94,14,0.1,0.523,0,0.669672774103296,0.5201675556639854,0.14950521843931044,0.005610792978414791,5,2
A,94,14,0.5,0.58275,0,0.6763576868611997,0.5600743331106919,0.11628335375050781,0.004929479307021724,5,2
A,94,14,0.9,0.62175,0,0.6921730576093602,0.5831782568956271,0.10899480071373302,0.0046325090182649555,5,2
A,94,14,0.99,0.63125,0,0.6956863097719925,0.5870966359295042,0.10858967384248831,0.0045910342903723875,5,2
A,94,14,0.999,0.63225,0,0.6960330341288719,0.5874690681538384,0.10856396597503337,0.004587218550428428,5,2
A,95,13,0.1,0.51175,0,0.6659343372339394,0.5236875847964038,0.14224675243753557,0.005602891522862506,6,2
A,95,13,0.5,0.5755,0,0.676428791105214,0.5629967135762952,0.11343207752891885,0.004872850703983495,6,2
A,95,13,0.9,0.6185,0,0.6895377611453737,0.5857546302383376,0.10378313090703604,0.004590577405063632,6,2
A,95,13,0.99,0.62575,0,0.6921370064203439,0.5896143271596639,0.1025226792606801,0.004557262511421194,6,2
A,95,13,0.999,0.62825,0,0.6923898284006884,0.589981181794511,0.10240864660617745,0.004554334799230316,6,2
A,96,21,0.1,0.5105,0,0.7899262687652872,0.7437861411694581,0.04614012759582914,0.0037267618834422324,11,8
A,96,21,0.5,0.54125,0,0.7748051440021816,0.731685113036647,0.04312003096553467,0.002867423346886526,11,8
A,96,21,0.9,0.6015,0,0.7951356840773535,0.7462461271385634,0.048889556938790095,0.002711588676058923,11,8
A,96,21,0.99,0.61225,0,0.8050599449393694,0.7537188671548531,0.051341077784516215,0.002858571788232751,11,8
A,96,21,0.999,0.6105,0,0.8061515054845422,0.7545346369500533,0.051616868534489,0.0028776188417317873,11,8
A,97,9,0.1,0.50675,0,0.7513154710405077,0.6684633940861547,0.08285207695435298,0.004760535975175573,4,3
A,97,9,0.5,0.55525,0,0.7576486766654169,0.6834075584637491,0.07424111820166783,0.004472198493876648,4,3
A,97,9,0.9,0.5965,0,0.7630865950800092,0.6942315164859372,0.06885507859407212,0.004292579074210105,4,3
A,97,9,0.99,0.59475,0,0.7641408335490717,0.6962572314158031,0.06788360213326851,0.00426266089078006,4,3
A,97,9,0.999,0.594,0,0.7642426173929127,0.6964523536964842,0.06779026369642846,0.004259846122957985,4,3
A,98,12,0.1,0.52575,0,0.7365732372686987,0.6698387958400939,0.06673444142860493,0.004445887201813315,6,5
A,98,12,0.5,0.53175,0,0.7124600654202785,0.6864458227620523,0.026014242658226196,0.0036325192177553904,6,5
A,98,12,0.9,0.51875,0,0.7335187246010361,0.7212621267775201,0.012256597823515998,0.0036040738767151356,6,5
A,98,12,0.99,0.5135,0,0.7414769775660347,0.7305332479308018,0.010943729635233072,0.0037225230514593833,6,5
A,98,12,0.999,0.5135,0,0.7423085704636446,0.7314787934415959,0.010829777022048738,0.00373682851941619,6,5
A,99,10,0.1,0.5065,0,0.7923799138803642,0.7427252395259677,0.049654674354396515,0.003899949198752668,5,3
A,99,10,0.5,0.537,0,0.7779262009232072,0.7155277233329932,0.062398477590213955,0.003889090455675494,5,3
A,99,10,0.9,0.612,0,0.788078718971372,0.7019882716397164,0.08609044733165555,0.003945665367642594,5,3
A,99,10,0.99,0.63775,0,0.7937650266528271,0.6998333008563222,0.09393172579650486,0.003992071061603861,5,3
A,99,10,0.999,0.6385,0,0.7944072589771015,0.699630883009148,0.09477637596795349,0.003998137465834001,5,3
A,100,13,0.1,0.52125,0,0.6770377118381381,0.4957525869546395,0.18128512488349854,0.005800798097179059,6,1
A,100,13,0.5,0.61325,0,0.7089900385703581,0.4957525869546396,0.2132374516157185,0.005504841379700162,6,1
A,100,13,0.9,0.77,0,0.7956506038717522,0.49575258695463953,0.2998980169171126,0.005072989810756764,6,1
A,100,13,0.99,0.83325,0,0.8336213154945183,0.49575258695463964,0.3378687285398788,0.005052723543613719,6,1
A,100,13,0.999,0.839,0,0.8380718025821495,0.4957525869546396,0.34231921562751,0.005056460672769898,6,1
A,101,11,0.1,0.51025,0,0.7930855795039456,0.7478693784968615,0.04521620100708409,0.0037868229510315448,6,4
A,101,11,0.5,0.52725,0,0.7819555838557157,0.7451885734149039,0.03676701044081181,0.00351554097762484,6,4
A,101,11,0.9,0.536,0,0.7888161299562274,0.758123899757188,0.03069223019903951,0.0036144635034488005,6,4
A,101,11,0.99,0.53475,0,0.7923643539845148,0.7624771174810244,0.02988723650349043,0.0036946583319203813,6,4
A,101,11,0.999,0.5345,0,0.7927538062524745,0.7629398768953575,0.029813929357117,0.0037040485151923143,6,4
A,102,15,0.1,0.50825,0,0.77842589427934,0.7357008211938902,0.04272507308544984,0.0038266718327305566,5,4
A,102,15,0.5,0.52125,0,0.7279867535156884,0.6976078291142549,0.0303789244014336,0.003494099771326114,5,4
A,102,15,0.9,0.54725,0,0.6996259528956511,0.6729959412930697,0.02663001160258147,0.0035611917257799114,5,4
A,102,15,0.99,0.54825,0,0.6948681880078487,0.6686941343580213,0.02617405364982734,0.0035957347383764765,5,4
A,102,15,0.999,0.547,0,0.6944169093722596,0.6682833791880767,0.02613353018418294,0.0035993735620973672,5,4
A,103,12,0.1,0.51925,0,0.7527250678307308,0.6648538357934262,0.08787123203730465,0.004801903207147749,7,2
A,103,12,0.5,0.56,0,0.7592074037540275,0.6648538357934263,0.09435356796060128,0.004547980400930321,7,2
A,103,12,0.9,0.64475,0,0.7972915519751865,0.6648538357934263,0.13243771618176028,0.00434127753926175,7,2
A,103,12,0.99,0.68675,0,0.8153110087515704,0.6648538357934263,0.15045717295814415,0.004367613764972535,7,2
A,103,12,0.999,0.69225,0,0.8174356417264503,0.664853835793426,0.15258180593302414,0.004374370867999128,7,2
A,104,20,0.1,0.50575,0,0.7786253931380227,0.7276047198654099,0.05102067327261278,0.003679395188420629,11,6
A,104,20,0.5,0.54725,0,0.7357095217402799,0.6762850035248105,0.059424518215469506,0.0029770808604259007,11,6
A,104,20,0.9,0.5775,0,0.7636944755380366,0.7187659469073509,0.044928528630685666,0.0030088218816227245,11,6
A,104,20,0.99,0.545,0,0.7789366496930377,0.7433625752314706,0.03557407446156695,0.003305763631311559,11,6
A,104,20,0.999,0.54275,0,0.7806130507819226,0.7460938119555589,0.03451923882636362,0.0033439468914977497,11,6
A,105,19,0.1,0.515,0,0.6591043895889729,0.4961703200924309,0.16293406949654202,0.005478644059326295,9,7
A,105,19,0.5,0.59625,0,0.6692260543525707,0.5459744747238886,0.12325157962868206,0.00398335733983096,9,7
A,105,19,0.9,0.66875,0,0.7500883873391674,0.661694917651664,0.08839346968750346,0.0030091299794406797,9,7
A,105,19,0.99,0.672,0,0.7861974512603872,0.7009138438236685,0.08528360743671867,0.003185968724868686,9,7
A,105,19,0.999,0.67175,0,0.7903556998029535,0.7051655914764667,0.08519010832648678,0.0032196386052415547,9,7
A,106,22,0.1,0.5105,0,0.6671958366540075,0.5189851488806717,0.1482106877733359,0.005522046765112375,10,3
A,106,22,0.5,0.5715,0,0.6849899547657691,0.5768835487089721,0.108106406056797,0.004477512573486955,10,3
A,106,22,0.9,0.6725,0,0.7362302287940974,0.605868542286259,0.13036168650783844,0.003941757613339419,10,3
A,106,22,0.99,0.704,0,0.7543865513501371,0.610268101722402,0.14411844962773507,0.0038927906807803034,10,3
A,106,22,0.999,0.707,0,0.7563755006386178,0.6106774433117564,0.14569805732686142,0.003890332045450003,10,3
A,107,14,0.1,0.5045,0,0.7879341223362757,0.7461594211821175,0.04177470115415815,0.0038790473758841134,7,5
A,107,14,0.5,0.52175,0,0.7796838176524207,0.7457343703004435,0.03394944735197709,0.0034469291634201473,7,5
A,107,14,0.9,0.54825,0,0.8240008271721824,0.7917717894198727,0.032229037752309876,0.0030752453761955273,7,5
A,107,14,0.99,0.56325,0,0.8414199254557571,0.8075533218097739,0.033866603645983075,0.003129783035958905,7,5
A,107,14,0.999,0.562,0,0.8432954531766966,0.8092121309737791,0.03408332220291756,0.003140129618658163,7,5
A,108,20,0.1,0.5025,0,0.7899644099800482,0.7352876712357451,0.054676738744303066,0.00398002931726468,10,7
A,108,20,0.5,0.54475,0,0.7831570769654316,0.7277855915637894,0.05537148540164212,0.003678189141143308,10,7
A,108,20,0.9,0.584,0,0.8090573855371763,0.752541015247216,0.05651637028996034,0.003462639289701496,10,7
A,108,20,0.99,0.59,0,0.8230388691765911,0.7616743805593963,0.06136448861719485,0.0034562946010438735,10,7
A,108,20,0.999,0.591,0,0.824722919183376,0.7626475892859743,0.062075329897401714,0.0034583864631820534,10,7
A,109,11,0.1,0.51775,0,0.6726498215648983,0.4997686680110821,0.1728811535538163,0.005809081028325809,5,1
A,109,11,0.5,0.6,0,0.7040825524924765,0.49976866801108216,0.2043138844813944,0.005498437019700785,5,1
A,109,11,0.9,0.7225,0,0.7469735025274917,0.4997686680110821,0.24720483451640973,0.005329836221613163,5,1
A,109,11,0.99,0.75775,0,0.7583369635376033,0.49976866801108216,0.2585682955265213,0.005330878921871435,5,1
A,109,11,0.999,0.7625,0,0.7595080382443178,0.49976866801108205,0.2597393702332357,0.005332104105099897,5,1
A,110,8,0.1,0.507,0,0.7914036830016571,0.7396088349305018,0.051794848071155274,0.003990748114686649,4,3
A,110,8,0.5,0.536,0,0.7695698160266529,0.7061796725741116,0.06339014345254142,0.004157559313891618,4,3
A,110,8,0.9,0.586,0,0.7583953056778739,0.6864053262914155,0.07198997938645843,0.004418060069285737,4,3
A,110,8,0.99,0.59875,0,0.7566531238881862,0.6831307871011384,0.07352233678704768,0.004470812726928887,4,3
A,110,8,0.999,0.60025,0,0.7564887286247209,0.6828217379830616,0.07366699064165931,0.004475922463847213,4,3
A,111,19,0.1,0.501,0,0.7949520074641782,0.7559360777858183,0.039015929678359935,0.003890920482361963,11,5
A,111,19,0.5,0.5105,0,0.7992214470892922,0.7722820308702912,0.026939416219000967,0.0034951969565095078,11,5
A,111,19,0.9,0.53025,0,0.8289437953992894,0.799398891247866,0.029544904151423468,0.0030685090498985437,11,5
A,111,19,0.99,0.56675,0,0.8477687075164251,0.8078492629276021,0.039919444588822926,0.003049197822385485,11,5
A,111,19,0.999,0.571,0,0.8502194532556342,0.8087560781118884,0.041463375143745776,0.003055287670898524,11,5
A,112,12,0.1,0.5095,0,0.7503552839766894,0.6645203373495947,0.08583494662709468,0.004807911313366867,6,2
A,112,12,0.5,0.553,0,0.7602536891023483,0.6645203373495948,0.09573335175275346,0.004669600906037014,6,2
A,112,12,0.9,0.64,0,0.7939273557225415,0.6645203373495947,0.1294070183729468,0.004395093239568133,6,2
A,112,12,0.99,0.68475,0,0.8142366912635437,0.6645203373495948,0.14971635391394886,0.004368255523932187,6,2
A,112,12,0.999,0.68925,0,0.8167902551814018,0.6645203373495947,0.1522699178318071,0.004371218215283873,6,2
A,113,13,0.1,0.50575,0,0.6599671317973695,0.5258782964182667,0.13408883537910285,0.005437325464673826,6,5
A,113,13,0.5,0.5425,0,0.6440469166237945,0.5844760299232348,0.0595708867005596,0.003939905689900518,6,5
A,113,13,0.9,0.56375,0,0.646166382229656,0.6115328294215158,0.034633552808140164,0.0033347992815529084,6,5
A,113,13,0.99,0.561,0,0.6472468495532255,0.615313147109517,0.031933702443708356,0.003285218807817943,6,5
A,113,13,0.999,0.5615,0,0.6473584488319082,0.6156601997059774,0.03169824912593058,0.0032814764553808907,6,5
A,114,16,0.1,0.5215,0,0.6789039611740555,0.5230302543009518,0.1558737068731035,0.005509695272684803,8,4
A,114,16,0.5,0.59575,0,0.7208478435708396,0.5939592720979633,0.12688857147287635,0.004306326739766813,8,4
A,114,16,0.9,0.6795,0,0.7600340387218366,0.6394414489789302,0.12059258974290638,0.0037707201707750096,8,4
A,114,16,0.99,0.689,0,0.7687885701864172,0.6472724668597724,0.12151610332664492,0.003726014953006054,8,4
A,114,16,0.999,0.689,0,0.7696633269753947,0.6480166733341993,0.12164665364119526,0.003722935585835232,8,4
A,115,16,0.1,0.49675,0,0.7910429565154008,0.7464719670544899,0.04457098946091085,0.0037714709206502395,8,6
A,115,16,0.5,0.52225,0,0.7668762235637167,0.7292917822649146,0.03758444129880201,0.003095293053657323,8,6
A,115,16,0.9,0.563,0,0.7549419087023337,0.7192039641933684,0.03573794450896527,0.0030181766394406454,8,6
A,115,16,0.99,0.57025,0,0.7536791364314088,0.7179115342022928,0.035767602229116034,0.0030539999590033485,8,6
A,115,16,0.999,0.571,0,0.753576808564565,0.7177993199537358,0.03577748861082919,0.003058380616561065,8,6
A,116,20,0.1,0.5125,0,0.7874934762121709,0.7447247096640206,0.04276876654815035,0.003902129992917518,12,6
A,116,20,0.5,0.52175,0,0.7785012064354989,0.7465608767638052,0.03194032967169377,0.003408446432314299,12,6
A,116,20,0.9,0.5635,0,0.8058882089734359,0.7641887984668271,0.04169941050660884,0.0031863308553744477,12,6
A,116,20,0.99,0.58775,0,0.8221162870648417,0.7702961174771831,0.05182016958765884,0.0032710464945717435,12,6
A,116,20,0.999,0.5925,0,0.8240643690084289,0.7709523371344253,0.053112031874003575,0.003285644591118387,12,6
A,117,16,0.1,0.513,0,0.675162496332732,0.5250955552404958,0.1500669410922362,0.005504763038229007,10,3
A,117,16,0.5,0.5755,0,0.7007031986969855,0.5886224578797655,0.11208074081722011,0.004433184799578987,10,3
A,117,16,0.9,0.61425,0,0.7113892123841399,0.6259027788212037,0.08548643356293618,0.00400990935295956,10,3
A,117,16,0.99,0.61,0,0.7119380089934132,0.6321516592413038,0.07978634975210948,0.003979431848899894,10,3
A,117,16,0.999,0.6105,0,0.7119644554451274,0.632744139769254,0.07922031567587337,0.003977410798165392,10,3
A,118,15,0.1,0.508,0,0.7476926129033434,0.6540008157200096,0.0936917971833338,0.0045675374184772615,7,4
A,118,15,0.5,0.56825,0,0.7455471182689846,0.6389286483598055,0.10661846990917906,0.0039529344937045555,7,4
A,118,15,0.9,0.682,0,0.7761059947907559,0.6455126070958163,0.1305933876949396,0.0037893237657114958,7,4
A,118,15,0.99,0.70725,0,0.7866053815335761,0.6497822226159528,0.1368231589176234,0.003855953570898626,7,4
A,118,15,0.999,0.70925,0,0.7877129075180421,0.650259821444242,0.1374530860738002,0.0038653715442912625,7,4
A,119,15,0.1,0.5155,0,0.748031988954526,0.6584040912213713,0.08962789773315469,0.0045866345183662675,8,3
A,119,15,0.5,0.58175,0,0.757366166123337,0.6446755867566641,0.11269057936667286,0.004112030619637507,8,3
A,119,15,0.9,0.69375,0,0.7858179947645678,0.6414741281904914,0.14434386657407636,0.003904676607538775,8,3
A,119,15,0.99,0.72025,0,0.7963357447597843,0.6412421742659801,0.15509357049380418,0.0039031036028832717,8,3
A,119,15,0.999,0.722,0,0.7974678940124628,0.6412242414762013,0.15624365253626157,0.0039044115805855453,8,3
A,120,17,0.1,0.5175,0,0.6623077416504833,0.5011208836058676,0.16118685804461563,0.005360992709072266,10,4
A,120,17,0.5,0.625,0,0.6723927626340649,0.5192878954373995,0.1531048671966654,0.0039095110345812156,10,4
A,120,17,0.9,0.70025,0,0.7231139207028637,0.5836401291957882,0.1394737915070756,0.003705600831703721,10,4
A,120,17,0.99,0.69325,0,0.7411709291784725,0.6056215276214632,0.13554940155700934,0.004000897840163375,10,4
A,120,17,0.999,0.692,0,0.7431224204622708,0.6079719442748642,0.13515047618740653,0.004038657986178847,10,4
A,121,17,0.1,0.51925,0,0.8007347314101654,0.7569982856658084,0.04373644574435693,0.003834631724752778,8,5
A,121,17,0.5,0.53375,0,0.8100348746609447,0.7818578188523432,0.02817705580860152,0.0032781693976833277,8,5
A,121,17,0.9,0.53975,0,0.8440293539374006,0.8215040851762659,0.02252526876113471,0.002875322651074116,8,5
A,121,17,0.99,0.54225,0,0.8554537498081259,0.8332287513332706,0.022224998474855397,0.0028907849306338907,8,5
A,121,17,0.999,0.54325,0,0.8566769204177925,0.8344649153463667,0.02221200507142592,0.0028960960236287503,8,5
A,122,16,0.1,0.494,0,0.790747296682936,0.7463133160266294,0.044433980656306576,0.003911658722448475,10,4
A,122,16,0.5,0.503,0,0.7787019131378579,0.7455749454631562,0.033126967674701746,0.003532664094753728,10,4
A,122,16,0.9,0.54225,0,0.8036365209682674,0.764254499772717,0.0393820211955504,0.0033342890391706067,10,4
A,122,16,0.99,0.57575,0,0.8190259562629895,0.7713046151736674,0.04772134108932203,0.0034125137917257156,10,4
A,122,16,0.999,0.578,0,0.8208604671956001,0.7720655058478277,0.0487949613477724,0.0034259267270401253,10,4
A,123,15,0.1,0.51525,0,0.7475580106586556,0.6668991805810586,0.08065883007759692,0.004676793612931505,10,3
A,123,15,0.5,0.54775,0,0.7671448743547896,0.6945923555489617,0.07255251880582798,0.0040148722278812166,10,3
A,123,15,0.9,0.5975,0,0.8136272862825126,0.7367274479538017,0.07689983832871082,0.0036094935978168083,10,3
A,123,15,0.99,0.60325,0,0.8295137381275248,0.7479788191323042,0.08153491899522061,0.0036430712516190094,10,3
A,123,15,0.999,0.6055,0,0.8312388863182303,0.7491376127685354,0.08210127354969483,0.0036506851982376688,10,3
A,124,20,0.1,0.50575,0,0.7445347290894042,0.6674506186513957,0.07708411043800871,0.004438648535887084,11,8
A,124,20,0.5,0.5575,0,0.7556863047590896,0.6825371097881727,0.07314919497091675,0.0032491230792091883,11,8
A,124,20,0.9,0.65375,0,0.7920860730901441,0.7169167791062957,0.07516929398384835,0.0027560358620314232,11,8
A,124,20,0.99,0.66975,0,0.8047112177186958,0.7277274134157551,0.0769838043029408,0.0028322739008253424,11,8
A,124,20,0.999,0.66975,0,0.8060554053852063,0.7288675151646226,0.07718789022058377,0.0028444617674067206,11,8
A,125,16,0.1,0.496,0,0.7404174046156927,0.6488122276988615,0.09160517691683132,0.0044727325106120085,8,7
A,125,16,0.5,0.562,0,0.7256939662386859,0.6323070957031501,0.09338687053553571,0.0033958400233072305,8,7
A,125,16,0.9,0.641,0,0.7478740167617195,0.6697066952226274,0.0781673215390922,0.003083781662594379,8,7
A,125,16,0.99,0.633,0,0.7624346512026594,0.6889822521577148,0.07345239904494463,0.003340417868506512,8,7
A,125,16,0.999,0.63375,0,0.7641139997359557,0.6911421483798974,0.07297185135605827,0.0033773560889474715,8,7
A,126,18,0.1,0.515,0,0.6723613215001494,0.501392979349775,0.17096834215037443,0.005477102751370126,7,6
A,126,18,0.5,0.63325,0,0.684017215520346,0.5124767875280326,0.17154042799231337,0.003930820914815862,7,6
A,126,18,0.9,0.713,0,0.7141002650271334,0.5836931141219609,0.1304071509051726,0.003639574779277352,7,6
A,126,18,0.99,0.66575,0,0.7233218076522996,0.6143170758625409,0.10900473178975881,0.0039824769452475265,7,6
A,126,18,0.999,0.66225,0,0.7242815438129127,0.6177388711194721,0.10654267269344049,0.004028292224324231,7,6
A,127,12,0.1,0.513,0,0.7977398207453953,0.7472221034222601,0.050517717323135085,0.003920874379636723,6,5
A,127,12,0.5,0.53925,0,0.8003667875233066,0.7548079346802783,0.04555885284302822,0.003486911497790805,6,5
A,127,12,0.9,0.5665,0,0.8158925177753181,0.7767982640507846,0.039094253724533366,0.0032593463786479955,6,5
A,127,12,0.99,0.56975,0,0.8221590920484037,0.7845599714670872,0.037599120581316314,0.003292275477332056,6,5
A,127,12,0.999,0.56925,0,0.8228531645075402,0.7853957375874695,0.037457426920070744,0.003298508718645487,6,5
A,128,15,0.1,0.5085,0,0.7900519060824953,0.7450098461179951,0.04504205996450017,0.0038458092641851407,9,4
A,128,15,0.5,0.51875,0,0.775626037541693,0.7467800510035789,0.028845986538114037,0.003514119775624218,9,4
A,128,15,0.9,0.55,0,0.7990749493732424,0.760629538438086,0.038445410935156424,0.0033629750939652026,9,4
A,128,15,0.99,0.58275,0,0.8165108127865144,0.7649104911751288,0.051600321611385586,0.003409255710317406,9,4
A,128,15,0.999,0.5865,0,0.8186943476757514,0.7653594492078943,0.053334898467857265,0.0034201476749097593,9,4
A,129,9,0.1,0.51675,0,0.745003053137282,0.6593103444825199,0.08569270865476204,0.004633222821003418,5,3
A,129,9,0.5,0.56075,0,0.7436891064778883,0.659947655674597,0.08374145080329129,0.00397990678370478,5,3
A,129,9,0.9,0.606,0,0.7699336266652903,0.6833998499957475,0.0865337766695427,0.003945672928777927,5,3
A,129,9,0.99,0.6225,0,0.7797788244579562,0.6913619043331856,0.08841692012477091,0.00408538516370412,5,3
A,129,9,0.999,0.62375,0,0.7808378996973155,0.6922120048174467,0.08862589487986873,0.004102606807199301,5,3
A,130,17,0.1,0.4965,0,0.7477984564317885,0.67523202613467,0.07256643029711847,0.004472902705067358,9,4
A,130,17,0.5,0.532,0,0.7430966254625622,0.6845755902150251,0.058521035247537156,0.0037324725634904376,9,4
A,130,17,0.9,0.584,0,0.741742909119134,0.6826526787821038,0.059090230337030335,0.003570409284758079,9,4
A,130,17,0.99,0.59175,0,0.7419430551481401,0.6817580557216085,0.06018499942653158,0.0035732335285920307,9,4
A,130,17,0.999,0.5925,0,0.7419732945357257,0.681665811211021,0.06030748332470459,0.003573925517323968,9,4
A,131,15,0.1,0.498,0,0.7916013441160284,0.7444982734557405,0.04710307066028806,0.003937075830827002,9,3
A,131,15,0.5,0.52575,0,0.7744262902001973,0.7242449102169832,0.05018137998321406,0.0038442155344258436,9,3
A,131,15,0.9,0.5575,0,0.7668582857144054,0.7125192788682289,0.05433900684617647,0.003879334992002712,9,3
A,131,15,0.99,0.56575,0,0.7660478781725337,0.7105306353605884,0.05551724281194537,0.003891989723005904,9,3
A,131,15,0.999,0.567,0,0.7659800685595753,0.7103416197195448,0.055638448840030406,0.003893299458079749,9,3
A,132,22,0.1,0.51225,0,0.737849309655924,0.6634238161632354,0.07442549349268864,0.004384245040507089,10,8
A,132,22,0.5,0.5375,0,0.7254816330534775,0.6819993307404794,0.04348230231299816,0.003197526650366044,10,8
A,132,22,0.9,0.55325,0,0.766771082494766,0.737413777969951,0.029357304524815064,0.002985689020324961,10,8
A,132,22,0.99,0.54625,0,0.7827745151008987,0.7549099549600208,0.027864560140877907,0.0031559825752066092,10,8
A,132,22,0.999,0.54725,0,0.7844689921699237,0.7567289923517875,0.027739999818136272,0.0031777033075866047,10,8
A,133,16,0.1,0.49825,0,0.7923492287057097,0.7472511883644798,0.045098040341229856,0.0038215392440687315,8,7
A,133,16,0.5,0.5105,0,0.7792258891550706,0.7529285750488001,0.02629731410627051,0.003144500488116084,8,7
A,133,16,0.9,0.5095,0,0.7937802864954652,0.7819616112289945,0.011818675266470431,0.0030301009315506847,8,7
A,133,16,0.99,0.51225,0,0.8016132772646422,0.7919558436848574,0.009657433579784653,0.00315457575281748,8,7
A,133,16,0.999,0.5095,0,0.8024755520603488,0.7930364376100836,0.009439114450265311,0.0031708753467434257,8,7
A,134,16,0.1,0.5085,0,0.782148845062893,0.7300893779439248,0.0520594671189682,0.003773409781922428,8,5
A,134,16,0.5,0.55075,0,0.7485919773468434,0.6904890881994986,0.0581028891473447,0.003166174056051003,8,5
A,134,16,0.9,0.643,0,0.7503186641523414,0.6662210259482001,0.0840976382041412,0.0031726623638437014,8,5
A,134,16,0.99,0.6735,0,0.7560196003547912,0.6621459672910581,0.09387363306373314,0.0032667207027516614,8,5
A,134,16,0.999,0.675,0,0.7566665850885336,0.6617594847751334,0.09490710031340022,0.00327808176570416,8,5
A,135,21,0.1,0.522,0,0.6709327476271606,0.5224966373806726,0.1484361102464879,0.005381841692166622,10,7
A,135,21,0.5,0.576,0,0.6987502574016492,0.614782190607151,0.08396806679449821,0.003588970239785584,10,7
A,135,21,0.9,0.55875,0,0.771744091222429,0.7408957167237008,0.030848374498728123,0.0028612960464844506,10,7
A,135,21,0.99,0.52725,0,0.7981453405185585,0.7795149598022428,0.018630380716315568,0.0031129122731704943,10,7
A,135,21,0.999,0.5255,0,0.800998550122991,0.7836183986703211,0.01738015145266985,0.00314929506251057,10,7
A,136,13,0.1,0.5045,0,0.793073339002936,0.7228717447748473,0.07020159422808882,0.0038725624951464776,8,4
A,136,13,0.5,0.574,0,0.7837324418291962,0.6818629779536091,0.10186946387558726,0.003554659661333224,8,4
A,136,13,0.9,0.7295,0,0.8142902361907646,0.6691882147204112,0.1451020214703534,0.0034925217701681217,8,4
A,136,13,0.99,0.75975,0,0.8265938545794443,0.6681266743741591,0.15846718020528536,0.0035305123980267097,8,4
A,136,13,0.999,0.76375,0,0.8279221916876729,0.6680451843161356,0.15987700737153737,0.0035360400578519353,8,4
A,137,8,0.1,0.528,0,0.6798871850660166,0.49524145043059375,0.18464573463542291,0.005775872622807991,4,2
A,137,8,0.5,0.6525,0,0.7035965378551048,0.49524145043059375,0.20835508742451106,0.005534947473349913,4,2
A,137,8,0.9,0.73075,0,0.7211427264124897,0.49524145043059364,0.22590127598189594,0.005398333712700825,4,2
A,137,8,0.99,0.73525,0,0.7243661234903335,0.49524145043059375,0.2291246730597398,0.005377418872996413,4,2
A,137,8,0.999,0.73475,0,0.7246776347296368,0.49524145043059364,0.22943618429904308,0.00537549861861897,4,2
A,138,16,0.1,0.50775,0,0.79922386134142,0.7593598792947502,0.03986398204666972,0.0038638726807702735,6,5
A,138,16,0.5,0.5145,0,0.7961294005181794,0.7786368708763846,0.01749252964179477,0.0034901251753957398,6,5
A,138,16,0.9,0.49575,0,0.8083098941977921,0.805708907269201,0.002600986928591226,0.0032824054094652594,6,5
A,138,16,0.99,0.504,0,0.8124853799907948,0.8130147946540753,-0.0005294146632804598,0.0032885970643104258,6,5
A,138,16,0.999,0.50325,0,0.8129279509535027,0.8137705199581136,-0.0008425690046108766,0.0032906102918230677,6,5
A,139,10,0.1,0.5225,0,0.6817287735246574,0.5237192039407329,0.1580095695839245,0.005540658923394246,4,3
A,139,10,0.5,0.58525,0,0.7177926962807546,0.6050099411020007,0.11278275517875394,0.004547837134799435,4,3
A,139,10,0.9,0.608,0,0.7584222646018954,0.6773214504115579,0.08110081419033748,0.004201464558432232,4,3
A,139,10,0.99,0.6055,0,0.7689703704409863,0.693028897394375,0.07594147304661118,0.0042440993299765785,4,3
A,139,10,0.999,0.60475,0,0.7700550480425027,0.6945928087875416,0.07546223925496102,0.004250969550580818,4,3
A,140,13,0.1,0.51925,0,0.7492986859259563,0.6679596610792073,0.08133902484674914,0.004710174377878634,5,3
A,140,13,0.5,0.553,0,0.7522695955727342,0.6815526209356854,0.07071697463704904,0.004313831839641029,5,3
A,140,13,0.9,0.59125,0,0.7655552173587848,0.6916897874738772,0.07386542988490757,0.0042077154249058005,5,3
A,140,13,0.99,0.59975,0,0.7695752420121219,0.6936178140513681,0.07595742796075376,0.004224120418498035,5,3
A,140,13,0.999,0.60325,0,0.7699944167668747,0.6938059449857273,0.07618847178114731,0.004226603052820398,5,3
A,141,8,0.1,0.51,0,0.8007094943783563,0.7497403604301247,0.0509691339482315,0.004037757680395153,4,3
A,141,8,0.5,0.52825,0,0.8007094943783564,0.7497403604301248,0.050969133948231486,0.004037757680395153,4,3
A,141,8,0.9,0.56625,0,0.8007094943783563,0.7497403604301247,0.05096913394823148,0.004037757680395153,4,3
A,141,8,0.99,0.56975,0,0.8007094943783564,0.7497403604301248,0.050969133948231486,0.004037757680395153,4,3
A,141,8,0.999,0.5715,0,0.8007094943783561,0.7497403604301246,0.050969133948231486,0.004037757680395152,4,3
A,142,25,0.1,0.50925,0,0.6765255030403282,0.5192237039669244,0.15730179907340372,0.005642509725103981,6,3
A,142,25,0.5,0.5835,0,0.7105818260462882,0.5902602955525267,0.12032153049376151,0.0047061136122858805,6,3
A,142,25,0.9,0.6205,0,0.7529291362578838,0.6620927887049866,0.09083634755289718,0.004323454825884813,6,3
A,142,25,0.99,0.61525,0,0.7640262292947201,0.6780841000855551,0.08594212920916511,0.004352461343630764,6,3
A,142,25,0.999,0.61,0,0.7651631198514677,0.6796796733169008,0.0854834465345669,0.0043580124190438435,6,3
A,143,18,0.1,0.51425,0,0.7957724847110663,0.7387287771660557,0.05704370754501058,0.0037242136649846187,10,7
A,143,18,0.5,0.5605,0,0.787770011331311,0.7228720971560942,0.06489791417521672,0.0030331839055675923,10,7
A,143,18,0.9,0.6115,0,0.8024266254870086,0.7444850660718407,0.05794155941516792,0.0028538351471391935,10,7
A,143,18,0.99,0.60975,0,0.8081178777219725,0.7525198116472888,0.05559806607468369,0.0029340954719215395,10,7
A,143,18,0.999,0.6095,0,0.8087276298032545,0.7533699193563329,0.055357710446921685,0.0029451125740728576,10,7
A,144,17,0.1,0.5035,0,0.7950984831062241,0.7474839192714433,0.04761456383478083,0.0038570067572883462,9,6
A,144,17,0.5,0.51925,0,0.7927716129135722,0.7576477532246713,0.035123859688901006,0.0033781985091734476,9,6
A,144,17,0.9,0.556,0,0.8128292171283419,0.7729721020213722,0.03985711510696957,0.0030218303412397453,9,6
A,144,17,0.99,0.59225,0,0.8254636921458635,0.7768997026609872,0.04856398948487637,0.0030058013799464816,9,6
A,144,17,0.999,0.596,0,0.8270421787161483,0.777300173228525,0.04974200548762329,0.0030082550881788315,9,6
A,145,22,0.1,0.51875,0,0.7423420181429379,0.6789839599119839,0.06335805823095388,0.004384286668866382,13,7
A,145,22,0.5,0.54525,0,0.7404529966428347,0.7053724429031673,0.03508055373966736,0.0031825759591569583,13,7
A,145,22,0.9,0.5365,0,0.7628622617459041,0.7396263781890716,0.023235883556832367,0.0028776929893158925,13,7
A,145,22,0.99,0.53825,0,0.7707186045995671,0.748692522509778,0.02202608208978917,0.002963303644090968,13,7
A,145,22,0.999,0.53775,0,0.7715491705807217,0.7496197321281358,0.021929438452585867,0.002975137052146733,13,7
A,146,20,0.1,0.5225,0,0.6808355584822319,0.511121278061444,0.1697142804207878,0.005520736684027799,11,6
A,146,20,0.5,0.6035,0,0.7185482625939116,0.5888240315164962,0.12972423107741538,0.004258068664693026,11,6
A,146,20,0.9,0.65625,0,0.7759920450641035,0.6874193563867529,0.08857268867735064,0.00319281727635478,11,6
A,146,20,0.99,0.667,0,0.8025144899247637,0.7139793666570221,0.08853512326774156,0.0031405367957304843,11,6
A,146,20,0.999,0.66825,0,0.8057026398516361,0.7167391364812054,0.08896350337043082,0.003148079201610557,11,6
A,147,16,0.1,0.505,0,0.7521768591736558,0.6700801450751979,0.08209671409845802,0.0044503220752004765,7,6
A,147,16,0.5,0.55325,0,0.7682946263183829,0.7043788393726355,0.06391578694574758,0.0033719940574357394,7,6
A,147,16,0.9,0.58725,0,0.7856598699112597,0.737403705382761,0.04825616452849863,0.003107709973565127,7,6
A,147,16,0.99,0.58975,0,0.7896619823995866,0.7447665107905738,0.04489547160901269,0.0031516294132159462,7,6
A,147,16,0.999,0.59075,0,0.790063868269547,0.7455025924064167,0.044561275863130204,0.0031578866681121957,7,6
A,148,18,0.1,0.533,0,0.6636053431742418,0.49877498384262264,0.16483035933161916,0.005436883661260993,8,2
A,148,18,0.5,0.63825,0,0.6910642274262844,0.4979848218783079,0.19307940554797642,0.004379573530038892,8,2
A,148,18,0.9,0.85,0,0.7734921366652501,0.4975273596884415,0.27596477697680855,0.0038183575831046796,8,2
A,148,18,0.99,0.8935,0,0.8042930354800576,0.4974497750205619,0.30684326045949567,0.0038189671507239363,8,2
A,148,18,0.999,0.89725,0,0.8076925729930836,0.4974424007900054,0.31025017220307816,0.0038238911760197477,8,2
A,149,14,0.1,0.4995,0,0.7369282280186139,0.6664605478802558,0.07046768013835819,0.004389747172926926,7,6
A,149,14,0.5,0.52725,0,0.6876156935511385,0.6507875342749444,0.03682815927619413,0.00338038239291572,7,6
A,149,14,0.9,0.55325,0,0.6540654986706527,0.6272920349566778,0.02677346371397477,0.003167023760822383,7,6
A,149,14,0.99,0.55875,0,0.6477356271765622,0.6219167874929633,0.025818839683598858,0.003196758465901148,7,6
A,149,14,0.999,0.55875,0,0.6471247152076118,0.6213868290530539,0.025737886154557948,0.003200773462543,7,6
A,150,16,0.1,0.504,0,0.7433482037527278,0.6759134776834714,0.06743472606925632,0.004711152012311219,4,3
A,150,16,0.5,0.5255,0,0.739685721637281,0.7021213268609322,0.03756439477634875,0.004243877847479059,4,3
A,150,16,0.9,0.5225,0,0.7628005267482669,0.7417374284057564,0.02106309834251067,0.004001580982878444,4,3
A,150,16,0.99,0.5215,0,0.7711902365849145,0.7526033341926741,0.018586902392240475,0.00405199256232629,4,3
A,150,16,0.999,0.522,0,0.7720949782436883,0.7537242237499487,0.018370754493739667,0.004059678030112195,4,3
A,151,13,0.1,0.49725,0,0.7422220940759696,0.669801151632011,0.07242094244395872,0.0046211325692789885,7,4
A,151,13,0.5,0.52925,0,0.7491652724104458,0.6854060913653426,0.0637591810451031,0.0037980846543528707,7,4
A,151,13,0.9,0.617,0,0.8048285196457735,0.719140944987305,0.08568757465846863,0.0034518666584308936,7,4
A,151,13,0.99,0.642,0,0.824033440181962,0.7286297028455435,0.09540373733641863,0.0035440612975200726,7,4
A,151,13,0.999,0.64275,0,0.8260884333398049,0.7296081752942728,0.0964802580455321,0.0035575020765318526,7,4
A,152,20,0.1,0.5015,0,0.6711177111765368,0.5360445244125758,0.13507318676396118,0.005268517210316888,11,8
A,152,20,0.5,0.56125,0,0.7006317505274856,0.6183522337819451,0.08227951674554038,0.0034138775030967813,11,8
A,152,20,0.9,0.61775,0,0.7553339940247865,0.6911839098897472,0.06415008413503946,0.0028548568315805776,11,8
A,152,20,0.99,0.63225,0,0.771964289543762,0.7066859567344213,0.06527833280934076,0.003023336521118336,11,8
A,152,20,0.999,0.632,0,0.773723603472484,0.7082204206537637,0.06550318281872038,0.0030463063404184763,11,8
A,153,19,0.1,0.4915,0,0.7832141497946603,0.7351659267191137,0.048048223075546674,0.0037966170453011304,10,8
A,153,19,0.5,0.5245,0,0.7659951688095962,0.722543238722579,0.043451930087017115,0.003180544878101472,10,8
A,153,19,0.9,0.54375,0,0.7681168164536667,0.7414393823553216,0.026677434098345092,0.0028968316830863317,10,8
A,153,19,0.99,0.541,0,0.7701201497644901,0.7485140542125372,0.02160609555195265,0.002896762333818391,10,8
A,153,19,0.999,0.54225,0,0.7703444495627186,0.7492642231835142,0.021080226379204488,0.0028984837148927963,10,8
A,154,16,0.1,0.5285,0,0.7454000707068026,0.6651543838195672,0.08024568688723556,0.004497377762569053,8,7
A,154,16,0.5,0.56625,0,0.7537541587975829,0.6871158338852217,0.06663832491236116,0.003687760662360233,8,7
A,154,16,0.9,0.591,0,0.8016000848271123,0.7545142277882351,0.047085857038877195,0.003203085867556061,8,7
A,154,16,0.99,0.58025,0,0.8220285057442875,0.7788692682141171,0.04315923753017042,0.0032924125828658695,8,7
A,154,16,0.999,0.57675,0,0.8243598287576328,0.7815152415810467,0.04284458717658613,0.0033109750658582883,8,7
A,155,14,0.1,0.50725,0,0.8025336635329161,0.7513957022040776,0.05113796132883857,0.0037979193688532004,8,5
A,155,14,0.5,0.5405,0,0.8137370598342261,0.7592691249243537,0.054467934909872374,0.0033344644974383194,8,5
A,155,14,0.9,0.61025,0,0.8385584807750254,0.7758572358355866,0.06270124493943872,0.0031324150199355627,8,5
A,155,14,0.99,0.6225,0,0.84699988833916,0.7805922976791776,0.06640759065998231,0.0031675513352690554,8,5
A,155,14,0.999,0.62575,0,0.8479168226864168,0.7810798127595261,0.06683700992689066,0.00317329444915952,8,5
A,156,13,0.1,0.5005,0,0.7831614347265264,0.7445390407540479,0.038622393972478596,0.0038737231708871945,7,5
A,156,13,0.5,0.50925,0,0.7602732672562149,0.744100262886126,0.01617300437008885,0.0036009113665630126,7,5
A,156,13,0.9,0.5065,0,0.7942691826112109,0.7855077363633425,0.008761446247868523,0.003403932906928409,7,5
A,156,13,0.99,0.50625,0,0.8095531898088892,0.8001141424210811,0.009439047387808154,0.0034682104492630146,7,5
A,156,13,0.999,0.5075,0,0.8112175819641732,0.8016768285448391,0.009540753419334134,0.003478556606816483,7,5
A,157,19,0.1,0.49625,0,0.7854644347520328,0.7387252624674004,0.04673917228463233,0.0038096284368928134,11,6
A,157,19,0.5,0.539,0,0.7634934741884256,0.7143351088266144,0.04915836536181103,0.003355748725205585,11,6
A,157,19,0.9,0.62325,0,0.7788261829867542,0.7083168943781519,0.07050928860860237,0.003150059455275733,11,6
A,157,19,0.99,0.65,0,0.790415162014717,0.7079558278356137,0.08245933417910332,0.0031922516654577585,11,6
A,157,19,0.999,0.65275,0,0.7917549800410343,0.7079315954569773,0.08382338458405712,0.0032005123940584182,11,6
A,158,15,0.1,0.49725,0,0.7992698464564151,0.7467769882217551,0.052492858234659934,0.004007519976160616,9,3
A,158,15,0.5,0.5245,0,0.7957544367420658,0.7467769882217553,0.04897744852031049,0.003909528198339368,9,3
A,158,15,0.9,0.55275,0,0.7977541117842134,0.7467769882217551,0.05097712356245827,0.0038637019561272813,9,3
A,158,15,0.99,0.561,0,0.7999340006141972,0.7467769882217553,0.05315701239244189,0.003865115534450844,9,3
A,158,15,0.999,0.5625,0,0.8002011603834092,0.7467769882217551,0.05342417216165399,0.003865655792219936,9,3
A,159,20,0.1,0.49525,0,0.7800792201375497,0.7292598600041796,0.05081936013337005,0.003657036141065861,10,6
A,159,20,0.5,0.54175,0,0.7381517492582305,0.6734087051870772,0.06474304407115329,0.003036020706412025,10,6
A,159,20,0.9,0.6815,0,0.7443846661821936,0.6421688478060892,0.10221581837610444,0.003059858541145146,10,6
A,159,20,0.99,0.71375,0,0.7521545582243627,0.6370712448004808,0.1150833134238819,0.0031747554651055465,10,6
A,159,20,0.999,0.71725,0,0.7530363821827456,0.6365867361750898,0.11644964600765584,0.0031886915697291003,10,6
A,160,23,0.1,0.505,0,0.7973883471146137,0.756400970341929,0.0409873767726847,0.0038419711679790036,14,6
A,160,23,0.5,0.5205,0,0.8035931939706482,0.7800580571066953,0.023535136863952845,0.0033345955159879764,14,6
A,160,23,0.9,0.528,0,0.8401529885355624,0.8223916209926105,0.01776136754295166,0.002711175575839884,14,6
A,160,23,0.99,0.523,0,0.8564905992857501,0.8375126477617407,0.0189779515240094,0.0026807107851790973,14,6
A,160,23,0.999,0.5245,0,0.8583812222389718,0.8391837386713564,0.01919748356761552,0.0026848939553344884,14,6
A,161,23,0.1,0.51525,0,0.7373964104419835,0.6451314912338318,0.0922649192081515,0.004454214083168234,13,7
A,161,23,0.5,0.59175,0,0.7174200628912863,0.6075619069717311,0.10985815591955514,0.0032375243260991085,13,7
A,161,23,0.9,0.66675,0,0.7548001621042203,0.673766005815603,0.08103415628861722,0.002800098801084789,13,7
A,161,23,0.99,0.614,0,0.7701877269970238,0.7095547883335097,0.06063293866351411,0.003096372576974171,13,7
A,161,23,0.999,0.61,0,0.7718556864304534,0.7136089495309064,0.058246736899547,0.00313953702460973,13,7
A,162,14,0.1,0.49675,0,0.7523688497684163,0.6710720509568745,0.08129679881154178,0.004726751162437543,6,3
A,162,14,0.5,0.54875,0,0.7664588003654762,0.6859625928607067,0.08049620750476942,0.004345312428950643,6,3
A,162,14,0.9,0.60175,0,0.786755129708384,0.6970535059098044,0.08970162379857961,0.004016819350959944,6,3
A,162,14,0.99,0.624,0,0.7929181135285635,0.6991114835614815,0.09380662996708197,0.003961058613321846,6,3
A,162,14,0.999,0.62525,0,0.7935714026343889,0.6993102513469251,0.09426115128746367,0.003956033431676668,6,3
A,163,23,0.1,0.514,0,0.7369602966966863,0.6630529971818978,0.07390729951478867,0.004401280789289535,6,5
A,163,23,0.5,0.5345,0,0.710168801532054,0.6637441577458139,0.04642464378624008,0.0033991381557621947,6,5
A,163,23,0.9,0.5355,0,0.7077263719681629,0.6887576196289126,0.01896875233925027,0.003415642413655731,6,5
A,163,23,0.99,0.52175,0,0.7096078170663377,0.6975941144377166,0.012013702628621108,0.003583131236487955,6,5
A,163,23,0.999,0.5205,0,0.7098305862867248,0.6985297913195107,0.011300794967214077,0.003602674598059567,6,5
A,164,14,0.1,0.511,0,0.7513329838763263,0.6803632292670825,0.07096975460924398,0.004509202579116559,10,3
A,164,14,0.5,0.54425,0,0.7649468210831223,0.7003522283728878,0.06459459271023443,0.0039954573941504605,10,3
A,164,14,0.9,0.61475,0,0.7978299979392814,0.7119248068025645,0.08590519113671699,0.0036613678004581767,10,3
A,164,14,0.99,0.64725,0,0.8153027504807614,0.7138874928427735,0.10141525763798777,0.0036480945223875145,10,3
A,164,14,0.999,0.65025,0,0.8174002596753136,0.7140740412908204,0.10332621838449312,0.003652243168657971,10,3
A,165,16,0.1,0.51375,0,0.7454682007414891,0.6737449708286255,0.07172322991286374,0.004700611896687677,5,4
A,165,16,0.5,0.5435,0,0.7397352946392067,0.6905034760978815,0.049231818541325356,0.004327908232947053,5,4
A,165,16,0.9,0.5495,0,0.7380025801540979,0.697597904943117,0.04040467521098097,0.004274033681886463,5,4
A,165,16,0.99,0.549,0,0.7377571118363071,0.6986718973939814,0.039085214442325794,0.004279254010959837,5,4
A,165,16,0.999,0.5485,0,0.7377324717622209,0.6987732882343396,0.038959183527881434,0.004279924666116789,5,4
A,166,12,0.1,0.51425,0,0.796372418266267,0.7528475447306967,0.04352487353557034,0.0039108923680062435,6,4
A,166,12,0.5,0.524,0,0.792182427196049,0.765149509721586,0.027032917474462966,0.0036465538248843256,6,4
A,166,12,0.9,0.51525,0,0.8042956566825608,0.7898901865536518,0.014405470128909055,0.003468256145592058,6,4
A,166,12,0.99,0.511,0,0.8089161554572645,0.7981829833190288,0.010733172138235604,0.0034909665390472993,6,4
A,166,12,0.999,0.50975,0,0.8094130916758365,0.7990685155678161,0.010344576108020465,0.003495371666421043,6,4
A,167,12,0.1,0.5065,0,0.7473925358783342,0.6624093254018747,0.08498321047645958,0.004675587775217604,6,3
A,167,12,0.5,0.55725,0,0.7556388875171189,0.6559779156979066,0.09966097181921231,0.004187720419792543,6,3
A,167,12,0.9,0.65675,0,0.7745859489055167,0.6546130732810354,0.11997287562448147,0.004013230958575663,6,3
A,167,12,0.99,0.6845,0,0.7805584724892907,0.6545647312916834,0.12599374119760748,0.004025546478419812,6,3
A,167,12,0.999,0.68675,0,0.7811931854943635,0.6545629669289111,0.1266302185654523,0.0040281012287153315,6,3
A,168,19,0.1,0.50075,0,0.6553382186709098,0.521271894160197,0.13406632451071276,0.005329989101886509,10,8
A,168,19,0.5,0.55675,0,0.6551484616635298,0.5766773442867209,0.07847111737680887,0.0035114433090151324,10,8
A,168,19,0.9,0.615,0,0.709330258732839,0.6542858239082772,0.05504443482456188,0.0030621439386564766,10,8
A,168,19,0.99,0.60775,0,0.7314578188217276,0.6775518075253898,0.053906011296337764,0.0033648778303502717,10,8
A,168,19,0.999,0.60625,0,0.7338809856924543,0.6800111049709515,0.053869880721502894,0.0034049746609949158,10,8
A,169,8,0.1,0.5055,0,0.7438516981233536,0.6723834780685273,0.07146822005482628,0.004782247513822577,4,3
A,169,8,0.5,0.527,0,0.7373177157883081,0.6988585406176666,0.03845917517064151,0.00431285772200828,4,3
A,169,8,0.9,0.521,0,0.7556356807230309,0.7384515214710385,0.01718415925199234,0.0040966624368221636,4,3
A,169,8,0.99,0.52825,0,0.7630303304245992,0.7492630830669599,0.013767247357639336,0.004143019682804995,4,3
A,169,8,0.999,0.5275,0,0.7638238598760884,0.7503760061866228,0.01344785368946554,0.004150259072539218,4,3
A,170,18,0.1,0.518,0,0.7939564332394519,0.7413962541792566,0.05256017906019503,0.003917768612170433,6,4
A,170,18,0.5,0.535,0,0.7722418147768179,0.7288976489989586,0.04334416577785915,0.0037686394508760174,6,4
A,170,18,0.9,0.56075,0,0.7670662354392566,0.7243979880288947,0.04266824741036201,0.003742475547077421,6,4
A,170,18,0.99,0.565,0,0.7676809356606357,0.7238725710497588,0.04380836461087695,0.0037517031163765333,6,4
A,170,18,0.999,0.56825,0,0.7677786899423423,0.7238270781499393,0.04395161179240296,0.0037529239277760743,6,4
A,171,22,0.1,0.5245,0,0.7286767800556161,0.642989011907156,0.08568776814846019,0.004467807148280553,9,3
A,171,22,0.5,0.574,0,0.6821200678384682,0.5834822513200397,0.09863781651842853,0.0036300089644613408,9,3
A,171,22,0.9,0.715,0,0.692814490399185,0.5518095040320903,0.14100498636709466,0.003501856795322411,9,3
A,171,22,0.99,0.74575,0,0.7064592573095885,0.5468816030648521,0.15957765424473633,0.003653859707854189,9,3
A,171,22,0.999,0.748,0,0.7080647683936131,0.5464215183191788,0.1616432500744342,0.003674867426355606,9,3
A,172,12,0.1,0.51775,0,0.7448575887827044,0.66698073930444,0.0778768494782644,0.004516540682456141,7,4
A,172,12,0.5,0.549,0,0.7485549411476092,0.6882732648552458,0.06028167629236357,0.0036938721703495708,7,4
A,172,12,0.9,0.59325,0,0.7850009038684773,0.7287845106311097,0.0562163932373675,0.003377442640459746,7,4
A,172,12,0.99,0.60875,0,0.8016780147577933,0.739964458027138,0.061713556730655525,0.0034904555206948656,7,4
A,172,12,0.999,0.61,0,0.8035758645904667,0.7411194155429301,0.06245644904753652,0.0035077304991529435,7,4
A,173,16,0.1,0.5205,0,0.6692266207571511,0.5191605796787824,0.1500660410783687,0.005527905962286625,7,6
A,173,16,0.5,0.57125,0,0.6944483428567507,0.6068981964672446,0.0875501463895063,0.00419754012209451,7,6
A,173,16,0.9,0.566,0,0.7274060454760236,0.6860908280074198,0.041315217468603734,0.003454369265211393,7,6
A,173,16,0.99,0.55375,0,0.7352324909004601,0.7035706454250308,0.03166184547542937,0.003393945651225624,7,6
A,173,16,0.999,0.55,0,0.7360216149208343,0.7053152737586906,0.030706341162143783,0.0033903841033253185,7,6
A,174,21,0.1,0.52525,0,0.6637913306991441,0.5082283794895259,0.15556295120961805,0.0053576895175936135,10,4
A,174,21,0.5,0.62075,0,0.6692923028666332,0.5225528326112618,0.14673947025537126,0.0036270876294333065,10,4
A,174,21,0.9,0.8315,0,0.7228259154623503,0.5025501436648886,0.22027577179746172,0.0035489256126777727,10,4
A,174,21,0.99,0.845,0,0.7460062364782813,0.4954345737309055,0.25057166274737586,0.0038378317393649693,10,4
A,174,21,0.999,0.8455,0,0.7485432185147302,0.494683372191693,0.2538598463230371,0.003872756659394129,10,4
A,175,19,0.1,0.51225,0,0.7908338394911905,0.7365655129130539,0.05426832657813651,0.0037532469054550213,8,7
A,175,19,0.5,0.5475,0,0.7753730683634674,0.7185324688302243,0.05684059953324308,0.0030341179411227165,8,7
A,175,19,0.9,0.58825,0,0.7842009871746466,0.7383663236516252,0.04583466352302127,0.002891075769856932,8,7
A,175,19,0.99,0.5855,0,0.7905033536055229,0.747635489827454,0.04286786377806884,0.0030203612141999434,8,7
A,175,19,0.999,0.58675,0,0.7912413747922074,0.7486583360709145,0.04258303872129294,0.0030382800350628333,8,7
A,176,12,0.1,0.51375,0,0.7998051324466633,0.7458150861813096,0.05399004626535364,0.003935086352289217,6,3
A,176,12,0.5,0.52925,0,0.7878879260889795,0.7458150861813096,0.04207283990766991,0.003906910501349335,6,3
A,176,12,0.9,0.5365,0,0.7814440372438031,0.7458150861813096,0.03562895106249357,0.003941740965145733,6,3
A,176,12,0.99,0.5415,0,0.7804584736443632,0.7458150861813096,0.03464338746305356,0.003951857676270174,6,3
A,176,12,0.999,0.5415,0,0.7803661115071527,0.7458150861813095,0.03455102532584332,0.003952886179030608,6,3
A,177,20,0.1,0.51525,0,0.7884620736096547,0.7295355556492513,0.05892651796040331,0.003755606892223668,11,7
A,177,20,0.5,0.5455,0,0.7655145764141478,0.7122034301215006,0.053311146292647334,0.0032279218265794944,11,7
A,177,20,0.9,0.57025,0,0.7865502089517565,0.7457544198280874,0.04079578912366907,0.002938037733763352,11,7
A,177,20,0.99,0.5685,0,0.7974431502054427,0.7609816482357467,0.0364615019696961,0.0030436648760140813,11,7
A,177,20,0.999,0.565,0,0.7986741449544452,0.7626857152290842,0.035988429725361,0.003061582482449064,11,7
A,178,24,0.1,0.52575,0,0.6631591181045153,0.5010394924111266,0.16211962569338884,0.005324508430275689,9,4
A,178,24,0.5,0.63525,0,0.6659276113342177,0.5009259323110175,0.16500167902320026,0.0038232021106378742,9,4
A,178,24,0.9,0.81225,0,0.70327066930629,0.5002569850970688,0.20301368420922114,0.003414212106609592,9,4
A,178,24,0.99,0.8315,0,0.7149159524564368,0.500099967197944,0.2148159852584928,0.0034638471391668572,9,4
A,178,24,0.999,0.83225,0,0.7161254756153741,0.5000844474879956,0.2160410281273784,0.0034713693307482116,9,4
A,179,17,0.1,0.51025,0,0.7937608806411426,0.7284021916485146,0.06535868899262794,0.00390317429618689,9,3
A,179,17,0.5,0.55775,0,0.7664222595220226,0.6814559819770922,0.08496627754493041,0.0037283118594801327,9,3
A,179,17,0.9,0.67,0,0.7827525024358635,0.6566116670472154,0.12614083538864804,0.003726052859700184,9,3
A,179,17,0.99,0.716,0,0.8010126008603995,0.6525944094709483,0.14841819138945142,0.003814980291730143,9,3
A,179,17,0.999,0.71975,0,0.8033575080024847,0.6522164288466341,0.1511410791558506,0.0038305336718477846,9,3
A,180,16,0.1,0.509,0,0.6692594626237743,0.5059990278652552,0.163260434758519,0.005745463709682958,6,1
A,180,16,0.5,0.5945,0,0.695578568602056,0.5059990278652555,0.18957954073680064,0.005465060641952304,6,1
A,180,16,0.9,0.7345,0,0.7666609466387285,0.5059990278652553,0.26066191877347317,0.005100116323688936,6,1
A,180,16,0.99,0.79575,0,0.7975555410998175,0.5059990278652555,0.29155651323456205,0.005120330457229921,6,1
A,180,16,0.999,0.80125,0,0.8010970071761343,0.5059990278652555,0.29509797931087894,0.005128443026986871,6,1
A,181,9,0.1,0.49675,0,0.8005969217147668,0.7482633019384414,0.05233361977632545,0.003957665401192583,5,3
A,181,9,0.5,0.53675,0,0.8121824491945211,0.7482633019384414,0.06391914725607958,0.00383417505306649,5,3
A,181,9,0.9,0.6065,0,0.8266381879946253,0.7482633019384414,0.0783748860561839,0.003781119917972213,5,3
A,181,9,0.99,0.62575,0,0.8302714294245066,0.7482633019384415,0.08200812748606501,0.0037842405419515023,5,3
A,181,9,0.999,0.6285,0,0.8306408445053417,0.7482633019384414,0.0823775425669004,0.0037849063898382556,5,3
A,182,15,0.1,0.49875,0,0.7930133778647446,0.741675291339159,0.0513380865255856,0.0038501304559339813,9,4
A,182,15,0.5,0.53275,0,0.7831226855148589,0.723047293509259,0.060075392005599755,0.0035110797189100745,9,4
A,182,15,0.9,0.584,0,0.7797708961705766,0.7132779131553266,0.06649298301525013,0.0034591121694652824,9,4
A,182,15,0.99,0.6035,0,0.77957458875164,0.7116738424649345,0.06790074628670556,0.0034619694776126574,9,4
A,182,15,0.999,0.60525,0,0.7795650684649271,0.7115215571101602,0.06804351135476693,0.0034623639330376927,9,4
A,183,13,0.1,0.5265,0,0.6643223314458541,0.49418602016174495,0.17013631128410903,0.005764312091047424,9,1
A,183,13,0.5,0.611,0,0.6938758582375105,0.4941860201617451,0.19968983807576535,0.005305750686552307,9,1
A,183,13,0.9,0.76075,0,0.7819610850318229,0.49418602016174507,0.2877750648700778,0.004969449170093784,9,1
A,183,13,0.99,0.82225,0,0.8196806245058464,0.49418602016174523,0.3254946043441014,0.005017560771912934,9,1
A,183,13,0.999,0.82975,0,0.8240322518822284,0.49418602016174507,0.32984623172048333,0.005029305031099296,9,1
A,184,17,0.1,0.52775,0,0.6762558746025683,0.525137673628257,0.1511182009743113,0.0054241831576888845,9,4
A,184,17,0.5,0.594,0,0.7069896397416839,0.5933864084272723,0.1136032313144117,0.0042845288489205035,9,4
A,184,17,0.9,0.673,0,0.7514611364743312,0.63473369953975,0.11672743693458132,0.0037249353089374064,9,4
A,184,17,0.99,0.69075,0,0.7653214300187542,0.6416337927547133,0.12368763726404094,0.0036951653496566602,9,4
A,184,17,0.999,0.693,0,0.7668163783557708,0.6422856497444913,0.12453072861127945,0.0036946272677142547,9,4
A,185,15,0.1,0.50975,0,0.7921632455506317,0.7434491503818662,0.048714095168765445,0.003818908910262522,8,5
A,185,15,0.5,0.536,0,0.7713388436621379,0.7275088629146673,0.043829980747470534,0.003582343970823145,8,5
A,185,15,0.9,0.5845,0,0.7785025686001386,0.7236501095725012,0.05485245902763735,0.003617103349236899,8,5
A,185,15,0.99,0.60225,0,0.7844007606011758,0.7235165534230591,0.0608842071781167,0.0036710435428715022,8,5
A,185,15,0.999,0.604,0,0.7850737739442364,0.72351162870463,0.06156214523960638,0.003677782360122232,8,5
A,186,9,0.1,0.52825,0,0.6753080493302945,0.5236849441303139,0.1516231051999807,0.005578674851303115,4,3
A,186,9,0.5,0.59425,0,0.7005616156454878,0.5875586499454512,0.11300296570003669,0.004793094935406991,4,3
A,186,9,0.9,0.62625,0,0.7196852975897478,0.625042571408585,0.09464272618116266,0.00440237773846368,4,3
A,186,9,0.99,0.62475,0,0.7231604421435704,0.6313279544944697,0.09183248764910087,0.004345724939806618,4,3
A,186,9,0.999,0.62525,0,0.7234965941561251,0.6319233849200857,0.09157320923603941,0.00434049895193225,4,3
A,187,25,0.1,0.52575,0,0.6636306616120418,0.5193024407339178,0.1443282208781239,0.005302878222120372,14,7
A,187,25,0.5,0.59925,0,0.6944403903199203,0.5863086971206265,0.1081316931992938,0.003748041444412156,14,7
A,187,25,0.9,0.633,0,0.7523956554371934,0.6826816085177072,0.0697140469194863,0.0030506923806812246,14,7
A,187,25,0.99,0.61125,0,0.7697477269893757,0.713971442530495,0.0557762844588805,0.0031262476821342926,14,7
A,187,25,0.999,0.60675,0,0.7715683825686852,0.7173966474310138,0.054171735137671345,0.003142307875871612,14,7
A,188,21,0.1,0.505,0,0.657870219225462,0.5075564783772202,0.15031374084824176,0.005317681364419574,6,2
A,188,21,0.5,0.604,0,0.6578400685184667,0.5065437854023807,0.15129628311608592,0.0041732148314211496,6,2
A,188,21,0.9,0.7975,0,0.7341603323247304,0.5059574894695789,0.22820284285515163,0.003774201553046054,6,2
A,188,21,0.99,0.84975,0,0.7678335040010277,0.5058580548578597,0.261975449143168,0.0038936112417881368,6,2
A,188,21,0.999,0.85475,0,0.7715462990495395,0.505848603844247,0.26569769520529246,0.00391227119251064,6,2
A,189,21,0.1,0.5125,0,0.7822639058046366,0.7359577669322245,0.0463061388724121,0.0038167101784443024,8,6
A,189,21,0.5,0.524,0,0.745281205732709,0.716148914680158,0.02913229105255087,0.003325826987108922,8,6
A,189,21,0.9,0.51525,0,0.7298195210904282,0.7175583626300559,0.012261158460372453,0.0033107734019876957,8,6
A,189,21,0.99,0.5085,0,0.7285270319447057,0.7200307638860914,0.008496268058614155,0.0033760946639889186,8,6
A,189,21,0.999,0.50775,0,0.728433913518392,0.7203169685704496,0.00811694494794243,0.0033840681235057287,8,6
A,190,22,0.1,0.51775,0,0.6728773266960475,0.5148616006356603,0.15801572606038713,0.005576275943764419,11,3
A,190,22,0.5,0.59075,0,0.7024574524901659,0.5705509212422577,0.1319065312479082,0.004583333295680331,11,3
A,190,22,0.9,0.721,0,0.7718658467478694,0.6088772989908199,0.16298854775704963,0.003888252090648178,11,3
A,190,22,0.99,0.7635,0,0.8046829120132208,0.6156299440895157,0.18905296792370524,0.003867399690398182,11,3
A,190,22,0.999,0.76875,0,0.8086460680648142,0.6162741389179969,0.1923719291468174,0.0038741977014506426,11,3
A,191,15,0.1,0.51025,0,0.7538656345359568,0.6670475338725764,0.08681810066338036,0.004674073993091948,7,3
A,191,15,0.5,0.55525,0,0.7580948377809971,0.6813596169173813,0.07673522086361578,0.004217733951496406,7,3
A,191,15,0.9,0.605,0,0.7749292007250618,0.6922434727833928,0.08268572794166905,0.0040260815801617415,7,3
A,191,15,0.99,0.617,0,0.7820125751583252,0.6942344281877411,0.08777814697058417,0.004043493430485672,7,3
A,191,15,0.999,0.61775,0,0.7827932586262791,0.6944262919359335,0.08836696669034572,0.00404699045709603,7,3
A,192,22,0.1,0.5165,0,0.745474756909029,0.6581196996742711,0.08735505723475794,0.004471562180361613,12,6
A,192,22,0.5,0.5565,0,0.7336804648328061,0.6632366441703155,0.07044382066249068,0.003614287056935671,12,6
A,192,22,0.9,0.5985,0,0.7457114580144312,0.6915994049283274,0.054112053086103645,0.003305478249472697,12,6
A,192,22,0.99,0.59225,0,0.7509713982480561,0.7010138352033932,0.049957563044662916,0.003312759661783989,12,6
A,192,22,0.999,0.59075,0,0.7515352387201226,0.7020040266947315,0.04953121202539111,0.00331561631998978,12,6
A,193,19,0.1,0.50575,0,0.7865713208298549,0.7291678289925319,0.05740349183732291,0.003670482659543924,11,6
A,193,19,0.5,0.54575,0,0.7499882657508806,0.6889685022570102,0.06101976349387043,0.0030071499475004663,11,6
A,193,19,0.9,0.62475,0,0.7491270847275336,0.6796855123630952,0.06944157236443835,0.0029953856267558466,11,6
A,193,19,0.99,0.6425,0,0.7537057185449635,0.6804345780502238,0.0732711404947398,0.0031019717613572327,11,6
A,193,19,0.999,0.64275,0,0.7542418416097854,0.6805495951873604,0.073692246422425,0.0031152095039639277,11,6
A,194,14,0.1,0.50325,0,0.7927322209282488,0.7359245165082731,0.05680770441997573,0.003846105271665649,8,4
A,194,14,0.5,0.549,0,0.7760488765900924,0.7120213249694437,0.06402755162064863,0.0036696226418013456,8,4
A,194,14,0.9,0.602,0,0.7764847895957532,0.7009417970955774,0.07554299250017578,0.003812796252561673,8,4
A,194,14,0.99,0.617,0,0.7798031096686796,0.6993339025847465,0.08046920708393293,0.0038938272349992465,8,4
A,194,14,0.999,0.61825,0,0.780220925263796,0.6991856159634864,0.08103530930030974,0.0039034976765358726,8,4
A,195,23,0.1,0.5065,0,0.795472868542101,0.7457191188354946,0.0497537497066065,0.003830475093569824,15,7
A,195,23,0.5,0.53325,0,0.7850415390108726,0.7385222461152844,0.046519292895588364,0.0033953545804219698,15,7
A,195,23,0.9,0.56825,0,0.7938645441166788,0.7546756982830409,0.03918884583363804,0.003044475521316528,15,7
A,195,23,0.99,0.5645,0,0.798208490753608,0.7637743640964963,0.03443412665711167,0.0029993999983142223,15,7
A,195,23,0.999,0.56275,0,0.7986955392073553,0.7648552761946917,0.033840263012663574,0.0029976339611825107,15,7
A,196,18,0.1,0.515,0,0.6703987083240492,0.5185806085333691,0.1518180997906801,0.005505407315525515,10,7
A,196,18,0.5,0.58875,0,0.6972133302490993,0.5766999142880959,0.12051341596100343,0.004354313641607502,10,7
A,196,18,0.9,0.60875,0,0.728582989459472,0.6638812759961324,0.0647017134633394,0.003425568859753239,10,7
A,196,18,0.99,0.57375,0,0.7381402793676252,0.6939299943981809,0.044210284969444215,0.0033491369258430792,10,7
A,196,18,0.999,0.56925,0,0.7391590355854885,0.697239842972905,0.041919192612583485,0.00334842528463975,10,7
A,197,13,0.1,0.501,0,0.7460935237859939,0.6753869686442697,0.07070655514172416,0.0046117232954997695,6,4
A,197,13,0.5,0.5205,0,0.742670985167483,0.6947310697180228,0.04793991544946022,0.004148703876241919,6,4
A,197,13,0.9,0.57,0,0.7713522626681689,0.7218832432075492,0.04946901946061978,0.003785548757142253,6,4
A,197,13,0.99,0.58225,0,0.7828386559932035,0.7293233229245165,0.05351533306868687,0.0037695589875571126,6,4
A,197,13,0.999,0.5845,0,0.7840958428125557,0.7300927460111704,0.05400309680138526,0.003770276913798331,6,4
A,198,12,0.1,0.4975,0,0.7852681020661842,0.7340483089291484,0.05121979313703575,0.0038455258125962974,6,5
A,198,12,0.5,0.5335,0,0.7624691818067413,0.7084422657580607,0.05402691604868054,0.0035185323458248744,6,5
A,198,12,0.9,0.56225,0,0.7695192603594199,0.7335169698428928,0.03600229051652703,0.0033679888344002604,6,5
A,198,12,0.99,0.542,0,0.7744312284721842,0.7496974607974383,0.02473376767474592,0.0034861265351235305,6,5
A,198,12,0.999,0.5375,0,0.7749900743594585,0.7515720502037955,0.023418024155663054,0.003504357326926846,6,5
A,199,15,0.1,0.50975,0,0.7959283172328513,0.7416357815296944,0.054292535703156966,0.0038297443097639753,7,5
A,199,15,0.5,0.53425,0,0.7969396748029622,0.7412840499006843,0.05565562490227798,0.0034990933466893344,7,5
A,199,15,0.9,0.57725,0,0.8126313555252209,0.764566175588508,0.048065179936712756,0.0033179626896829087,7,5
A,199,15,0.99,0.58525,0,0.8192223790902835,0.772785107752404,0.046437271337879525,0.0033497905483432697,7,5
A,199,15,0.999,0.5865,0,0.8199654921183539,0.7736847798977167,0.04628071222063715,0.0033556853365970807,7,5
